{
  "type": "FeatureCollection",
  "features": [
    {
      "type": "Feature",
      "properties": {
        "name": "Kali Tiger Reserve, Karnataka, India",
        "source": "OpenStreetMap Nominatim"
      },
      "geometry": {
        "type": "Polygon",
        "coordinates": [
          [
            [
              74.2507124,
              15.2590554
            ],
            [
              74.2526006,
              15.2561572
            ],
            [
              74.2516136,
              15.2543769
            ],
            [
              74.2520856,
              15.2503607
            ],
            [
              74.2551326,
              15.2473796
            ],
            [
              74.2553043,
              15.2444399
            ],
            [
              74.2565918,
              15.2450195
            ],
            [
              74.2603254,
              15.2409618
            ],
            [
              74.2814612,
              15.2362207
            ],
            [
              74.2872548,
              15.2328046
            ],
            [
              74.2920398,
              15.2340261
            ],
            [
              74.2933059,
              15.2322249
            ],
            [
              74.2945289,
              15.2310655
            ],
            [
              74.2963314,
              15.2297197
            ],
            [
              74.2972541,
              15.2281462
            ],
            [
              74.2988205,
              15.2266142
            ],
            [
              74.2997217,
              15.2262207
            ],
            [
              74.3001294,
              15.2254547
            ],
            [
              74.3010735,
              15.224937
            ],
            [
              74.301331,
              15.2240674
            ],
            [
              74.300816,
              15.2229701
            ],
            [
              74.3010092,
              15.2226388
            ],
            [
              74.3008804,
              15.2219349
            ],
            [
              74.3009019,
              15.221293
            ],
            [
              74.3003225,
              15.2208789
            ],
            [
              74.3001294,
              15.2189533
            ],
            [
              74.300816,
              15.2186221
            ],
            [
              74.3006444,
              15.2178353
            ],
            [
              74.3018031,
              15.2166965
            ],
            [
              74.3021893,
              15.2170692
            ],
            [
              74.3029403,
              15.2174419
            ],
            [
              74.3036699,
              15.2174004
            ],
            [
              74.3039918,
              15.217152
            ],
            [
              74.3039059,
              15.2163031
            ],
            [
              74.3043566,
              15.216096
            ],
            [
              74.305644,
              15.2156612
            ],
            [
              74.3056655,
              15.214833
            ],
            [
              74.3049574,
              15.2144396
            ],
            [
              74.3047642,
              15.2140255
            ],
            [
              74.3052792,
              15.2134871
            ],
            [
              74.3053221,
              15.2128659
            ],
            [
              74.3061838,
              15.2126527
            ],
            [
              74.3066096,
              15.2128452
            ],
            [
              74.3067598,
              15.2123483
            ],
            [
              74.30588,
              15.2119135
            ],
            [
              74.3059015,
              15.2114787
            ],
            [
              74.307146,
              15.2108782
            ],
            [
              74.3067813,
              15.2099257
            ],
            [
              74.3061161,
              15.2096979
            ],
            [
              74.3063092,
              15.2092838
            ],
            [
              74.3073821,
              15.2091906
            ],
            [
              74.3080687,
              15.2086419
            ],
            [
              74.3096781,
              15.2082692
            ],
            [
              74.3093133,
              15.2078137
            ],
            [
              74.3099355,
              15.206592
            ],
            [
              74.3110599,
              15.2064892
            ],
            [
              74.3106222,
              15.204832
            ],
            [
              74.3096781,
              15.2025128
            ],
            [
              74.3090772,
              15.2009598
            ],
            [
              74.3098712,
              15.1999245
            ],
            [
              74.3093776,
              15.199034
            ],
            [
              74.3096566,
              15.1971704
            ],
            [
              74.3106007,
              15.1968184
            ],
            [
              74.3106007,
              15.1943128
            ],
            [
              74.3116092,
              15.1931946
            ],
            [
              74.3116092,
              15.1925733
            ],
            [
              74.3130469,
              15.1914758
            ],
            [
              74.312768,
              15.1908132
            ],
            [
              74.3145919,
              15.1893636
            ],
            [
              74.3154716,
              15.1893636
            ],
            [
              74.3154073,
              15.188908
            ],
            [
              74.3162226,
              15.187562
            ],
            [
              74.3168878,
              15.1876448
            ],
            [
              74.3171882,
              15.1872721
            ],
            [
              74.3171882,
              15.1864852
            ],
            [
              74.3181629,
              15.1839554
            ],
            [
              74.3169736,
              15.1817843
            ],
            [
              74.3159437,
              15.1806247
            ],
            [
              74.3145704,
              15.1800034
            ],
            [
              74.3150854,
              15.1788851
            ],
            [
              74.3144755,
              15.1778614
            ],
            [
              74.3134117,
              15.1769384
            ],
            [
              74.3043565,
              15.1632699
            ],
            [
              74.3003654,
              15.1592106
            ],
            [
              74.2962026,
              15.152293
            ],
            [
              74.2943573,
              15.1508017
            ],
            [
              74.2916536,
              15.149849
            ],
            [
              74.2897224,
              15.1501804
            ],
            [
              74.2884349,
              15.1497661
            ],
            [
              74.2859888,
              15.1495176
            ],
            [
              74.283328,
              15.1450023
            ],
            [
              74.2833709,
              15.1428482
            ],
            [
              74.2849159,
              15.1392442
            ],
            [
              74.2842772,
              15.1333111
            ],
            [
              74.2834997,
              15.1326988
            ],
            [
              74.2837143,
              15.129136
            ],
            [
              74.2831564,
              15.1262775
            ],
            [
              74.2840576,
              15.11418
            ],
            [
              74.2821908,
              15.1133307
            ],
            [
              74.2819548,
              15.1064116
            ],
            [
              74.2759037,
              15.1052516
            ],
            [
              74.2746806,
              15.1034078
            ],
            [
              74.2744445,
              15.0971927
            ],
            [
              74.2758178,
              15.0960947
            ],
            [
              74.2786502,
              15.0915162
            ],
            [
              74.28056,
              15.0881184
            ],
            [
              74.2815256,
              15.0686841
            ],
            [
              74.2832422,
              15.0669851
            ],
            [
              74.2850875,
              15.0660734
            ],
            [
              74.2877912,
              15.0658662
            ],
            [
              74.2901516,
              15.0648716
            ],
            [
              74.2906665,
              15.054677
            ],
            [
              74.2947006,
              15.0491651
            ],
            [
              74.2967605,
              15.0409592
            ],
            [
              74.2959666,
              15.0405654
            ],
            [
              74.2917394,
              15.0383481
            ],
            [
              74.2868471,
              15.0344107
            ],
            [
              74.2844009,
              15.0327943
            ],
            [
              74.2826414,
              15.0254996
            ],
            [
              74.2837572,
              15.0236344
            ],
            [
              74.2820406,
              15.0208573
            ],
            [
              74.2790314,
              15.0180186
            ],
            [
              74.2735433,
              15.0141425
            ],
            [
              74.2719554,
              15.0113653
            ],
            [
              74.2708397,
              15.0090026
            ],
            [
              74.2686939,
              15.0069092
            ],
            [
              74.2674493,
              15.0034066
            ],
            [
              74.2682218,
              15.0015827
            ],
            [
              74.2617416,
              14.9997173
            ],
            [
              74.25848,
              14.9994271
            ],
            [
              74.253416,
              14.9981835
            ],
            [
              74.2525148,
              14.9941211
            ],
            [
              74.2525577,
              14.9929189
            ],
            [
              74.2559909,
              14.989188
            ],
            [
              74.2583084,
              14.9880272
            ],
            [
              74.2614412,
              14.9827623
            ],
            [
              74.2635011,
              14.9804822
            ],
            [
              74.2642608,
              14.9784624
            ],
            [
              74.2608404,
              14.9766059
            ],
            [
              74.2604756,
              14.9748233
            ],
            [
              74.2588234,
              14.970097
            ],
            [
              74.2552614,
              14.9708226
            ],
            [
              74.2541027,
              14.9685008
            ],
            [
              74.253931,
              14.9653085
            ],
            [
              74.2538237,
              14.9612039
            ],
            [
              74.252665,
              14.9599808
            ],
            [
              74.252385,
              14.9586665
            ],
            [
              74.258843,
              14.956578
            ],
            [
              74.264016,
              14.956107
            ],
            [
              74.265689,
              14.956282
            ],
            [
              74.266289,
              14.954834
            ],
            [
              74.269342,
              14.953344
            ],
            [
              74.270692,
              14.951763
            ],
            [
              74.273031,
              14.949393
            ],
            [
              74.275483,
              14.950605
            ],
            [
              74.279035,
              14.949581
            ],
            [
              74.281638,
              14.948707
            ],
            [
              74.282987,
              14.947478
            ],
            [
              74.285741,
              14.948043
            ],
            [
              74.287905,
              14.947181
            ],
            [
              74.289376,
              14.946234
            ],
            [
              74.290933,
              14.945716
            ],
            [
              74.291626,
              14.944861
            ],
            [
              74.2931,
              14.946265
            ],
            [
              74.293164,
              14.946184
            ],
            [
              74.292622,
              14.944514
            ],
            [
              74.293878,
              14.943486
            ],
            [
              74.295562,
              14.943522
            ],
            [
              74.298806,
              14.942958
            ],
            [
              74.3011,
              14.941882
            ],
            [
              74.303046,
              14.941536
            ],
            [
              74.304947,
              14.941444
            ],
            [
              74.307454,
              14.940968
            ],
            [
              74.308581,
              14.939639
            ],
            [
              74.310451,
              14.937653
            ],
            [
              74.311949,
              14.937389
            ],
            [
              74.3125,
              14.93741
            ],
            [
              74.322103,
              14.930638
            ],
            [
              74.326576,
              14.926868
            ],
            [
              74.330523,
              14.927814
            ],
            [
              74.333874,
              14.92393
            ],
            [
              74.336852,
              14.920754
            ],
            [
              74.339957,
              14.915588
            ],
            [
              74.3443,
              14.911927
            ],
            [
              74.351194,
              14.918906
            ],
            [
              74.353777,
              14.918649
            ],
            [
              74.352665,
              14.909569
            ],
            [
              74.353152,
              14.905298
            ],
            [
              74.3608287,
              14.9108809
            ],
            [
              74.36102,
              14.9107488
            ],
            [
              74.3613167,
              14.9107526
            ],
            [
              74.3615393,
              14.9106922
            ],
            [
              74.3616684,
              14.9107224
            ],
            [
              74.361823,
              14.9108931
            ],
            [
              74.3620051,
              14.9110159
            ],
            [
              74.3622978,
              14.9111706
            ],
            [
              74.3625241,
              14.9112186
            ],
            [
              74.362629,
              14.9112239
            ],
            [
              74.3630266,
              14.9110479
            ],
            [
              74.3633689,
              14.9109625
            ],
            [
              74.3634462,
              14.9108825
            ],
            [
              74.3634738,
              14.9105624
            ],
            [
              74.3635511,
              14.9104823
            ],
            [
              74.3637609,
              14.9104717
            ],
            [
              74.3643295,
              14.9106584
            ],
            [
              74.36444,
              14.9106371
            ],
            [
              74.3645117,
              14.9105517
            ],
            [
              74.3646442,
              14.9105624
            ],
            [
              74.3650031,
              14.9107278
            ],
            [
              74.365097,
              14.9106691
            ],
            [
              74.3651798,
              14.9104663
            ],
            [
              74.3652571,
              14.9103916
            ],
            [
              74.365373,
              14.910397
            ],
            [
              74.3654779,
              14.9104343
            ],
            [
              74.3655276,
              14.9106691
            ],
            [
              74.3658975,
              14.9107438
            ],
            [
              74.3660632,
              14.9108931
            ],
            [
              74.3661736,
              14.9109038
            ],
            [
              74.366273,
              14.9108451
            ],
            [
              74.3664772,
              14.910541
            ],
            [
              74.3669461,
              14.910358
            ],
            [
              74.3672974,
              14.910275
            ],
            [
              74.3681016,
              14.9104485
            ],
            [
              74.3685155,
              14.9106522
            ],
            [
              74.3687341,
              14.910871
            ],
            [
              74.3695852,
              14.9106975
            ],
            [
              74.3697804,
              14.9105994
            ],
            [
              74.3701005,
              14.9106296
            ],
            [
              74.3703972,
              14.9105617
            ],
            [
              74.3707173,
              14.9106522
            ],
            [
              74.3709672,
              14.9102523
            ],
            [
              74.3713185,
              14.910109
            ],
            [
              74.3714747,
              14.9101391
            ],
            [
              74.3717714,
              14.9102599
            ],
            [
              74.3718573,
              14.9103881
            ],
            [
              74.3718963,
              14.910705
            ],
            [
              74.3720603,
              14.9111879
            ],
            [
              74.3722555,
              14.9114294
            ],
            [
              74.3721618,
              14.9115576
            ],
            [
              74.3719978,
              14.9115803
            ],
            [
              74.3721228,
              14.9116708
            ],
            [
              74.3726771,
              14.9118972
            ],
            [
              74.3728411,
              14.9121537
            ],
            [
              74.3728723,
              14.9126139
            ],
            [
              74.3735985,
              14.9132251
            ],
            [
              74.3736844,
              14.9133609
            ],
            [
              74.3742856,
              14.9135495
            ],
            [
              74.3744339,
              14.9135193
            ],
            [
              74.374473,
              14.9133684
            ],
            [
              74.3744496,
              14.9132175
            ],
            [
              74.374676,
              14.9130138
            ],
            [
              74.3746448,
              14.9123725
            ],
            [
              74.374676,
              14.9117613
            ],
            [
              74.374067,
              14.9114143
            ],
            [
              74.373497,
              14.9109389
            ],
            [
              74.3733252,
              14.9106673
            ],
            [
              74.3733408,
              14.9101844
            ],
            [
              74.3734033,
              14.910026
            ],
            [
              74.3734033,
              14.9098751
            ],
            [
              74.3737781,
              14.9095657
            ],
            [
              74.3738327,
              14.9094224
            ],
            [
              74.3737546,
              14.9092865
            ],
            [
              74.3736844,
              14.9089168
            ],
            [
              74.3734501,
              14.9084868
            ],
            [
              74.3732237,
              14.9082604
            ],
            [
              74.373169,
              14.9073474
            ],
            [
              74.3728333,
              14.9068947
            ],
            [
              74.3728099,
              14.9067438
            ],
            [
              74.3728099,
              14.9065174
            ],
            [
              74.372966,
              14.9058308
            ],
            [
              74.372966,
              14.9056724
            ],
            [
              74.373333,
              14.9051291
            ],
            [
              74.3733877,
              14.9048273
            ],
            [
              74.3733486,
              14.9046764
            ],
            [
              74.3734736,
              14.904367
            ],
            [
              74.3735438,
              14.9039143
            ],
            [
              74.3732237,
              14.903952
            ],
            [
              74.3727552,
              14.9037785
            ],
            [
              74.3727006,
              14.9036351
            ],
            [
              74.3731222,
              14.9034691
            ],
            [
              74.3731534,
              14.9033258
            ],
            [
              74.3727474,
              14.9032051
            ],
            [
              74.3720135,
              14.9032428
            ],
            [
              74.3717089,
              14.9031221
            ],
            [
              74.371342,
              14.9026769
            ],
            [
              74.3715684,
              14.9022921
            ],
            [
              74.371912,
              14.9019827
            ],
            [
              74.3720525,
              14.9017186
            ],
            [
              74.3718105,
              14.9014922
            ],
            [
              74.3716543,
              14.9014545
            ],
            [
              74.3713888,
              14.901281
            ],
            [
              74.3710687,
              14.9013112
            ],
            [
              74.3707408,
              14.9012357
            ],
            [
              74.3700458,
              14.9006094
            ],
            [
              74.3696398,
              14.9003152
            ],
            [
              74.3693822,
              14.8996134
            ],
            [
              74.3692807,
              14.8995002
            ],
            [
              74.3692182,
              14.8990475
            ],
            [
              74.3700146,
              14.8984816
            ],
            [
              74.3701317,
              14.8981647
            ],
            [
              74.3709438,
              14.8972215
            ],
            [
              74.3712327,
              14.897146
            ],
            [
              74.3718026,
              14.8964669
            ],
            [
              74.3718807,
              14.8963387
            ],
            [
              74.3717948,
              14.8962028
            ],
            [
              74.3718183,
              14.895901
            ],
            [
              74.3719588,
              14.8958331
            ],
            [
              74.3723024,
              14.8958105
            ],
            [
              74.3727786,
              14.8958482
            ],
            [
              74.3731769,
              14.8957124
            ],
            [
              74.3733721,
              14.8952747
            ],
            [
              74.3738171,
              14.8954181
            ],
            [
              74.3739264,
              14.8953049
            ],
            [
              74.3739889,
              14.8951615
            ],
            [
              74.3741763,
              14.894075
            ],
            [
              74.3744808,
              14.8933128
            ],
            [
              74.374879,
              14.8927318
            ],
            [
              74.3751523,
              14.8925205
            ],
            [
              74.3754958,
              14.8924828
            ],
            [
              74.3759175,
              14.8926111
            ],
            [
              74.3762454,
              14.8926413
            ],
            [
              74.3765577,
              14.8922564
            ],
            [
              74.3766202,
              14.8921131
            ],
            [
              74.3767451,
              14.8920376
            ],
            [
              74.3769013,
              14.8920452
            ],
            [
              74.3771199,
              14.892264
            ],
            [
              74.377401,
              14.8923998
            ],
            [
              74.3774635,
              14.892264
            ],
            [
              74.3774166,
              14.8921131
            ],
            [
              74.3774635,
              14.8919546
            ],
            [
              74.3776118,
              14.8916603
            ],
            [
              74.3777367,
              14.8915622
            ],
            [
              74.3778851,
              14.8915547
            ],
            [
              74.3786112,
              14.8917886
            ],
            [
              74.3791656,
              14.8918867
            ],
            [
              74.3796263,
              14.8913736
            ],
            [
              74.3800245,
              14.8911019
            ],
            [
              74.3806569,
              14.891117
            ],
            [
              74.3808131,
              14.8911623
            ],
            [
              74.3813206,
              14.8915698
            ],
            [
              74.3816564,
              14.8912604
            ],
            [
              74.3818125,
              14.8912302
            ],
            [
              74.382117,
              14.8913283
            ],
            [
              74.3822732,
              14.8913283
            ],
            [
              74.3825309,
              14.8911849
            ],
            [
              74.3841862,
              14.8898493
            ],
            [
              74.3862475,
              14.8877138
            ],
            [
              74.3872781,
              14.8873064
            ],
            [
              74.3874421,
              14.8872913
            ],
            [
              74.3877076,
              14.8874648
            ],
            [
              74.3883244,
              14.8879779
            ],
            [
              74.3883869,
              14.8881138
            ],
            [
              74.3885509,
              14.888144
            ],
            [
              74.3888554,
              14.8880836
            ],
            [
              74.3893317,
              14.8876912
            ],
            [
              74.3893785,
              14.8875478
            ],
            [
              74.3895112,
              14.8862273
            ],
            [
              74.3898938,
              14.8849822
            ],
            [
              74.3905107,
              14.8844238
            ],
            [
              74.3908386,
              14.8844389
            ],
            [
              74.3924549,
              14.8850577
            ],
            [
              74.3927594,
              14.8852463
            ],
            [
              74.3927984,
              14.8855557
            ],
            [
              74.3924939,
              14.8862952
            ],
            [
              74.3926266,
              14.8863707
            ],
            [
              74.392775,
              14.8863631
            ],
            [
              74.3933059,
              14.886016
            ],
            [
              74.3949222,
              14.8854576
            ],
            [
              74.3951408,
              14.8854953
            ],
            [
              74.3956171,
              14.8857066
            ],
            [
              74.3957811,
              14.8857368
            ],
            [
              74.3960466,
              14.8859028
            ],
            [
              74.3962183,
              14.8861971
            ],
            [
              74.396312,
              14.8864989
            ],
            [
              74.3961715,
              14.8867932
            ],
            [
              74.3957733,
              14.8870649
            ],
            [
              74.3956015,
              14.8872611
            ],
            [
              74.395094,
              14.8874875
            ],
            [
              74.3948441,
              14.8876837
            ],
            [
              74.3949769,
              14.8877516
            ],
            [
              74.3952814,
              14.8877742
            ],
            [
              74.395539,
              14.8878572
            ],
            [
              74.3957264,
              14.8878648
            ],
            [
              74.395867,
              14.8877968
            ],
            [
              74.3959372,
              14.8880006
            ],
            [
              74.3960544,
              14.8886344
            ],
            [
              74.3960856,
              14.889555
            ],
            [
              74.3959138,
              14.8896984
            ],
            [
              74.3957967,
              14.8898871
            ],
            [
              74.395703,
              14.8901813
            ],
            [
              74.3956249,
              14.8907397
            ],
            [
              74.395703,
              14.891034
            ],
            [
              74.3958435,
              14.8909359
            ],
            [
              74.3960231,
              14.8909133
            ],
            [
              74.3962105,
              14.8908001
            ],
            [
              74.3963979,
              14.8904002
            ],
            [
              74.3965541,
              14.8902266
            ],
            [
              74.3967024,
              14.8903021
            ],
            [
              74.3968508,
              14.8905511
            ],
            [
              74.3969523,
              14.8904379
            ],
            [
              74.3969679,
              14.8902342
            ],
            [
              74.3971084,
              14.8901663
            ],
            [
              74.397452,
              14.8902115
            ],
            [
              74.3976862,
              14.8901738
            ],
            [
              74.3978424,
              14.8902417
            ],
            [
              74.3978112,
              14.8900757
            ],
            [
              74.3975223,
              14.8895399
            ],
            [
              74.397616,
              14.8893739
            ],
            [
              74.3979127,
              14.8891627
            ],
            [
              74.3982562,
              14.8885665
            ],
            [
              74.3982953,
              14.8884156
            ],
            [
              74.3984514,
              14.888144
            ],
            [
              74.3988106,
              14.8878572
            ],
            [
              74.3991463,
              14.887495
            ],
            [
              74.3993181,
              14.8871479
            ],
            [
              74.3994509,
              14.8865744
            ],
            [
              74.399365,
              14.886099
            ],
            [
              74.3994196,
              14.8859481
            ],
            [
              74.3995289,
              14.8858349
            ],
            [
              74.4000443,
              14.8858047
            ],
            [
              74.4001926,
              14.88585
            ],
            [
              74.4003019,
              14.8861745
            ],
            [
              74.4003488,
              14.8860311
            ],
            [
              74.4006923,
              14.8857368
            ],
            [
              74.4005908,
              14.885601
            ],
            [
              74.4005362,
              14.8851482
            ],
            [
              74.4006767,
              14.8850426
            ],
            [
              74.4013951,
              14.8848766
            ],
            [
              74.4015356,
              14.8845823
            ],
            [
              74.4015356,
              14.8843785
            ],
            [
              74.4013951,
              14.8842729
            ],
            [
              74.4008953,
              14.8841069
            ],
            [
              74.4011062,
              14.8832994
            ],
            [
              74.4009578,
              14.8832466
            ],
            [
              74.400911,
              14.8830957
            ],
            [
              74.4013014,
              14.8831108
            ],
            [
              74.4012311,
              14.8829674
            ],
            [
              74.4012389,
              14.8826505
            ],
            [
              74.4018713,
              14.8825071
            ],
            [
              74.4020353,
              14.8824241
            ],
            [
              74.4021837,
              14.8820468
            ],
            [
              74.4024023,
              14.8818883
            ],
            [
              74.4026756,
              14.8818657
            ],
            [
              74.4030347,
              14.8819034
            ],
            [
              74.4032924,
              14.8818657
            ],
            [
              74.4037921,
              14.8814657
            ],
            [
              74.4039795,
              14.881428
            ],
            [
              74.404081,
              14.8808243
            ],
            [
              74.4041825,
              14.8807036
            ],
            [
              74.4044402,
              14.8806885
            ],
            [
              74.4051585,
              14.8807488
            ],
            [
              74.4050961,
              14.8805149
            ],
            [
              74.4053615,
              14.8804772
            ],
            [
              74.4054865,
              14.8803414
            ],
            [
              74.4056582,
              14.8802583
            ],
            [
              74.4056973,
              14.8800546
            ],
            [
              74.405791,
              14.8799263
            ],
            [
              74.4060252,
              14.8799188
            ],
            [
              74.4062204,
              14.880032
            ],
            [
              74.4063844,
              14.8800621
            ],
            [
              74.4069544,
              14.8799339
            ],
            [
              74.4070949,
              14.8798131
            ],
            [
              74.407134,
              14.8796396
            ],
            [
              74.4073994,
              14.8793528
            ],
            [
              74.4074697,
              14.8790283
            ],
            [
              74.4074541,
              14.8788548
            ],
            [
              74.4076727,
              14.8787491
            ],
            [
              74.4081412,
              14.8789378
            ],
            [
              74.4085784,
              14.8787265
            ],
            [
              74.4087346,
              14.878734
            ],
            [
              74.4087814,
              14.8789453
            ],
            [
              74.4092343,
              14.8790811
            ],
            [
              74.4097574,
              14.8787793
            ],
            [
              74.4101322,
              14.8786586
            ],
            [
              74.4104524,
              14.8782586
            ],
            [
              74.4107178,
              14.8781303
            ],
            [
              74.4109911,
              14.8782284
            ],
            [
              74.4116626,
              14.8779567
            ],
            [
              74.4118578,
              14.8778285
            ],
            [
              74.4118188,
              14.8776398
            ],
            [
              74.4118578,
              14.8774738
            ],
            [
              74.4120608,
              14.8774436
            ],
            [
              74.4122638,
              14.877504
            ],
            [
              74.4126152,
              14.8775115
            ],
            [
              74.412865,
              14.8774059
            ],
            [
              74.4132008,
              14.8773983
            ],
            [
              74.413396,
              14.8772927
            ],
            [
              74.4135131,
              14.8771644
            ],
            [
              74.4142314,
              14.8772399
            ],
            [
              74.4143408,
              14.877353
            ],
            [
              74.4145047,
              14.8772927
            ],
            [
              74.4145828,
              14.8774285
            ],
            [
              74.4146062,
              14.8775719
            ],
            [
              74.4148873,
              14.87767
            ],
            [
              74.4151528,
              14.8776851
            ],
            [
              74.4154183,
              14.8775342
            ],
            [
              74.4158399,
              14.877187
            ],
            [
              74.4162069,
              14.8770059
            ],
            [
              74.4166285,
              14.8769154
            ],
            [
              74.4170267,
              14.8765682
            ],
            [
              74.4174015,
              14.8766739
            ],
            [
              74.4175967,
              14.8765531
            ],
            [
              74.4183619,
              14.8751118
            ],
            [
              74.4185961,
              14.8748552
            ],
            [
              74.4188928,
              14.8747798
            ],
            [
              74.4190256,
              14.8748628
            ],
            [
              74.4194784,
              14.875391
            ],
            [
              74.4196112,
              14.8755872
            ],
            [
              74.4195878,
              14.8757759
            ],
            [
              74.4196971,
              14.8758966
            ],
            [
              74.419619,
              14.8760626
            ],
            [
              74.4192832,
              14.8762286
            ],
            [
              74.4181667,
              14.877021
            ],
            [
              74.4179559,
              14.8771191
            ],
            [
              74.4178153,
              14.8773002
            ],
            [
              74.4178622,
              14.8774511
            ],
            [
              74.4178309,
              14.8776323
            ],
            [
              74.4180183,
              14.8780171
            ],
            [
              74.4181901,
              14.878085
            ],
            [
              74.4183619,
              14.8779794
            ],
            [
              74.4185024,
              14.8775342
            ],
            [
              74.4187289,
              14.8772172
            ],
            [
              74.4189631,
              14.8772549
            ],
            [
              74.4191271,
              14.8774964
            ],
            [
              74.4191271,
              14.8776549
            ],
            [
              74.4188304,
              14.8782284
            ],
            [
              74.4188694,
              14.8784246
            ],
            [
              74.4190021,
              14.8785076
            ],
            [
              74.4193613,
              14.8785454
            ],
            [
              74.4196268,
              14.8787416
            ],
            [
              74.4197673,
              14.8798056
            ],
            [
              74.4196893,
              14.8804017
            ],
            [
              74.4198142,
              14.8804998
            ],
            [
              74.4200562,
              14.8808319
            ],
            [
              74.4200406,
              14.8810884
            ],
            [
              74.4199157,
              14.8814355
            ],
            [
              74.4202827,
              14.8813978
            ],
            [
              74.4203764,
              14.8815186
            ],
            [
              74.4203217,
              14.8818053
            ],
            [
              74.4204544,
              14.8817223
            ],
            [
              74.4209151,
              14.8820392
            ],
            [
              74.4210557,
              14.8819562
            ],
            [
              74.4213367,
              14.8821449
            ],
            [
              74.421774,
              14.8826882
            ],
            [
              74.4216569,
              14.8831259
            ],
            [
              74.4217506,
              14.8834126
            ],
            [
              74.4218677,
              14.8835334
            ],
            [
              74.4222112,
              14.8833296
            ],
            [
              74.422344,
              14.8834353
            ],
            [
              74.4224299,
              14.8839559
            ],
            [
              74.4225001,
              14.884122
            ],
            [
              74.4226953,
              14.8841748
            ],
            [
              74.423156,
              14.8839409
            ],
            [
              74.4233668,
              14.8839861
            ],
            [
              74.4235933,
              14.8841069
            ],
            [
              74.4238197,
              14.8843182
            ],
            [
              74.4240461,
              14.8843634
            ],
            [
              74.4242413,
              14.8843332
            ],
            [
              74.42446,
              14.8844691
            ],
            [
              74.4244131,
              14.884952
            ],
            [
              74.4245302,
              14.8851407
            ],
            [
              74.4247489,
              14.885352
            ],
            [
              74.4252876,
              14.8855632
            ],
            [
              74.425475,
              14.8858198
            ],
            [
              74.425514,
              14.8861745
            ],
            [
              74.4258029,
              14.8864839
            ],
            [
              74.4260762,
              14.8866197
            ],
            [
              74.4263339,
              14.8864386
            ],
            [
              74.4266384,
              14.8864688
            ],
            [
              74.427833,
              14.8869592
            ],
            [
              74.4280985,
              14.8867253
            ],
            [
              74.4282078,
              14.8864989
            ],
            [
              74.4282312,
              14.886348
            ],
            [
              74.428364,
              14.8861669
            ],
            [
              74.4290823,
              14.8858651
            ],
            [
              74.4299334,
              14.8858726
            ],
            [
              74.4303004,
              14.8859481
            ],
            [
              74.430519,
              14.8862348
            ],
            [
              74.4306439,
              14.8863254
            ],
            [
              74.4308001,
              14.8862877
            ],
            [
              74.4310577,
              14.8863631
            ],
            [
              74.4320806,
              14.8868385
            ],
            [
              74.432065,
              14.8870573
            ],
            [
              74.4321118,
              14.8872083
            ],
            [
              74.4322602,
              14.8872762
            ],
            [
              74.4322836,
              14.8874346
            ],
            [
              74.4322211,
              14.8877516
            ],
            [
              74.4324398,
              14.8884684
            ],
            [
              74.4325959,
              14.8884911
            ],
            [
              74.4326662,
              14.8886344
            ],
            [
              74.4325256,
              14.8889514
            ],
            [
              74.4322055,
              14.8891928
            ],
            [
              74.4320337,
              14.8893815
            ],
            [
              74.4316355,
              14.8899399
            ],
            [
              74.4315731,
              14.8900908
            ],
            [
              74.4314091,
              14.8902115
            ],
            [
              74.4317292,
              14.8904454
            ],
            [
              74.4319479,
              14.8904304
            ],
            [
              74.4327443,
              14.8900832
            ],
            [
              74.433041,
              14.890038
            ],
            [
              74.4331971,
              14.8900682
            ],
            [
              74.4329082,
              14.8903926
            ],
            [
              74.4327911,
              14.8906643
            ],
            [
              74.4328145,
              14.8910265
            ],
            [
              74.4326662,
              14.8911925
            ],
            [
              74.4323226,
              14.8913208
            ],
            [
              74.431862,
              14.8913736
            ],
            [
              74.4315965,
              14.8914792
            ],
            [
              74.431534,
              14.8916226
            ],
            [
              74.4316511,
              14.8917282
            ],
            [
              74.4320025,
              14.8917811
            ],
            [
              74.4320806,
              14.8919169
            ],
            [
              74.4321431,
              14.8925205
            ],
            [
              74.4322914,
              14.8925809
            ],
            [
              74.4325413,
              14.8923923
            ],
            [
              74.4327365,
              14.8924979
            ],
            [
              74.4327755,
              14.8927092
            ],
            [
              74.4329707,
              14.8929808
            ],
            [
              74.4329941,
              14.8931317
            ],
            [
              74.4328224,
              14.8933506
            ],
            [
              74.4329239,
              14.8934638
            ],
            [
              74.4334314,
              14.8933958
            ],
            [
              74.4339077,
              14.8936071
            ],
            [
              74.4339779,
              14.8938109
            ],
            [
              74.4340092,
              14.8943164
            ],
            [
              74.4341575,
              14.8943843
            ],
            [
              74.434259,
              14.8945202
            ],
            [
              74.434384,
              14.8948295
            ],
            [
              74.4342825,
              14.8952974
            ],
            [
              74.4342044,
              14.8966631
            ],
            [
              74.4340014,
              14.897229
            ],
            [
              74.4340873,
              14.8974403
            ],
            [
              74.4340794,
              14.897629
            ],
            [
              74.4337281,
              14.897795
            ],
            [
              74.4337437,
              14.8979836
            ],
            [
              74.4338452,
              14.8981043
            ],
            [
              74.4340951,
              14.8978855
            ],
            [
              74.4343761,
              14.8972969
            ],
            [
              74.4345401,
              14.8966782
            ],
            [
              74.4344698,
              14.8963764
            ],
            [
              74.4345401,
              14.8962406
            ],
            [
              74.434829,
              14.896233
            ],
            [
              74.4350008,
              14.8960519
            ],
            [
              74.4350242,
              14.895901
            ],
            [
              74.4356098,
              14.8959991
            ],
            [
              74.4358206,
              14.8959387
            ],
            [
              74.4362891,
              14.8956897
            ],
            [
              74.4363203,
              14.8955388
            ],
            [
              74.4357816,
              14.8956294
            ],
            [
              74.4356801,
              14.8955086
            ],
            [
              74.4358128,
              14.8951993
            ],
            [
              74.4359065,
              14.8945202
            ],
            [
              74.4361095,
              14.894656
            ],
            [
              74.4367966,
              14.8948446
            ],
            [
              74.4369762,
              14.8947314
            ],
            [
              74.4362188,
              14.8943466
            ],
            [
              74.436008,
              14.8941957
            ],
            [
              74.4357582,
              14.893909
            ],
            [
              74.4357347,
              14.893675
            ],
            [
              74.4361408,
              14.8931921
            ],
            [
              74.4361173,
              14.8929129
            ],
            [
              74.4363594,
              14.892513
            ],
            [
              74.4365858,
              14.8924828
            ],
            [
              74.4375618,
              14.8926035
            ],
            [
              74.4386159,
              14.8929431
            ],
            [
              74.4390141,
              14.8929356
            ],
            [
              74.4391312,
              14.8926488
            ],
            [
              74.4389907,
              14.89243
            ],
            [
              74.4388814,
              14.892098
            ],
            [
              74.4388814,
              14.891366
            ],
            [
              74.4390063,
              14.8909963
            ],
            [
              74.4394357,
              14.8902945
            ],
            [
              74.4395216,
              14.8898871
            ],
            [
              74.4396856,
              14.8896003
            ],
            [
              74.4401229,
              14.8893211
            ],
            [
              74.4403649,
              14.8890796
            ],
            [
              74.4405913,
              14.8889966
            ],
            [
              74.4410676,
              14.8890947
            ],
            [
              74.4414502,
              14.8892306
            ],
            [
              74.4417157,
              14.8894419
            ],
            [
              74.4420827,
              14.8895777
            ],
            [
              74.4423091,
              14.8897361
            ],
            [
              74.4424184,
              14.89037
            ],
            [
              74.442434,
              14.8909812
            ],
            [
              74.4425746,
              14.8912
            ],
            [
              74.4426995,
              14.8915471
            ],
            [
              74.4431055,
              14.8916452
            ],
            [
              74.4433476,
              14.891615
            ],
            [
              74.4432383,
              14.8912604
            ],
            [
              74.4433241,
              14.8910416
            ],
            [
              74.4435506,
              14.8908378
            ],
            [
              74.443941,
              14.8908529
            ],
            [
              74.4442845,
              14.890785
            ],
            [
              74.444308,
              14.8905964
            ],
            [
              74.4444251,
              14.8903474
            ],
            [
              74.4441908,
              14.8898041
            ],
            [
              74.4444953,
              14.8894494
            ],
            [
              74.444511,
              14.8892834
            ],
            [
              74.444308,
              14.8891476
            ],
            [
              74.4440113,
              14.8885816
            ],
            [
              74.4439878,
              14.8884307
            ],
            [
              74.4433241,
              14.8881138
            ],
            [
              74.4430743,
              14.8879478
            ],
            [
              74.4428791,
              14.8877591
            ],
            [
              74.4428244,
              14.887578
            ],
            [
              74.4429962,
              14.8873139
            ],
            [
              74.4431524,
              14.8868687
            ],
            [
              74.4433085,
              14.8868536
            ],
            [
              74.4443001,
              14.8876157
            ],
            [
              74.4446593,
              14.8877591
            ],
            [
              74.4449092,
              14.8877516
            ],
            [
              74.4450575,
              14.8876459
            ],
            [
              74.4453386,
              14.8877591
            ],
            [
              74.4455572,
              14.887744
            ],
            [
              74.4457915,
              14.8875554
            ],
            [
              74.4460413,
              14.8874497
            ],
            [
              74.4461585,
              14.8872083
            ],
            [
              74.4460726,
              14.8870347
            ],
            [
              74.4453542,
              14.886831
            ],
            [
              74.4453855,
              14.8866574
            ],
            [
              74.445565,
              14.8864914
            ],
            [
              74.445729,
              14.8864386
            ],
            [
              74.446135,
              14.8864763
            ],
            [
              74.4464708,
              14.8867329
            ],
            [
              74.447111,
              14.8867706
            ],
            [
              74.4472672,
              14.8867404
            ],
            [
              74.4475014,
              14.8866197
            ],
            [
              74.447845,
              14.8864084
            ],
            [
              74.4480402,
              14.8862273
            ],
            [
              74.4483369,
              14.886099
            ],
            [
              74.4489928,
              14.8860613
            ],
            [
              74.4495784,
              14.8859405
            ],
            [
              74.4501327,
              14.8857594
            ],
            [
              74.4503279,
              14.8856085
            ],
            [
              74.4501484,
              14.8855255
            ],
            [
              74.4499844,
              14.885367
            ],
            [
              74.4496877,
              14.885284
            ],
            [
              74.4495081,
              14.885269
            ],
            [
              74.4487117,
              14.8854048
            ],
            [
              74.4484228,
              14.8852463
            ],
            [
              74.4479075,
              14.8851784
            ],
            [
              74.4476966,
              14.8849445
            ],
            [
              74.4472828,
              14.8848464
            ],
            [
              74.447033,
              14.8848992
            ],
            [
              74.4465098,
              14.8846879
            ],
            [
              74.4455807,
              14.8839258
            ],
            [
              74.4451746,
              14.8835032
            ],
            [
              74.444917,
              14.8830731
            ],
            [
              74.4448857,
              14.8823939
            ],
            [
              74.4449951,
              14.8822354
            ],
            [
              74.4450341,
              14.8820694
            ],
            [
              74.4450263,
              14.881843
            ],
            [
              74.4449404,
              14.8817148
            ],
            [
              74.4449014,
              14.8815487
            ],
            [
              74.4453855,
              14.8810356
            ],
            [
              74.4455182,
              14.880945
            ],
            [
              74.4459554,
              14.880862
            ],
            [
              74.4464317,
              14.8804772
            ],
            [
              74.446869,
              14.8803942
            ],
            [
              74.4475014,
              14.8799565
            ],
            [
              74.4477669,
              14.8799339
            ],
            [
              74.448048,
              14.8800018
            ],
            [
              74.4484384,
              14.8798735
            ],
            [
              74.448821,
              14.879949
            ],
            [
              74.449063,
              14.8800471
            ],
            [
              74.4493207,
              14.8800621
            ],
            [
              74.4494144,
              14.8799339
            ],
            [
              74.44943,
              14.8797528
            ],
            [
              74.4495081,
              14.8796245
            ],
            [
              74.4499766,
              14.8796773
            ],
            [
              74.450609,
              14.8799188
            ],
            [
              74.4511946,
              14.8800018
            ],
            [
              74.4514601,
              14.8802433
            ],
            [
              74.4523971,
              14.8807338
            ],
            [
              74.4527094,
              14.8811865
            ],
            [
              74.4530529,
              14.881262
            ],
            [
              74.4537557,
              14.8814959
            ],
            [
              74.4543959,
              14.8822505
            ],
            [
              74.45488,
              14.8826052
            ],
            [
              74.4550518,
              14.883224
            ],
            [
              74.4550674,
              14.8834126
            ],
            [
              74.4546692,
              14.8836541
            ],
            [
              74.4546458,
              14.8841521
            ],
            [
              74.4550986,
              14.8844993
            ],
            [
              74.4551689,
              14.8846577
            ],
            [
              74.4553017,
              14.8847407
            ],
            [
              74.45545,
              14.8849671
            ],
            [
              74.4553797,
              14.8853972
            ],
            [
              74.4553017,
              14.8855406
            ],
            [
              74.4551377,
              14.8855783
            ],
            [
              74.4547161,
              14.8853897
            ],
            [
              74.4542241,
              14.8848388
            ],
            [
              74.4540133,
              14.8847332
            ],
            [
              74.4542085,
              14.8849747
            ],
            [
              74.4543491,
              14.8853293
            ],
            [
              74.4541929,
              14.8857066
            ],
            [
              74.4545677,
              14.8863405
            ],
            [
              74.4546926,
              14.8864537
            ],
            [
              74.4548956,
              14.8864386
            ],
            [
              74.4549034,
              14.8865895
            ],
            [
              74.4547473,
              14.8868989
            ],
            [
              74.4543959,
              14.8872837
            ],
            [
              74.4543413,
              14.887495
            ],
            [
              74.4545287,
              14.8876459
            ],
            [
              74.4553875,
              14.8876007
            ],
            [
              74.4555671,
              14.8876988
            ],
            [
              74.4556999,
              14.8880308
            ],
            [
              74.4558638,
              14.8880459
            ],
            [
              74.4559263,
              14.8878195
            ],
            [
              74.4562074,
              14.8879402
            ],
            [
              74.4563323,
              14.8881515
            ],
            [
              74.45659,
              14.8881817
            ],
            [
              74.4566837,
              14.8877742
            ],
            [
              74.4568164,
              14.8876157
            ],
            [
              74.4569804,
              14.8877063
            ],
            [
              74.4571522,
              14.8879704
            ],
            [
              74.4577924,
              14.8883326
            ],
            [
              74.458136,
              14.888725
            ],
            [
              74.458339,
              14.8888759
            ],
            [
              74.4585342,
              14.8889589
            ],
            [
              74.458706,
              14.8889061
            ],
            [
              74.4588231,
              14.8888005
            ],
            [
              74.4591822,
              14.8887778
            ],
            [
              74.4595726,
              14.8892306
            ],
            [
              74.4596507,
              14.8893739
            ],
            [
              74.4596976,
              14.8895852
            ],
            [
              74.459444,
              14.8899633
            ],
            [
              74.4595054,
              14.8903192
            ],
            [
              74.4595849,
              14.8903873
            ],
            [
              74.4597486,
              14.8904774
            ],
            [
              74.4598191,
              14.8906356
            ],
            [
              74.4598577,
              14.8908531
            ],
            [
              74.4598873,
              14.8909739
            ],
            [
              74.4599737,
              14.8910596
            ],
            [
              74.4603101,
              14.8912397
            ],
            [
              74.4604965,
              14.8914726
            ],
            [
              74.4606056,
              14.8917208
            ],
            [
              74.4606147,
              14.8918944
            ],
            [
              74.4606374,
              14.8919735
            ],
            [
              74.4606943,
              14.8920284
            ],
            [
              74.4609239,
              14.8921031
            ],
            [
              74.4609693,
              14.8921668
            ],
            [
              74.4610012,
              14.8922459
            ],
            [
              74.4609602,
              14.8924678
            ],
            [
              74.4610057,
              14.8928061
            ],
            [
              74.4612603,
              14.8930521
            ],
            [
              74.4614778,
              14.8931393
            ],
            [
              74.4616418,
              14.8931846
            ],
            [
              74.4616718,
              14.8932784
            ],
            [
              74.4616104,
              14.8934388
            ],
            [
              74.4615445,
              14.8935882
            ],
            [
              74.4615126,
              14.8936497
            ],
            [
              74.4615376,
              14.8937002
            ],
            [
              74.4616574,
              14.8937731
            ],
            [
              74.4617354,
              14.8939265
            ],
            [
              74.4619355,
              14.8938869
            ],
            [
              74.4621901,
              14.8936453
            ],
            [
              74.4623211,
              14.893509
            ],
            [
              74.4623378,
              14.8933004
            ],
            [
              74.4622855,
              14.8931949
            ],
            [
              74.4623515,
              14.8931027
            ],
            [
              74.4624856,
              14.8930434
            ],
            [
              74.4630706,
              14.893011
            ],
            [
              74.4632736,
              14.8931091
            ],
            [
              74.4632585,
              14.8931796
            ],
            [
              74.4632585,
              14.8933004
            ],
            [
              74.463338,
              14.8934256
            ],
            [
              74.4634426,
              14.8934959
            ],
            [
              74.4635517,
              14.8935003
            ],
            [
              74.4638222,
              14.89343
            ],
            [
              74.4639061,
              14.8933958
            ],
            [
              74.4639745,
              14.8933992
            ],
            [
              74.4640268,
              14.8934256
            ],
            [
              74.4640814,
              14.8934256
            ],
            [
              74.4641564,
              14.8933905
            ],
            [
              74.4642155,
              14.8933465
            ],
            [
              74.4642473,
              14.8932521
            ],
            [
              74.4643405,
              14.8932213
            ],
            [
              74.4644995,
              14.8932072
            ],
            [
              74.4646557,
              14.8932147
            ],
            [
              74.465335,
              14.8934109
            ],
            [
              74.465538,
              14.8934109
            ],
            [
              74.4659128,
              14.8935996
            ],
            [
              74.4660845,
              14.8935845
            ],
            [
              74.4663578,
              14.8936298
            ],
            [
              74.4667951,
              14.8938109
            ],
            [
              74.4669512,
              14.8937731
            ],
            [
              74.4671074,
              14.8938033
            ],
            [
              74.4673104,
              14.8940448
            ],
            [
              74.4674197,
              14.8945126
            ],
            [
              74.4677789,
              14.8951464
            ],
            [
              74.4678648,
              14.8953804
            ],
            [
              74.4680522,
              14.8953728
            ],
            [
              74.4684894,
              14.8954709
            ],
            [
              74.4687783,
              14.8956822
            ],
            [
              74.4692624,
              14.8958935
            ],
            [
              74.4693249,
              14.8957425
            ],
            [
              74.4697153,
              14.895486
            ],
            [
              74.4697075,
              14.8948295
            ],
            [
              74.4699417,
              14.8948522
            ],
            [
              74.47066,
              14.895154
            ],
            [
              74.4713315,
              14.8951993
            ],
            [
              74.4718234,
              14.8957576
            ],
            [
              74.4719327,
              14.8962104
            ],
            [
              74.4721201,
              14.8960972
            ],
            [
              74.4722919,
              14.8958708
            ],
            [
              74.4725496,
              14.8958633
            ],
            [
              74.4730103,
              14.8957275
            ],
            [
              74.4726277,
              14.8953502
            ],
            [
              74.4726901,
              14.8952219
            ],
            [
              74.4730103,
              14.8952596
            ],
            [
              74.4734865,
              14.8954634
            ],
            [
              74.4743064,
              14.8959614
            ],
            [
              74.474564,
              14.8960444
            ],
            [
              74.4748061,
              14.896233
            ],
            [
              74.4746577,
              14.8963537
            ],
            [
              74.4742673,
              14.8964518
            ],
            [
              74.4740956,
              14.8966556
            ],
            [
              74.4741502,
              14.8968216
            ],
            [
              74.4744625,
              14.8969498
            ],
            [
              74.4748373,
              14.8968819
            ],
            [
              74.4748686,
              14.8966631
            ],
            [
              74.4748139,
              14.8963085
            ],
            [
              74.4749701,
              14.8962783
            ],
            [
              74.4755869,
              14.8966028
            ],
            [
              74.4758133,
              14.8969046
            ],
            [
              74.4760163,
              14.8966782
            ],
            [
              74.4761881,
              14.8967008
            ],
            [
              74.4777903,
              14.8972251
            ],
            [
              74.4785301,
              14.8973318
            ],
            [
              74.4797337,
              14.8972998
            ],
            [
              74.4802969,
              14.8975026
            ],
            [
              74.4819753,
              14.8987191
            ],
            [
              74.4823397,
              14.8992526
            ],
            [
              74.4828145,
              14.8997755
            ],
            [
              74.4830354,
              14.9000849
            ],
            [
              74.4838525,
              14.9007999
            ],
            [
              74.48444,
              14.9014401
            ],
            [
              74.4848486,
              14.902043
            ],
            [
              74.4847326,
              14.9026246
            ],
            [
              74.4847713,
              14.9027366
            ],
            [
              74.4848983,
              14.9028594
            ],
            [
              74.4849203,
              14.9024165
            ],
            [
              74.4849866,
              14.9023312
            ],
            [
              74.485097,
              14.9023418
            ],
            [
              74.4859252,
              14.9034463
            ],
            [
              74.4860467,
              14.9039318
            ],
            [
              74.4861331,
              14.9048988
            ],
            [
              74.4866521,
              14.9061152
            ],
            [
              74.4875465,
              14.9075984
            ],
            [
              74.4883526,
              14.909263
            ],
            [
              74.4887611,
              14.910234
            ],
            [
              74.4890593,
              14.9107142
            ],
            [
              74.4892912,
              14.910981
            ],
            [
              74.4895562,
              14.9115145
            ],
            [
              74.4896997,
              14.9116745
            ],
            [
              74.4896556,
              14.911888
            ],
            [
              74.4897329,
              14.912112
            ],
            [
              74.4898985,
              14.9124001
            ],
            [
              74.4900972,
              14.9124962
            ],
            [
              74.4906714,
              14.9135419
            ],
            [
              74.4916542,
              14.9144488
            ],
            [
              74.4918922,
              14.9153275
            ],
            [
              74.4921871,
              14.9155376
            ],
            [
              74.4924546,
              14.9157091
            ],
            [
              74.4926421,
              14.9159989
            ],
            [
              74.492732,
              14.9162091
            ],
            [
              74.492857,
              14.9162888
            ],
            [
              74.4987791,
              14.9216047
            ],
            [
              74.4997501,
              14.9224763
            ],
            [
              74.5171737,
              14.9273695
            ],
            [
              74.5260142,
              14.9262084
            ],
            [
              74.5351123,
              14.9227251
            ],
            [
              74.5373439,
              14.9278671
            ],
            [
              74.5390605,
              14.9409703
            ],
            [
              74.5534801,
              14.951502
            ],
            [
              74.5629214,
              14.9602089
            ],
            [
              74.5622348,
              14.976378
            ],
            [
              74.5687579,
              14.9848352
            ],
            [
              74.5796584,
              15.0018315
            ],
            [
              74.5755385,
              15.015013
            ],
            [
              74.5971679,
              15.0293543
            ],
            [
              74.5978545,
              15.0350739
            ],
            [
              74.5979404,
              15.0556303
            ],
            [
              74.6060943,
              15.0675653
            ],
            [
              74.6181106,
              15.0689742
            ],
            [
              74.6357917,
              15.0850522
            ],
            [
              74.6380448,
              15.0849693
            ],
            [
              74.6399331,
              15.0842234
            ],
            [
              74.6409266,
              15.0825709
            ],
            [
              74.6415601,
              15.0821651
            ],
            [
              74.6422849,
              15.081339
            ],
            [
              74.6428463,
              15.0797778
            ],
            [
              74.6430035,
              15.0788454
            ],
            [
              74.6433853,
              15.0782599
            ],
            [
              74.6445755,
              15.0778262
            ],
            [
              74.6452941,
              15.0780647
            ],
            [
              74.6467988,
              15.0781949
            ],
            [
              74.6483483,
              15.0778696
            ],
            [
              74.6497182,
              15.0778696
            ],
            [
              74.6506165,
              15.0778696
            ],
            [
              74.6516046,
              15.0780864
            ],
            [
              74.6527499,
              15.0786285
            ],
            [
              74.6545016,
              15.0797778
            ],
            [
              74.6552651,
              15.08045
            ],
            [
              74.6560287,
              15.0811005
            ],
            [
              74.6565003,
              15.0815342
            ],
            [
              74.6570841,
              15.0817944
            ],
            [
              74.6578701,
              15.0818594
            ],
            [
              74.6587235,
              15.081751
            ],
            [
              74.6593748,
              15.0818377
            ],
            [
              74.6599587,
              15.0818811
            ],
            [
              74.6603854,
              15.0820546
            ],
            [
              74.6606773,
              15.0822931
            ],
            [
              74.6610815,
              15.0825533
            ],
            [
              74.6614858,
              15.0827918
            ],
            [
              74.6619798,
              15.0831171
            ],
            [
              74.6622493,
              15.0833556
            ],
            [
              74.662923,
              15.0839194
            ],
            [
              74.663462,
              15.0845699
            ],
            [
              74.6641132,
              15.0854155
            ],
            [
              74.6646522,
              15.0865864
            ],
            [
              74.6648319,
              15.0871068
            ],
            [
              74.6648768,
              15.0875621
            ],
            [
              74.6649217,
              15.0880825
            ],
            [
              74.6648319,
              15.0887113
            ],
            [
              74.664742,
              15.089622
            ],
            [
              74.6646298,
              15.0908362
            ],
            [
              74.6644679,
              15.0917252
            ],
            [
              74.6645016,
              15.0922673
            ],
            [
              74.6644679,
              15.0927552
            ],
            [
              74.6645016,
              15.0934598
            ],
            [
              74.6645016,
              15.0945982
            ],
            [
              74.6646812,
              15.0948367
            ],
            [
              74.6648834,
              15.0951402
            ],
            [
              74.6651192,
              15.0954221
            ],
            [
              74.6653999,
              15.0956931
            ],
            [
              74.6656694,
              15.0959099
            ],
            [
              74.6661634,
              15.0962026
            ],
            [
              74.6668596,
              15.0965712
            ],
            [
              74.6674435,
              15.0969832
            ],
            [
              74.6679712,
              15.0972434
            ],
            [
              74.6683642,
              15.097341
            ],
            [
              74.6689144,
              15.0976662
            ],
            [
              74.6692513,
              15.0979806
            ],
            [
              74.6694871,
              15.098154
            ],
            [
              74.6699474,
              15.0983058
            ],
            [
              74.670318,
              15.0984034
            ],
            [
              74.670812,
              15.0985009
            ],
            [
              74.6712163,
              15.098566
            ],
            [
              74.6719237,
              15.0985009
            ],
            [
              74.6731251,
              15.0984034
            ],
            [
              74.6743197,
              15.0982226
            ],
            [
              74.6747961,
              15.0983146
            ],
            [
              74.6753122,
              15.0983912
            ],
            [
              74.6760744,
              15.0985215
            ],
            [
              74.6763523,
              15.0984449
            ],
            [
              74.6766461,
              15.0982686
            ],
            [
              74.6769399,
              15.0979926
            ],
            [
              74.6772336,
              15.0976016
            ],
            [
              74.6776465,
              15.097226
            ],
            [
              74.6781861,
              15.0968504
            ],
            [
              74.6783262,
              15.0959978
            ],
            [
              74.6788203,
              15.0952172
            ],
            [
              74.6792919,
              15.0941548
            ],
            [
              74.6798533,
              15.0932875
            ],
            [
              74.6809678,
              15.0929001
            ],
            [
              74.6817935,
              15.0927467
            ],
            [
              74.6823811,
              15.0926241
            ],
            [
              74.6830004,
              15.0927314
            ],
            [
              74.6835244,
              15.0931147
            ],
            [
              74.6839214,
              15.0933447
            ],
            [
              74.6844772,
              15.093728
            ],
            [
              74.684763,
              15.0938966
            ],
            [
              74.6851918,
              15.0944026
            ],
            [
              74.6855888,
              15.0951538
            ],
            [
              74.6860334,
              15.0955831
            ],
            [
              74.6865574,
              15.0960891
            ],
            [
              74.6869227,
              15.0968403
            ],
            [
              74.6876531,
              15.0976069
            ],
            [
              74.6884789,
              15.0981741
            ],
            [
              74.6892728,
              15.0981128
            ],
            [
              74.6901462,
              15.0976375
            ],
            [
              74.6912102,
              15.0973922
            ],
            [
              74.6921947,
              15.0971623
            ],
            [
              74.6926076,
              15.0973922
            ],
            [
              74.6930046,
              15.0979595
            ],
            [
              74.6936397,
              15.0987414
            ],
            [
              74.6940844,
              15.0991094
            ],
            [
              74.6943384,
              15.0995233
            ],
            [
              74.6944655,
              15.1001366
            ],
            [
              74.6947195,
              15.1006885
            ],
            [
              74.6949419,
              15.1011178
            ],
            [
              74.6952118,
              15.1016544
            ],
            [
              74.6954341,
              15.1024362
            ],
            [
              74.6956247,
              15.1029575
            ],
            [
              74.6963218,
              15.1037726
            ],
            [
              74.6972428,
              15.1050297
            ],
            [
              74.6982273,
              15.1052137
            ],
            [
              74.7007046,
              15.105183
            ],
            [
              74.7022608,
              15.104999
            ],
            [
              74.7036264,
              15.1048764
            ],
            [
              74.7040075,
              15.1039872
            ],
            [
              74.7043886,
              15.1035273
            ],
            [
              74.7044204,
              15.1025767
            ],
            [
              74.7044839,
              15.1014422
            ],
            [
              74.7046745,
              15.100645
            ],
            [
              74.7052461,
              15.1000011
            ],
            [
              74.7061989,
              15.0992039
            ],
            [
              74.7070246,
              15.0977627
            ],
            [
              74.7074262,
              15.0973348
            ],
            [
              74.7074149,
              15.0966843
            ],
            [
              74.7079539,
              15.0956978
            ],
            [
              74.7085378,
              15.0948197
            ],
            [
              74.7088971,
              15.0941692
            ],
            [
              74.7089645,
              15.0935946
            ],
            [
              74.708942,
              15.0928249
            ],
            [
              74.7089982,
              15.0924454
            ],
            [
              74.7090655,
              15.0916106
            ],
            [
              74.7095933,
              15.0907
            ],
            [
              74.7099077,
              15.0902121
            ],
            [
              74.7104017,
              15.0897026
            ],
            [
              74.7108846,
              15.0890087
            ],
            [
              74.7115358,
              15.088033
            ],
            [
              74.7120411,
              15.0874584
            ],
            [
              74.7123443,
              15.0869055
            ],
            [
              74.7128159,
              15.0861249
            ],
            [
              74.713557,
              15.0853443
            ],
            [
              74.7142644,
              15.0847805
            ],
            [
              74.7148482,
              15.0842493
            ],
            [
              74.7155781,
              15.0838264
            ],
            [
              74.7163192,
              15.0830025
            ],
            [
              74.7168132,
              15.0823086
            ],
            [
              74.7173971,
              15.081387
            ],
            [
              74.7182505,
              15.0808558
            ],
            [
              74.7185206,
              15.0803197
            ],
            [
              74.718927,
              15.0802106
            ],
            [
              74.7196905,
              15.0802648
            ],
            [
              74.7204316,
              15.0801889
            ],
            [
              74.7210941,
              15.0801998
            ],
            [
              74.7216555,
              15.0804383
            ],
            [
              74.7220485,
              15.0807527
            ],
            [
              74.722172,
              15.0812514
            ],
            [
              74.7221945,
              15.0816743
            ],
            [
              74.7222731,
              15.0823465
            ],
            [
              74.7225875,
              15.0829536
            ],
            [
              74.7230591,
              15.0832463
            ],
            [
              74.7239574,
              15.0838265
            ],
            [
              74.724923,
              15.084065
            ],
            [
              74.7256641,
              15.0841734
            ],
            [
              74.7266972,
              15.0841518
            ],
            [
              74.7275281,
              15.0840217
            ],
            [
              74.728359,
              15.0839349
            ],
            [
              74.7288306,
              15.084065
            ],
            [
              74.7291899,
              15.084065
            ],
            [
              74.7295492,
              15.0837615
            ],
            [
              74.7298636,
              15.0834362
            ],
            [
              74.7302229,
              15.0835446
            ],
            [
              74.7305149,
              15.0837615
            ],
            [
              74.7310089,
              15.0839349
            ],
            [
              74.7311886,
              15.0843686
            ],
            [
              74.7311437,
              15.0850841
            ],
            [
              74.7308966,
              15.0860816
            ],
            [
              74.7312335,
              15.0869923
            ],
            [
              74.7316153,
              15.0878379
            ],
            [
              74.7323384,
              15.0887162
            ],
            [
              74.732372,
              15.0887489
            ],
            [
              74.7332718,
              15.0893043
            ],
            [
              74.7321086,
              15.0931141
            ],
            [
              74.7314434,
              15.0950822
            ],
            [
              74.7270605,
              15.097907
            ],
            [
              74.7278988,
              15.1017978
            ],
            [
              74.7294388,
              15.1053424
            ],
            [
              74.728974,
              15.1096706
            ],
            [
              74.7295572,
              15.1107367
            ],
            [
              74.7295845,
              15.1131878
            ],
            [
              74.7286733,
              15.1148006
            ],
            [
              74.7282906,
              15.1167597
            ],
            [
              74.7271243,
              15.1196573
            ],
            [
              74.7275526,
              15.1213704
            ],
            [
              74.7264136,
              15.1247054
            ],
            [
              74.7229783,
              15.1291065
            ],
            [
              74.7212106,
              15.1323868
            ],
            [
              74.715953,
              15.1452439
            ],
            [
              74.7176296,
              15.1495812
            ],
            [
              74.720292,
              15.1537014
            ],
            [
              74.71982,
              15.1608674
            ],
            [
              74.7209787,
              15.1628971
            ],
            [
              74.7179317,
              15.1664593
            ],
            [
              74.7116231,
              15.1667078
            ],
            [
              74.7086619,
              15.1631871
            ],
            [
              74.7053146,
              15.1585478
            ],
            [
              74.7006796,
              15.1587965
            ],
            [
              74.7014522,
              15.1554826
            ],
            [
              74.6969031,
              15.148772
            ],
            [
              74.6884059,
              15.1451266
            ],
            [
              74.6834277,
              15.1473636
            ],
            [
              74.6811961,
              15.1513403
            ],
            [
              74.6788787,
              15.1505118
            ],
            [
              74.6769904,
              15.1521687
            ],
            [
              74.6760463,
              15.1598733
            ],
            [
              74.6766471,
              15.1624415
            ],
            [
              74.6762179,
              15.1660865
            ],
            [
              74.6733855,
              15.1681576
            ],
            [
              74.6387529,
              15.1665628
            ],
            [
              74.6382808,
              15.1663764
            ],
            [
              74.6363926,
              15.165548
            ],
            [
              74.6342468,
              15.1651752
            ],
            [
              74.6318864,
              15.1665007
            ],
            [
              74.6306848,
              15.1655894
            ],
            [
              74.6290111,
              15.1662936
            ],
            [
              74.6277666,
              15.1665007
            ],
            [
              74.6249771,
              15.1646782
            ],
            [
              74.6226167,
              15.165051
            ],
            [
              74.6216726,
              15.1646782
            ],
            [
              74.6201706,
              15.1609503
            ],
            [
              74.6167373,
              15.1594177
            ],
            [
              74.6099996,
              15.1605775
            ],
            [
              74.5849798,
              15.1587965
            ],
            [
              74.5731352,
              15.1644298
            ],
            [
              74.5631788,
              15.1833169
            ],
            [
              74.5511625,
              15.1858019
            ],
            [
              74.5487591,
              15.172217
            ],
            [
              74.5470425,
              15.1470324
            ],
            [
              74.5250698,
              15.1248278
            ],
            [
              74.5048138,
              15.1221763
            ],
            [
              74.4917675,
              15.1364275
            ],
            [
              74.4725415,
              15.1155475
            ],
            [
              74.4553753,
              15.1155475
            ],
            [
              74.4526287,
              15.1238335
            ],
            [
              74.4258496,
              15.1248278
            ],
            [
              74.4258496,
              15.1205191
            ],
            [
              74.4107434,
              15.1201877
            ],
            [
              74.3970105,
              15.1553171
            ],
            [
              74.3915173,
              15.1606192
            ],
            [
              74.3880841,
              15.1778499
            ],
            [
              74.400787,
              15.1751991
            ],
            [
              74.4079968,
              15.1801693
            ],
            [
              74.3966671,
              15.1924287
            ],
            [
              74.4025036,
              15.2215832
            ],
            [
              74.4141766,
              15.23119
            ],
            [
              74.4130611,
              15.2388087
            ],
            [
              74.4140052,
              15.2444399
            ],
            [
              74.4080829,
              15.2600905
            ],
            [
              74.3990707,
              15.2614154
            ],
            [
              74.3953799,
              15.2696128
            ],
            [
              74.3891143,
              15.2712688
            ],
            [
              74.3875307,
              15.2768193
            ],
            [
              74.3872556,
              15.2775443
            ],
            [
              74.3879132,
              15.2779974
            ],
            [
              74.389678,
              15.2782693
            ],
            [
              74.3899531,
              15.2781463
            ],
            [
              74.3901544,
              15.27858
            ],
            [
              74.3903826,
              15.2782952
            ],
            [
              74.3905101,
              15.2783017
            ],
            [
              74.3906644,
              15.2783664
            ],
            [
              74.3907449,
              15.2784894
            ],
            [
              74.3915636,
              15.2787872
            ],
            [
              74.3916911,
              15.2787354
            ],
            [
              74.3919595,
              15.278826
            ],
            [
              74.3922614,
              15.2787807
            ],
            [
              74.3928519,
              15.2783923
            ],
            [
              74.3926976,
              15.2778744
            ],
            [
              74.3928117,
              15.2776414
            ],
            [
              74.3929459,
              15.2775573
            ],
            [
              74.3933351,
              15.2774796
            ],
            [
              74.3942343,
              15.2763079
            ],
            [
              74.3942745,
              15.276185
            ],
            [
              74.3948113,
              15.2757836
            ],
            [
              74.3950261,
              15.2757901
            ],
            [
              74.3971264,
              15.2764374
            ],
            [
              74.3973076,
              15.2764568
            ],
            [
              74.3979048,
              15.2762756
            ],
            [
              74.3984349,
              15.2762367
            ],
            [
              74.3991596,
              15.2762756
            ],
            [
              74.3994146,
              15.2763597
            ],
            [
              74.3991395,
              15.2769876
            ],
            [
              74.3991261,
              15.2772854
            ],
            [
              74.3992535,
              15.2773307
            ],
            [
              74.3995152,
              15.2772401
            ],
            [
              74.3995756,
              15.2770653
            ],
            [
              74.3996964,
              15.2769294
            ],
            [
              74.4000454,
              15.2766575
            ],
            [
              74.4004815,
              15.2766769
            ],
            [
              74.400562,
              15.2769294
            ],
            [
              74.4009848,
              15.2770588
            ],
            [
              74.40128,
              15.2772271
            ],
            [
              74.4012465,
              15.2770977
            ],
            [
              74.4013472,
              15.2770006
            ],
            [
              74.4019041,
              15.2770459
            ],
            [
              74.402253,
              15.2771495
            ],
            [
              74.4023872,
              15.277143
            ],
            [
              74.4023201,
              15.2770265
            ],
            [
              74.4023269,
              15.276897
            ],
            [
              74.4024678,
              15.2768646
            ],
            [
              74.4029643,
              15.2769035
            ],
            [
              74.4036018,
              15.2770524
            ],
            [
              74.4045882,
              15.2768064
            ],
            [
              74.4049371,
              15.276787
            ],
            [
              74.40538,
              15.2768582
            ],
            [
              74.4055142,
              15.2769035
            ],
            [
              74.4055142,
              15.2770394
            ],
            [
              74.4056484,
              15.277266
            ],
            [
              74.4059571,
              15.2774278
            ],
            [
              74.4059437,
              15.2778939
            ],
            [
              74.4066483,
              15.2783535
            ],
            [
              74.406561,
              15.2785282
            ],
            [
              74.4065409,
              15.2787418
            ],
            [
              74.4069167,
              15.2784959
            ],
            [
              74.4070911,
              15.2785153
            ],
            [
              74.4074871,
              15.2787936
            ],
            [
              74.4077219,
              15.2788389
            ],
            [
              74.4079232,
              15.2786318
            ],
            [
              74.4078695,
              15.2784247
            ],
            [
              74.4079769,
              15.2781722
            ],
            [
              74.4079366,
              15.2774407
            ],
            [
              74.4082185,
              15.2773372
            ],
            [
              74.4083997,
              15.2773954
            ],
            [
              74.4087285,
              15.2778874
            ],
            [
              74.4088627,
              15.2779715
            ],
            [
              74.4097618,
              15.2778097
            ],
            [
              74.4093861,
              15.277512
            ],
            [
              74.4090707,
              15.2770653
            ],
            [
              74.4090841,
              15.2769099
            ],
            [
              74.4093794,
              15.2763338
            ],
            [
              74.4098357,
              15.2760296
            ],
            [
              74.4102651,
              15.2758225
            ],
            [
              74.4106811,
              15.2757577
            ],
            [
              74.4111777,
              15.2758419
            ],
            [
              74.4112515,
              15.2755959
            ],
            [
              74.4118152,
              15.275447
            ],
            [
              74.4119494,
              15.2751946
            ],
            [
              74.4115736,
              15.2751816
            ],
            [
              74.4111844,
              15.2753046
            ],
            [
              74.410963,
              15.2752658
            ],
            [
              74.4108154,
              15.2751816
            ],
            [
              74.4105671,
              15.2748515
            ],
            [
              74.4103591,
              15.2748191
            ],
            [
              74.4099363,
              15.2749615
            ],
            [
              74.4094733,
              15.2750198
            ],
            [
              74.4089298,
              15.2749809
            ],
            [
              74.4088425,
              15.2748709
            ],
            [
              74.4088157,
              15.2746961
            ],
            [
              74.4088761,
              15.2745602
            ],
            [
              74.4091982,
              15.2741588
            ],
            [
              74.4091244,
              15.2740358
            ],
            [
              74.4089834,
              15.2740488
            ],
            [
              74.4089969,
              15.2739129
            ],
            [
              74.4091512,
              15.2736539
            ],
            [
              74.4096209,
              15.2732202
            ],
            [
              74.4099363,
              15.2731749
            ],
            [
              74.409896,
              15.2728836
            ],
            [
              74.409943,
              15.2727606
            ],
            [
              74.4107214,
              15.2722169
            ],
            [
              74.4109361,
              15.2721715
            ],
            [
              74.4110703,
              15.272191
            ],
            [
              74.4112381,
              15.2723593
            ],
            [
              74.411332,
              15.27278
            ],
            [
              74.4112314,
              15.2731749
            ],
            [
              74.4114595,
              15.273518
            ],
            [
              74.4117548,
              15.273505
            ],
            [
              74.4120568,
              15.2733173
            ],
            [
              74.4122446,
              15.2733367
            ],
            [
              74.4123453,
              15.2732526
            ],
            [
              74.4125265,
              15.2732267
            ],
            [
              74.4134055,
              15.2735892
            ],
            [
              74.4138417,
              15.2736604
            ],
            [
              74.4139423,
              15.2737963
            ],
            [
              74.4140631,
              15.2742495
            ],
            [
              74.4139222,
              15.2744825
            ],
            [
              74.4135733,
              15.2747544
            ],
            [
              74.413788,
              15.2749745
            ],
            [
              74.4140497,
              15.2750457
            ],
            [
              74.4142913,
              15.275201
            ],
            [
              74.4143785,
              15.2753111
            ],
            [
              74.4143852,
              15.275447
            ],
            [
              74.4143248,
              15.2755765
            ],
            [
              74.4145152,
              15.2755032
            ],
            [
              74.4147715,
              15.2753613
            ],
            [
              74.4151605,
              15.2752652
            ],
            [
              74.4152934,
              15.2751141
            ],
            [
              74.4153835,
              15.2750821
            ],
            [
              74.4159719,
              15.2750043
            ],
            [
              74.4161712,
              15.2750592
            ],
            [
              74.4172151,
              15.2751233
            ],
            [
              74.4176801,
              15.2752789
            ],
            [
              74.4178746,
              15.2755077
            ],
            [
              74.418164,
              15.2754299
            ],
            [
              74.4183681,
              15.2754482
            ],
            [
              74.4185104,
              15.2753109
            ],
            [
              74.4187145,
              15.2752972
            ],
            [
              74.4189042,
              15.2753659
            ],
            [
              74.41889,
              15.275462
            ],
            [
              74.4189612,
              15.2755306
            ],
            [
              74.4193028,
              15.275343
            ],
            [
              74.4194879,
              15.2754254
            ],
            [
              74.4195828,
              15.2754025
            ],
            [
              74.4196729,
              15.2752423
            ],
            [
              74.4199529,
              15.2749905
            ],
            [
              74.4205033,
              15.274812
            ],
            [
              74.4212435,
              15.2749539
            ],
            [
              74.421419,
              15.275169
            ],
            [
              74.4217227,
              15.275224
            ],
            [
              74.421884,
              15.2753567
            ],
            [
              74.4220786,
              15.275375
            ],
            [
              74.4222257,
              15.275137
            ],
            [
              74.4220169,
              15.2748074
            ],
            [
              74.4220691,
              15.2746243
            ],
            [
              74.422183,
              15.2744733
            ],
            [
              74.4223775,
              15.2744229
            ],
            [
              74.4225578,
              15.2744962
            ],
            [
              74.4226053,
              15.2745831
            ],
            [
              74.422629,
              15.2748761
            ],
            [
              74.4227144,
              15.2751599
            ],
            [
              74.4226954,
              15.2753659
            ],
            [
              74.4227666,
              15.2755398
            ],
            [
              74.4227286,
              15.2756313
            ],
            [
              74.4231082,
              15.2753338
            ],
            [
              74.4231794,
              15.2753979
            ],
            [
              74.4231794,
              15.2754986
            ],
            [
              74.4233549,
              15.2758419
            ],
            [
              74.4235163,
              15.2759472
            ],
            [
              74.4240524,
              15.2756771
            ],
            [
              74.4241046,
              15.2754849
            ],
            [
              74.4244131,
              15.2751004
            ],
            [
              74.4244842,
              15.2749127
            ],
            [
              74.4246266,
              15.2747845
            ],
            [
              74.4247167,
              15.2747433
            ],
            [
              74.4249872,
              15.2748624
            ],
            [
              74.4251533,
              15.2750958
            ],
            [
              74.425604,
              15.2746381
            ],
            [
              74.4257891,
              15.2745648
            ],
            [
              74.4259632,
              15.2745953
            ],
            [
              74.4262652,
              15.2747248
            ],
            [
              74.4263792,
              15.2749708
            ],
            [
              74.4266946,
              15.2750161
            ],
            [
              74.4269563,
              15.2749708
            ],
            [
              74.4270167,
              15.2752426
            ],
            [
              74.4271711,
              15.2754562
            ],
            [
              74.4275804,
              15.2755663
            ],
            [
              74.4280098,
              15.2757864
            ],
            [
              74.4283722,
              15.275754
            ],
            [
              74.4287681,
              15.2758641
            ],
            [
              74.4288486,
              15.27611
            ],
            [
              74.4286003,
              15.2768803
            ],
            [
              74.4288486,
              15.2768027
            ],
            [
              74.4292579,
              15.2768739
            ],
            [
              74.429419,
              15.2771004
            ],
            [
              74.4296807,
              15.2771587
            ],
            [
              74.4299156,
              15.2777995
            ],
            [
              74.4300229,
              15.2777024
            ],
            [
              74.4300699,
              15.2771781
            ],
            [
              74.430184,
              15.2771004
            ],
            [
              74.4302242,
              15.2769774
            ],
            [
              74.4299223,
              15.2765308
            ],
            [
              74.4298887,
              15.2763949
            ],
            [
              74.4301034,
              15.2760583
            ],
            [
              74.4301638,
              15.2757993
            ],
            [
              74.4302645,
              15.2757087
            ],
            [
              74.4304457,
              15.2750679
            ],
            [
              74.4308214,
              15.274783
            ],
            [
              74.4309892,
              15.2745694
            ],
            [
              74.4310362,
              15.274304
            ],
            [
              74.4311771,
              15.2740904
            ],
            [
              74.4314052,
              15.2739286
            ],
            [
              74.4316736,
              15.2738897
            ],
            [
              74.4317743,
              15.2739933
            ],
            [
              74.4317609,
              15.2741422
            ],
            [
              74.4314992,
              15.2745112
            ],
            [
              74.4314656,
              15.2747766
            ],
            [
              74.4316938,
              15.2749513
            ],
            [
              74.4320025,
              15.2755404
            ],
            [
              74.431989,
              15.2758123
            ],
            [
              74.4318884,
              15.2760906
            ],
            [
              74.4319555,
              15.2762071
            ],
            [
              74.4320897,
              15.2761812
            ],
            [
              74.4324252,
              15.2759547
            ],
            [
              74.4326869,
              15.2759547
            ],
            [
              74.4343041,
              15.2765437
            ],
            [
              74.4347201,
              15.2768998
            ],
            [
              74.4348879,
              15.2771328
            ],
            [
              74.4350154,
              15.2771781
            ],
            [
              74.4352838,
              15.2770486
            ],
            [
              74.4355522,
              15.2771263
            ],
            [
              74.4356864,
              15.277094
            ],
            [
              74.4356327,
              15.276958
            ],
            [
              74.4357602,
              15.2767638
            ],
            [
              74.4357736,
              15.2766408
            ],
            [
              74.4355723,
              15.2763625
            ],
            [
              74.4351764,
              15.2762136
            ],
            [
              74.4349818,
              15.2760129
            ],
            [
              74.4349952,
              15.275877
            ],
            [
              74.4347067,
              15.2758252
            ],
            [
              74.4344114,
              15.275521
            ],
            [
              74.4344249,
              15.2750096
            ],
            [
              74.4350355,
              15.2741745
            ],
            [
              74.4349818,
              15.2740516
            ],
            [
              74.435116,
              15.2736826
            ],
            [
              74.4352301,
              15.2735984
            ],
            [
              74.4354985,
              15.2735207
            ],
            [
              74.4356864,
              15.2733201
            ],
            [
              74.436042,
              15.2731065
            ],
            [
              74.4362769,
              15.2731518
            ],
            [
              74.436552,
              15.2735402
            ],
            [
              74.4367265,
              15.2739156
            ],
            [
              74.4375787,
              15.2745306
            ],
            [
              74.4378404,
              15.2744982
            ],
            [
              74.4381356,
              15.2740451
            ],
            [
              74.4382698,
              15.2739998
            ],
            [
              74.4386926,
              15.273935
            ],
            [
              74.4389476,
              15.2740386
            ],
            [
              74.439169,
              15.2742004
            ],
            [
              74.4396186,
              15.2738185
            ],
            [
              74.4400615,
              15.2736178
            ],
            [
              74.4405916,
              15.273579
            ],
            [
              74.4407124,
              15.2736437
            ],
            [
              74.4407862,
              15.2737603
            ],
            [
              74.4409137,
              15.2737473
            ],
            [
              74.4410546,
              15.2737085
            ],
            [
              74.4415378,
              15.2733654
            ],
            [
              74.4420075,
              15.2731712
            ],
            [
              74.4425644,
              15.2733654
            ],
            [
              74.4429134,
              15.2735855
            ],
            [
              74.4429805,
              15.2736955
            ],
            [
              74.4429738,
              15.2741292
            ],
            [
              74.4434636,
              15.2736955
            ],
            [
              74.4436448,
              15.273346
            ],
            [
              74.4437589,
              15.2732812
            ],
            [
              74.443316,
              15.2732489
            ],
            [
              74.4431751,
              15.2732036
            ],
            [
              74.4430744,
              15.2731
            ],
            [
              74.4431482,
              15.2726857
            ],
            [
              74.4435643,
              15.2721419
            ],
            [
              74.4438461,
              15.2721031
            ],
            [
              74.4439736,
              15.2721355
            ],
            [
              74.4440675,
              15.2722455
            ],
            [
              74.4441212,
              15.2725174
            ],
            [
              74.4442017,
              15.2726274
            ],
            [
              74.4443158,
              15.2725433
            ],
            [
              74.4444232,
              15.2721678
            ],
            [
              74.4447386,
              15.2719283
            ],
            [
              74.4452552,
              15.27165
            ],
            [
              74.445584,
              15.2715917
            ],
            [
              74.4458457,
              15.2718118
            ],
            [
              74.4460001,
              15.2718506
            ],
            [
              74.4461209,
              15.2717989
            ],
            [
              74.4462148,
              15.2710803
            ],
            [
              74.4460739,
              15.2707049
            ],
            [
              74.4460739,
              15.2705624
            ],
            [
              74.4462752,
              15.2703812
            ],
            [
              74.4466376,
              15.2701676
            ],
            [
              74.4467382,
              15.2700705
            ],
            [
              74.4467651,
              15.269941
            ],
            [
              74.4467651,
              15.2698115
            ],
            [
              74.4463557,
              15.2697403
            ],
            [
              74.446302,
              15.2696173
            ],
            [
              74.446698,
              15.2686528
            ],
            [
              74.4472817,
              15.2676688
            ],
            [
              74.4473757,
              15.2671639
            ],
            [
              74.4474898,
              15.2670992
            ],
            [
              74.4477582,
              15.2670603
            ],
            [
              74.4480065,
              15.2671833
            ],
            [
              74.4481407,
              15.2671574
            ],
            [
              74.4483889,
              15.2670344
            ],
            [
              74.4484493,
              15.2669179
            ],
            [
              74.4488788,
              15.2665878
            ],
            [
              74.4494089,
              15.2666007
            ],
            [
              74.4495297,
              15.2673516
            ],
            [
              74.4500934,
              15.2676106
            ],
            [
              74.4507711,
              15.2676235
            ],
            [
              74.4511737,
              15.2674099
            ],
            [
              74.4513415,
              15.2673969
            ],
            [
              74.4514354,
              15.2672998
            ],
            [
              74.451583,
              15.2672869
            ],
            [
              74.4516703,
              15.2669891
            ],
            [
              74.4520528,
              15.2666137
            ],
            [
              74.4522474,
              15.2662382
            ],
            [
              74.4524822,
              15.2661023
            ],
            [
              74.4528714,
              15.2659857
            ],
            [
              74.4529855,
              15.265908
            ],
            [
              74.4530123,
              15.2657786
            ],
            [
              74.453113,
              15.2657009
            ],
            [
              74.4535961,
              15.2655002
            ],
            [
              74.453831,
              15.265183
            ],
            [
              74.454039,
              15.2650147
            ],
            [
              74.4545557,
              15.2649111
            ],
            [
              74.4548711,
              15.2646587
            ],
            [
              74.4551596,
              15.2646069
            ],
            [
              74.4552938,
              15.2646457
            ],
            [
              74.4553408,
              15.2647687
            ],
            [
              74.4548509,
              15.2656038
            ],
            [
              74.4548375,
              15.2658757
            ],
            [
              74.455683,
              15.2654484
            ],
            [
              74.4559447,
              15.265196
            ],
            [
              74.4561125,
              15.2651183
            ],
            [
              74.4562064,
              15.2649953
            ],
            [
              74.4563272,
              15.2645875
            ],
            [
              74.4564614,
              15.2644515
            ],
            [
              74.4567298,
              15.2644903
            ],
            [
              74.4571928,
              15.2647752
            ],
            [
              74.4572197,
              15.2653254
            ],
            [
              74.4571391,
              15.266031
            ],
            [
              74.4569781,
              15.2662641
            ],
            [
              74.456911,
              15.2665295
            ],
            [
              74.4570452,
              15.2665619
            ],
            [
              74.4571727,
              15.2665101
            ],
            [
              74.457374,
              15.2663224
            ],
            [
              74.4575015,
              15.2662706
            ],
            [
              74.4576357,
              15.2663159
            ],
            [
              74.4577296,
              15.2664195
            ],
            [
              74.4579981,
              15.2664453
            ],
            [
              74.4576894,
              15.2661605
            ],
            [
              74.457837,
              15.2659275
            ],
            [
              74.4580517,
              15.2657656
            ],
            [
              74.4580853,
              15.2655067
            ],
            [
              74.4584745,
              15.2653578
            ],
            [
              74.4587429,
              15.2653772
            ],
            [
              74.4583403,
              15.2651571
            ],
            [
              74.4582463,
              15.2648982
            ],
            [
              74.4586624,
              15.2642379
            ],
            [
              74.4587765,
              15.2641796
            ],
            [
              74.4587093,
              15.2639207
            ],
            [
              74.4585148,
              15.2637718
            ],
            [
              74.4584208,
              15.263597
            ],
            [
              74.4584476,
              15.2634675
            ],
            [
              74.4586154,
              15.2632668
            ],
            [
              74.4585148,
              15.2631633
            ],
            [
              74.4582396,
              15.2630791
            ],
            [
              74.4580048,
              15.2629302
            ],
            [
              74.4578706,
              15.2625548
            ],
            [
              74.4578571,
              15.2623023
            ],
            [
              74.4579846,
              15.2620692
            ],
            [
              74.458092,
              15.2619915
            ],
            [
              74.4582329,
              15.2619915
            ],
            [
              74.4587228,
              15.2617455
            ],
            [
              74.4589778,
              15.2617714
            ],
            [
              74.4591656,
              15.2615837
            ],
            [
              74.45932,
              15.2615967
            ],
            [
              74.4594676,
              15.261998
            ],
            [
              74.4596152,
              15.2617844
            ],
            [
              74.4598836,
              15.2617779
            ],
            [
              74.4599172,
              15.2624706
            ],
            [
              74.4599977,
              15.262736
            ],
            [
              74.4602125,
              15.2625677
            ],
            [
              74.4604272,
              15.2629043
            ],
            [
              74.460293,
              15.2632992
            ],
            [
              74.4603332,
              15.26372
            ],
            [
              74.4604205,
              15.2638171
            ],
            [
              74.4605547,
              15.2638365
            ],
            [
              74.4605882,
              15.2635776
            ],
            [
              74.4608365,
              15.2634805
            ],
            [
              74.4609506,
              15.2635387
            ],
            [
              74.4612123,
              15.2641602
            ],
            [
              74.4611922,
              15.2644774
            ],
            [
              74.4612861,
              15.264568
            ],
            [
              74.461682,
              15.2647234
            ],
            [
              74.4617357,
              15.2651183
            ],
            [
              74.4617088,
              15.2652607
            ],
            [
              74.4617625,
              15.2653966
            ],
            [
              74.4623061,
              15.2654679
            ],
            [
              74.4626416,
              15.265688
            ],
            [
              74.4626416,
              15.2658174
            ],
            [
              74.4625678,
              15.2659339
            ],
            [
              74.4620846,
              15.2662511
            ],
            [
              74.4616015,
              15.2669309
            ],
            [
              74.4616619,
              15.2670474
            ],
            [
              74.4620578,
              15.2670862
            ],
            [
              74.4621316,
              15.2672027
            ],
            [
              74.4620913,
              15.2673322
            ],
            [
              74.4621316,
              15.2674617
            ],
            [
              74.4620444,
              15.2677012
            ],
            [
              74.4621383,
              15.2678112
            ],
            [
              74.4623866,
              15.2679148
            ],
            [
              74.4625275,
              15.2680443
            ],
            [
              74.4625812,
              15.2681673
            ],
            [
              74.4625678,
              15.2682968
            ],
            [
              74.4624671,
              15.2685557
            ],
            [
              74.4623732,
              15.2686593
            ],
            [
              74.4617223,
              15.2687952
            ],
            [
              74.4619571,
              15.2692807
            ],
            [
              74.461937,
              15.2695591
            ],
            [
              74.4613733,
              15.2697597
            ],
            [
              74.4608701,
              15.2701028
            ],
            [
              74.4606687,
              15.2701352
            ],
            [
              74.4603601,
              15.270433
            ],
            [
              74.4600917,
              15.2704783
            ],
            [
              74.4598904,
              15.2702906
            ],
            [
              74.4597494,
              15.270297
            ],
            [
              74.4596555,
              15.2704071
            ],
            [
              74.4594475,
              15.2707761
            ],
            [
              74.4596219,
              15.2712745
            ],
            [
              74.4593804,
              15.2718506
            ],
            [
              74.4588167,
              15.2721872
            ],
            [
              74.4586825,
              15.2721937
            ],
            [
              74.4584544,
              15.272854
            ],
            [
              74.4582262,
              15.2730158
            ],
            [
              74.4578035,
              15.2730417
            ],
            [
              74.4578706,
              15.2731647
            ],
            [
              74.4579377,
              15.2737279
            ],
            [
              74.458045,
              15.2739739
            ],
            [
              74.4577632,
              15.2741745
            ],
            [
              74.4578303,
              15.2744464
            ],
            [
              74.457676,
              15.2746859
            ],
            [
              74.4573941,
              15.2747766
            ],
            [
              74.4565151,
              15.2747507
            ],
            [
              74.4561863,
              15.2744917
            ],
            [
              74.4558977,
              15.2744658
            ],
            [
              74.4556159,
              15.2745176
            ],
            [
              74.4554079,
              15.2743364
            ],
            [
              74.4551261,
              15.2743364
            ],
            [
              74.4551194,
              15.2746147
            ],
            [
              74.4552267,
              15.2750031
            ],
            [
              74.4551596,
              15.2752556
            ],
            [
              74.455012,
              15.2753074
            ],
            [
              74.454549,
              15.2753138
            ],
            [
              74.4545221,
              15.2754433
            ],
            [
              74.4546362,
              15.2755016
            ],
            [
              74.4549315,
              15.2755145
            ],
            [
              74.4550455,
              15.2755857
            ],
            [
              74.4551261,
              15.2757022
            ],
            [
              74.4551328,
              15.2758382
            ],
            [
              74.4548644,
              15.27611
            ],
            [
              74.4541933,
              15.2762783
            ],
            [
              74.4540994,
              15.2763949
            ],
            [
              74.4540725,
              15.2766538
            ],
            [
              74.4539249,
              15.2770292
            ],
            [
              74.4537974,
              15.2771134
            ],
            [
              74.4539182,
              15.2771781
            ],
            [
              74.4543208,
              15.2771328
            ],
            [
              74.454455,
              15.2771652
            ],
            [
              74.4546094,
              15.2767897
            ],
            [
              74.4547234,
              15.2766926
            ],
            [
              74.4550925,
              15.2765437
            ],
            [
              74.455428,
              15.2762978
            ],
            [
              74.4559581,
              15.2760971
            ],
            [
              74.4563809,
              15.2760647
            ],
            [
              74.4566023,
              15.2762071
            ],
            [
              74.4568842,
              15.2762848
            ],
            [
              74.4578907,
              15.276233
            ],
            [
              74.4580115,
              15.2761683
            ],
            [
              74.4582799,
              15.2758641
            ],
            [
              74.4582866,
              15.2756051
            ],
            [
              74.4584141,
              15.2753591
            ],
            [
              74.4587832,
              15.2751391
            ],
            [
              74.4592328,
              15.2750808
            ],
            [
              74.4594945,
              15.2751261
            ],
            [
              74.4596219,
              15.2752038
            ],
            [
              74.4596354,
              15.2754886
            ],
            [
              74.459736,
              15.2755792
            ],
            [
              74.4601319,
              15.2756504
            ],
            [
              74.4610848,
              15.2749254
            ],
            [
              74.4612257,
              15.2747118
            ],
            [
              74.4614437,
              15.2745544
            ],
            [
              74.4620208,
              15.2745156
            ],
            [
              74.4624234,
              15.2743732
            ],
            [
              74.4626515,
              15.2742308
            ],
            [
              74.4629468,
              15.273933
            ],
            [
              74.4631078,
              15.2735834
            ],
            [
              74.4631347,
              15.2733375
            ],
            [
              74.4633897,
              15.2732339
            ],
            [
              74.4636581,
              15.2732598
            ],
            [
              74.4638325,
              15.2730526
            ],
            [
              74.4638325,
              15.27225
            ],
            [
              74.4639265,
              15.272004
            ],
            [
              74.4644633,
              15.272004
            ],
            [
              74.4646915,
              15.2721205
            ],
            [
              74.4648659,
              15.2723276
            ],
            [
              74.4650941,
              15.2724442
            ],
            [
              74.4653625,
              15.2724442
            ],
            [
              74.4658859,
              15.2722888
            ],
            [
              74.4663288,
              15.2720169
            ],
            [
              74.4665703,
              15.2715249
            ],
            [
              74.4665972,
              15.271266
            ],
            [
              74.4668119,
              15.270787
            ],
            [
              74.4668522,
              15.2702821
            ],
            [
              74.4667448,
              15.2700361
            ],
            [
              74.4667582,
              15.2697901
            ],
            [
              74.4668522,
              15.2695441
            ],
            [
              74.4670669,
              15.2693887
            ],
            [
              74.4673085,
              15.2695182
            ],
            [
              74.4674561,
              15.2697512
            ],
            [
              74.4676574,
              15.270295
            ],
            [
              74.467644,
              15.2705539
            ],
            [
              74.4677379,
              15.2707999
            ],
            [
              74.4679929,
              15.2708388
            ],
            [
              74.4685297,
              15.2707611
            ],
            [
              74.4687713,
              15.2708776
            ],
            [
              74.4690263,
              15.2709294
            ],
            [
              74.4699481,
              15.2706116
            ],
            [
              74.4701664,
              15.2707489
            ],
            [
              74.4704511,
              15.2712707
            ],
            [
              74.4706124,
              15.2713806
            ],
            [
              74.4707737,
              15.2713073
            ],
            [
              74.4712008,
              15.2709412
            ],
            [
              74.4715424,
              15.270813
            ],
            [
              74.4717986,
              15.2705383
            ],
            [
              74.4718555,
              15.270163
            ],
            [
              74.4720169,
              15.2700348
            ],
            [
              74.4722067,
              15.2700257
            ],
            [
              74.4725958,
              15.2704193
            ],
            [
              74.4729564,
              15.2704468
            ],
            [
              74.4731936,
              15.270163
            ],
            [
              74.4731936,
              15.269806
            ],
            [
              74.47326,
              15.2696229
            ],
            [
              74.4740856,
              15.2691926
            ],
            [
              74.4741711,
              15.2690187
            ],
            [
              74.4745981,
              15.268625
            ],
            [
              74.4746171,
              15.2684511
            ],
            [
              74.4745601,
              15.268268
            ],
            [
              74.4746266,
              15.268094
            ],
            [
              74.4750156,
              15.2680574
            ],
            [
              74.4753668,
              15.2682039
            ],
            [
              74.4757843,
              15.2685426
            ],
            [
              74.4756799,
              15.268918
            ],
            [
              74.4757748,
              15.2693025
            ],
            [
              74.4762208,
              15.2696778
            ],
            [
              74.4766763,
              15.2708496
            ],
            [
              74.4766479,
              15.2710327
            ],
            [
              74.4760674,
              15.2721258
            ],
            [
              74.4756111,
              15.2725013
            ],
            [
              74.4749333,
              15.2728444
            ],
            [
              74.4748662,
              15.273291
            ],
            [
              74.4746045,
              15.2738283
            ],
            [
              74.4740006,
              15.2745986
            ],
            [
              74.4738463,
              15.2746763
            ],
            [
              74.4735577,
              15.2750194
            ],
            [
              74.4733095,
              15.2751941
            ],
            [
              74.4727793,
              15.2754272
            ],
            [
              74.4726586,
              15.2753689
            ],
            [
              74.4725445,
              15.2751165
            ],
            [
              74.4721888,
              15.274877
            ],
            [
              74.4719003,
              15.2748446
            ],
            [
              74.4714775,
              15.2748899
            ],
            [
              74.4713501,
              15.2748122
            ],
            [
              74.4711286,
              15.2744627
            ],
            [
              74.4712561,
              15.2740678
            ],
            [
              74.4712829,
              15.2732651
            ],
            [
              74.4713433,
              15.2731486
            ],
            [
              74.4712293,
              15.2730644
            ],
            [
              74.4710884,
              15.2730709
            ],
            [
              74.4709944,
              15.273181
            ],
            [
              74.4709676,
              15.2733104
            ],
            [
              74.4705448,
              15.2736794
            ],
            [
              74.470424,
              15.2740743
            ],
            [
              74.4702764,
              15.2743073
            ],
            [
              74.4698067,
              15.2746828
            ],
            [
              74.4697329,
              15.274864
            ],
            [
              74.4697798,
              15.274987
            ],
            [
              74.4699006,
              15.2750841
            ],
            [
              74.4699744,
              15.275343
            ],
            [
              74.4701758,
              15.2755243
            ],
            [
              74.4702563,
              15.2757832
            ],
            [
              74.4704777,
              15.2761392
            ],
            [
              74.4704844,
              15.2762816
            ],
            [
              74.470424,
              15.2764176
            ],
            [
              74.4703569,
              15.2770908
            ],
            [
              74.4700483,
              15.2780747
            ],
            [
              74.4698067,
              15.2784178
            ],
            [
              74.4700281,
              15.2785861
            ],
            [
              74.4699275,
              15.2791298
            ],
            [
              74.4699744,
              15.2792528
            ],
            [
              74.4702361,
              15.279324
            ],
            [
              74.4703502,
              15.2794146
            ],
            [
              74.4703636,
              15.2795506
            ],
            [
              74.4701355,
              15.2802691
            ],
            [
              74.4701825,
              15.2803985
            ],
            [
              74.470169,
              15.2808063
            ],
            [
              74.4703636,
              15.2813048
            ],
            [
              74.4702697,
              15.2815637
            ],
            [
              74.4700818,
              15.2817643
            ],
            [
              74.4696591,
              15.2817579
            ],
            [
              74.4691558,
              15.2815184
            ],
            [
              74.4690753,
              15.281117
            ],
            [
              74.4689947,
              15.281007
            ],
            [
              74.4688874,
              15.2809229
            ],
            [
              74.4685921,
              15.2809229
            ],
            [
              74.4683237,
              15.2805927
            ],
            [
              74.4682231,
              15.2803468
            ],
            [
              74.4682298,
              15.2799584
            ],
            [
              74.468062,
              15.2797383
            ],
            [
              74.4679345,
              15.279693
            ],
            [
              74.467807,
              15.2794664
            ],
            [
              74.4672903,
              15.2797059
            ],
            [
              74.466579,
              15.2798354
            ],
            [
              74.4664314,
              15.2798548
            ],
            [
              74.4661697,
              15.2797577
            ],
            [
              74.4660288,
              15.2795182
            ],
            [
              74.4660221,
              15.2792399
            ],
            [
              74.466116,
              15.2788515
            ],
            [
              74.4661899,
              15.2787414
            ],
            [
              74.4661093,
              15.2786314
            ],
            [
              74.4660959,
              15.2779841
            ],
            [
              74.4661362,
              15.2778546
            ],
            [
              74.4662435,
              15.2777705
            ],
            [
              74.4661697,
              15.2776475
            ],
            [
              74.4659214,
              15.2775051
            ],
            [
              74.4657201,
              15.277162
            ],
            [
              74.4655993,
              15.2770778
            ],
            [
              74.4654853,
              15.2770066
            ],
            [
              74.4651632,
              15.2769807
            ],
            [
              74.4651766,
              15.2773238
            ],
            [
              74.4650223,
              15.2776604
            ],
            [
              74.4647471,
              15.2777057
            ],
            [
              74.4641701,
              15.2775763
            ],
            [
              74.463754,
              15.2777122
            ],
            [
              74.4644854,
              15.2780229
            ],
            [
              74.4646196,
              15.2782559
            ],
            [
              74.464821,
              15.2784566
            ],
            [
              74.4648277,
              15.2787155
            ],
            [
              74.464935,
              15.279091
            ],
            [
              74.4648679,
              15.279214
            ],
            [
              74.4649552,
              15.279324
            ],
            [
              74.4649484,
              15.2794664
            ],
            [
              74.465029,
              15.27957
            ],
            [
              74.464935,
              15.2796736
            ],
            [
              74.4648008,
              15.279693
            ],
            [
              74.4647203,
              15.279803
            ],
            [
              74.4646666,
              15.2800684
            ],
            [
              74.464935,
              15.280528
            ],
            [
              74.4649619,
              15.2810135
            ],
            [
              74.4648545,
              15.2812595
            ],
            [
              74.4645324,
              15.281486
            ],
            [
              74.4645391,
              15.2816155
            ],
            [
              74.4648075,
              15.2816608
            ],
            [
              74.4653712,
              15.2820492
            ],
            [
              74.4651833,
              15.2822757
            ],
            [
              74.4651699,
              15.2825346
            ],
            [
              74.4653578,
              15.2832855
            ],
            [
              74.4654651,
              15.2834732
            ],
            [
              74.4658409,
              15.283881
            ],
            [
              74.4657872,
              15.2841593
            ],
            [
              74.4655993,
              15.2843665
            ],
            [
              74.4652303,
              15.2845995
            ],
            [
              74.4648075,
              15.2846772
            ],
            [
              74.4645525,
              15.2845477
            ],
            [
              74.4641231,
              15.2842111
            ],
            [
              74.4638547,
              15.2841399
            ],
            [
              74.4636802,
              15.2839328
            ],
            [
              74.4635594,
              15.2838616
            ],
            [
              74.4634185,
              15.2838551
            ],
            [
              74.4630092,
              15.2853957
            ],
            [
              74.4629085,
              15.2854992
            ],
            [
              74.4623784,
              15.2857064
            ],
            [
              74.4622107,
              15.2859459
            ],
            [
              74.4617342,
              15.2862825
            ],
            [
              74.4616873,
              15.2864249
            ],
            [
              74.4617678,
              15.2868391
            ],
            [
              74.4621234,
              15.2876094
            ],
            [
              74.4622241,
              15.2883214
            ],
            [
              74.4620832,
              15.2887162
            ],
            [
              74.4619557,
              15.288781
            ],
            [
              74.4615195,
              15.2887486
            ],
            [
              74.4611907,
              15.2884573
            ],
            [
              74.4610431,
              15.2884185
            ],
            [
              74.4607545,
              15.2884703
            ],
            [
              74.4606405,
              15.2883797
            ],
            [
              74.4604727,
              15.2880042
            ],
            [
              74.4605398,
              15.2876094
            ],
            [
              74.4604526,
              15.2873634
            ],
            [
              74.4595534,
              15.2875382
            ],
            [
              74.4592783,
              15.2874411
            ],
            [
              74.4590501,
              15.2872728
            ],
            [
              74.4584663,
              15.2872793
            ],
            [
              74.4583187,
              15.2873116
            ],
            [
              74.4579161,
              15.2876935
            ],
            [
              74.4573524,
              15.2880495
            ],
            [
              74.4570974,
              15.2878942
            ],
            [
              74.4569632,
              15.2879071
            ],
            [
              74.4569834,
              15.288056
            ],
            [
              74.4567284,
              15.288289
            ],
            [
              74.456782,
              15.2884056
            ],
            [
              74.4575068,
              15.2890399
            ],
            [
              74.4578557,
              15.2895383
            ],
            [
              74.4579429,
              15.2899396
            ],
            [
              74.4576879,
              15.2900561
            ],
            [
              74.4571914,
              15.289726
            ],
            [
              74.4568961,
              15.2897713
            ],
            [
              74.4565405,
              15.2902503
            ],
            [
              74.4566076,
              15.290671
            ],
            [
              74.4564331,
              15.2909493
            ],
            [
              74.4560171,
              15.2912341
            ],
            [
              74.45544,
              15.291273
            ],
            [
              74.4553058,
              15.2912277
            ],
            [
              74.4552118,
              15.2911241
            ],
            [
              74.45493,
              15.2910594
            ],
            [
              74.4543663,
              15.29115
            ],
            [
              74.4543798,
              15.2912989
            ],
            [
              74.4549166,
              15.2923086
            ],
            [
              74.4550776,
              15.2924445
            ],
            [
              74.4556681,
              15.292697
            ],
            [
              74.4560037,
              15.292917
            ],
            [
              74.4559969,
              15.293053
            ],
            [
              74.4558896,
              15.293176
            ],
            [
              74.45544,
              15.2940498
            ],
            [
              74.4553058,
              15.2941145
            ],
            [
              74.454769,
              15.2939074
            ],
            [
              74.454165,
              15.293286
            ],
            [
              74.4540443,
              15.2932277
            ],
            [
              74.4535544,
              15.2935578
            ],
            [
              74.4534068,
              15.2935384
            ],
            [
              74.4533128,
              15.2934349
            ],
            [
              74.4532457,
              15.293176
            ],
            [
              74.4532189,
              15.2929106
            ],
            [
              74.4533195,
              15.2926646
            ],
            [
              74.4532591,
              15.2925481
            ],
            [
              74.4529773,
              15.2924575
            ],
            [
              74.4529102,
              15.2925805
            ],
            [
              74.4527693,
              15.2926258
            ],
            [
              74.4526619,
              15.2925481
            ],
            [
              74.4525479,
              15.2923151
            ],
            [
              74.4524338,
              15.2922439
            ],
            [
              74.4522123,
              15.2924187
            ],
            [
              74.4520781,
              15.2924445
            ],
            [
              74.4521117,
              15.2927229
            ],
            [
              74.4519641,
              15.2930594
            ],
            [
              74.4517158,
              15.293176
            ],
            [
              74.45134,
              15.2932213
            ],
            [
              74.4507428,
              15.2931242
            ],
            [
              74.4503939,
              15.2929429
            ],
            [
              74.4502664,
              15.2930336
            ],
            [
              74.4498436,
              15.2930141
            ],
            [
              74.4493672,
              15.292697
            ],
            [
              74.44877,
              15.2921662
            ],
            [
              74.4486291,
              15.2921274
            ],
            [
              74.4485418,
              15.2922374
            ],
            [
              74.4485083,
              15.2924899
            ],
            [
              74.4481795,
              15.2927811
            ],
            [
              74.4481795,
              15.2929106
            ],
            [
              74.44826,
              15.293176
            ],
            [
              74.4483539,
              15.2932795
            ],
            [
              74.4485754,
              15.2941145
            ],
            [
              74.4485821,
              15.294341
            ],
            [
              74.4480721,
              15.2946194
            ],
            [
              74.4480587,
              15.2948588
            ],
            [
              74.4478305,
              15.2950336
            ],
            [
              74.4475755,
              15.2951695
            ],
            [
              74.4471125,
              15.295299
            ],
            [
              74.4468307,
              15.2952407
            ],
            [
              74.4466898,
              15.2952731
            ],
            [
              74.4463945,
              15.2955708
            ],
            [
              74.4460322,
              15.2957779
            ],
            [
              74.4454618,
              15.2957844
            ],
            [
              74.44518,
              15.2957326
            ],
            [
              74.444878,
              15.2949559
            ],
            [
              74.4446901,
              15.2947488
            ],
            [
              74.4445626,
              15.2948135
            ],
            [
              74.4444754,
              15.2950854
            ],
            [
              74.4443412,
              15.2950983
            ],
            [
              74.4440728,
              15.2949624
            ],
            [
              74.443744,
              15.2949171
            ],
            [
              74.4439587,
              15.295532
            ],
            [
              74.4440459,
              15.2963281
            ],
            [
              74.4441466,
              15.2965547
            ],
            [
              74.4445895,
              15.2969883
            ],
            [
              74.4446566,
              15.2971048
            ],
            [
              74.4446566,
              15.2973637
            ],
            [
              74.4445157,
              15.2976809
            ],
            [
              74.4443546,
              15.2977585
            ],
            [
              74.4440795,
              15.2978103
            ],
            [
              74.4436769,
              15.2976291
            ],
            [
              74.4436836,
              15.2979009
            ],
            [
              74.4436165,
              15.2980174
            ],
            [
              74.4429991,
              15.2981016
            ],
            [
              74.4427374,
              15.2982763
            ],
            [
              74.4427911,
              15.2984123
            ],
            [
              74.4429052,
              15.2984835
            ],
            [
              74.4436836,
              15.2987165
            ],
            [
              74.4439117,
              15.2988912
            ],
            [
              74.4439923,
              15.2990077
            ],
            [
              74.4442003,
              15.2998362
            ],
            [
              74.4443546,
              15.3001728
            ],
            [
              74.4443747,
              15.3004381
            ],
            [
              74.4441533,
              15.3005935
            ],
            [
              74.4440057,
              15.3005547
            ],
            [
              74.443489,
              15.2998815
            ],
            [
              74.4433481,
              15.2998686
            ],
            [
              74.4430998,
              15.299998
            ],
            [
              74.4426636,
              15.3000951
            ],
            [
              74.4423818,
              15.3000498
            ],
            [
              74.4422342,
              15.3004576
            ],
            [
              74.4422543,
              15.3007359
            ],
            [
              74.4423818,
              15.3008006
            ],
            [
              74.442932,
              15.3008847
            ],
            [
              74.443281,
              15.3012019
            ],
            [
              74.4432675,
              15.3013378
            ],
            [
              74.4433212,
              15.3014673
            ],
            [
              74.4431736,
              15.3017456
            ],
            [
              74.4431736,
              15.3020368
            ],
            [
              74.4428985,
              15.3021404
            ],
            [
              74.4425093,
              15.3020109
            ],
            [
              74.4422409,
              15.3021274
            ],
            [
              74.4419389,
              15.3021274
            ],
            [
              74.4417779,
              15.3020821
            ],
            [
              74.4415833,
              15.3018686
            ],
            [
              74.4414558,
              15.3018168
            ],
            [
              74.4413216,
              15.301875
            ],
            [
              74.4414021,
              15.3024381
            ],
            [
              74.4415698,
              15.3026647
            ],
            [
              74.4415833,
              15.3029494
            ],
            [
              74.4415095,
              15.3030659
            ],
            [
              74.4412209,
              15.3031566
            ],
            [
              74.4404895,
              15.3030465
            ],
            [
              74.4402479,
              15.3028977
            ],
            [
              74.4402144,
              15.3026452
            ],
            [
              74.4405969,
              15.3024899
            ],
            [
              74.4402882,
              15.3022181
            ],
            [
              74.440201,
              15.3020692
            ],
            [
              74.440154,
              15.3014673
            ],
            [
              74.4401875,
              15.3013378
            ],
            [
              74.4404828,
              15.3009754
            ],
            [
              74.4406103,
              15.3009365
            ],
            [
              74.4412008,
              15.3009624
            ],
            [
              74.4414356,
              15.300833
            ],
            [
              74.441496,
              15.3007165
            ],
            [
              74.4414692,
              15.3004576
            ],
            [
              74.4412343,
              15.3003152
            ],
            [
              74.4410196,
              15.2999333
            ],
            [
              74.4409391,
              15.2996809
            ],
            [
              74.4409324,
              15.2992796
            ],
            [
              74.4411874,
              15.2991695
            ],
            [
              74.4412209,
              15.2987747
            ],
            [
              74.4415162,
              15.2984705
            ],
            [
              74.4418315,
              15.2984123
            ],
            [
              74.4419792,
              15.2984382
            ],
            [
              74.4421067,
              15.2983734
            ],
            [
              74.442214,
              15.298134
            ],
            [
              74.4419389,
              15.2981275
            ],
            [
              74.4416839,
              15.2979916
            ],
            [
              74.4416101,
              15.2978686
            ],
            [
              74.4415564,
              15.2976032
            ],
            [
              74.4417242,
              15.2972084
            ],
            [
              74.4417376,
              15.2968848
            ],
            [
              74.44159,
              15.2969236
            ],
            [
              74.4414759,
              15.2970401
            ],
            [
              74.441288,
              15.2973637
            ],
            [
              74.4409793,
              15.297642
            ],
            [
              74.4407982,
              15.2979268
            ],
            [
              74.4406505,
              15.2979721
            ],
            [
              74.440523,
              15.2979074
            ],
            [
              74.4402546,
              15.297545
            ],
            [
              74.4402278,
              15.2966776
            ],
            [
              74.4400466,
              15.2964705
            ],
            [
              74.4397581,
              15.2964705
            ],
            [
              74.439597,
              15.2962246
            ],
            [
              74.4393487,
              15.2959851
            ],
            [
              74.4391072,
              15.2956097
            ],
            [
              74.4390267,
              15.2957197
            ],
            [
              74.439181,
              15.2960174
            ],
            [
              74.4390669,
              15.2967747
            ],
            [
              74.4388186,
              15.2972925
            ],
            [
              74.4386777,
              15.2973119
            ],
            [
              74.4384294,
              15.2971372
            ],
            [
              74.4383019,
              15.2972666
            ],
            [
              74.4382952,
              15.2974284
            ],
            [
              74.438416,
              15.2977068
            ],
            [
              74.4382885,
              15.2983929
            ],
            [
              74.4381409,
              15.2989883
            ],
            [
              74.4380604,
              15.2991242
            ],
            [
              74.4378121,
              15.2993314
            ],
            [
              74.4376712,
              15.2993508
            ],
            [
              74.4369263,
              15.2991825
            ],
            [
              74.4365103,
              15.298956
            ],
            [
              74.4365707,
              15.2983864
            ],
            [
              74.4365371,
              15.2982569
            ],
            [
              74.4364298,
              15.2981663
            ],
            [
              74.4361748,
              15.2982958
            ],
            [
              74.4357185,
              15.2987359
            ],
            [
              74.4356514,
              15.2990789
            ],
            [
              74.4355373,
              15.2993055
            ],
            [
              74.4352555,
              15.2995579
            ],
            [
              74.4349736,
              15.2996744
            ],
            [
              74.4340678,
              15.2998103
            ],
            [
              74.4336584,
              15.2997003
            ],
            [
              74.4333028,
              15.2990984
            ],
            [
              74.433182,
              15.2990207
            ],
            [
              74.433021,
              15.2992666
            ],
            [
              74.4328465,
              15.2993055
            ],
            [
              74.4326452,
              15.2992731
            ],
            [
              74.4331015,
              15.2999527
            ],
            [
              74.4330679,
              15.3005029
            ],
            [
              74.4330075,
              15.3007035
            ],
            [
              74.4330813,
              15.3011954
            ],
            [
              74.4332625,
              15.3015514
            ],
            [
              74.4331686,
              15.3019656
            ],
            [
              74.4329069,
              15.3020304
            ],
            [
              74.4325579,
              15.3019462
            ],
            [
              74.4324103,
              15.301875
            ],
            [
              74.4320681,
              15.3015449
            ],
            [
              74.4318869,
              15.3014996
            ],
            [
              74.4317527,
              15.301532
            ],
            [
              74.4318265,
              15.3020951
            ],
            [
              74.4320278,
              15.3023281
            ],
            [
              74.4320413,
              15.3025093
            ],
            [
              74.4318869,
              15.3027812
            ],
            [
              74.4318064,
              15.3030983
            ],
            [
              74.431283,
              15.3034543
            ],
            [
              74.4311018,
              15.3034802
            ],
            [
              74.4301087,
              15.3031695
            ],
            [
              74.4302429,
              15.3034284
            ],
            [
              74.4301288,
              15.3038556
            ],
            [
              74.430008,
              15.304108
            ],
            [
              74.4295182,
              15.3041533
            ],
            [
              74.4294175,
              15.3042504
            ],
            [
              74.4293974,
              15.3043798
            ],
            [
              74.4295115,
              15.3046322
            ],
            [
              74.4295115,
              15.3047682
            ],
            [
              74.4291558,
              15.3052536
            ],
            [
              74.4284311,
              15.3056354
            ],
            [
              74.427693,
              15.3057196
            ],
            [
              74.427277,
              15.3056743
            ],
            [
              74.427183,
              15.3055643
            ],
            [
              74.4271428,
              15.3052989
            ],
            [
              74.426975,
              15.3050788
            ],
            [
              74.4264046,
              15.3046646
            ],
            [
              74.4262905,
              15.3047552
            ],
            [
              74.4264382,
              15.3052212
            ],
            [
              74.4265925,
              15.3054478
            ],
            [
              74.4265522,
              15.3057131
            ],
            [
              74.4266865,
              15.3059461
            ],
            [
              74.426767,
              15.3062244
            ],
            [
              74.4266865,
              15.3063409
            ],
            [
              74.4263845,
              15.3063798
            ],
            [
              74.4261362,
              15.3063409
            ],
            [
              74.4256464,
              15.3060885
            ],
            [
              74.4253578,
              15.306095
            ],
            [
              74.4249955,
              15.3061921
            ],
            [
              74.4246398,
              15.3061856
            ],
            [
              74.4243647,
              15.3061144
            ],
            [
              74.424311,
              15.3059914
            ],
            [
              74.4242037,
              15.3060885
            ],
            [
              74.42415,
              15.3062697
            ],
            [
              74.4239218,
              15.3064768
            ],
            [
              74.4239084,
              15.3066128
            ],
            [
              74.4241433,
              15.3067422
            ],
            [
              74.4245794,
              15.3068005
            ],
            [
              74.4247002,
              15.3069364
            ],
            [
              74.4247807,
              15.3070529
            ],
            [
              74.4248076,
              15.3072923
            ],
            [
              74.4247472,
              15.3075189
            ],
            [
              74.4248948,
              15.3078878
            ],
            [
              74.4248076,
              15.3079978
            ],
            [
              74.4245392,
              15.3081078
            ],
            [
              74.4242775,
              15.3080043
            ],
            [
              74.42415,
              15.3080496
            ],
            [
              74.4241835,
              15.308179
            ],
            [
              74.4240627,
              15.3084962
            ],
            [
              74.4243244,
              15.3088457
            ],
            [
              74.4243513,
              15.3094023
            ],
            [
              74.4243177,
              15.3095576
            ],
            [
              74.4240694,
              15.3097712
            ],
            [
              74.4235796,
              15.3098812
            ],
            [
              74.4228348,
              15.3098424
            ],
            [
              74.4226536,
              15.3097582
            ],
            [
              74.4221436,
              15.3093052
            ],
            [
              74.4213853,
              15.3090851
            ],
            [
              74.4213585,
              15.3092469
            ],
            [
              74.4211371,
              15.3094929
            ],
            [
              74.4209961,
              15.3095058
            ],
            [
              74.4212109,
              15.3100819
            ],
            [
              74.4211438,
              15.3102372
            ],
            [
              74.4206271,
              15.3100948
            ],
            [
              74.4202446,
              15.3103213
            ],
            [
              74.4198889,
              15.3102501
            ],
            [
              74.4195534,
              15.3098877
            ],
            [
              74.4189763,
              15.3098359
            ],
            [
              74.4183456,
              15.3098683
            ],
            [
              74.4180168,
              15.3097582
            ],
            [
              74.4179295,
              15.3096482
            ],
            [
              74.4177886,
              15.3095964
            ],
            [
              74.4175068,
              15.3095706
            ],
            [
              74.4174732,
              15.3097065
            ],
            [
              74.4175605,
              15.3100883
            ],
            [
              74.417688,
              15.3103343
            ],
            [
              74.4180839,
              15.3106902
            ],
            [
              74.4180973,
              15.3108197
            ],
            [
              74.417943,
              15.3108585
            ],
            [
              74.4176678,
              15.3108132
            ],
            [
              74.4170706,
              15.3105737
            ],
            [
              74.41697,
              15.3104443
            ],
            [
              74.4167016,
              15.3104767
            ],
            [
              74.4165137,
              15.3103472
            ],
            [
              74.4165472,
              15.3104896
            ],
            [
              74.4168022,
              15.3108197
            ],
            [
              74.4166479,
              15.3110527
            ],
            [
              74.4160775,
              15.311098
            ],
            [
              74.4158762,
              15.3113569
            ],
            [
              74.4157554,
              15.3114151
            ],
            [
              74.415534,
              15.3114151
            ],
            [
              74.415232,
              15.3113439
            ],
            [
              74.4148026,
              15.3111303
            ],
            [
              74.4146616,
              15.3108973
            ],
            [
              74.4145207,
              15.3108844
            ],
            [
              74.4145073,
              15.3110203
            ],
            [
              74.4147556,
              15.3114539
            ],
            [
              74.4149471,
              15.3116065
            ],
            [
              74.4149672,
              15.3117359
            ],
            [
              74.4151215,
              15.3119624
            ],
            [
              74.4153295,
              15.3124737
            ],
            [
              74.4153094,
              15.3127456
            ],
            [
              74.4154235,
              15.3131468
            ],
            [
              74.4153832,
              15.3132763
            ],
            [
              74.4140143,
              15.3143183
            ],
            [
              74.4138734,
              15.3143636
            ],
            [
              74.4135916,
              15.314273
            ],
            [
              74.4134238,
              15.3143118
            ],
            [
              74.4129407,
              15.315069
            ],
            [
              74.4126723,
              15.3151726
            ],
            [
              74.4125381,
              15.3151661
            ],
            [
              74.4121153,
              15.3150043
            ],
            [
              74.4119811,
              15.3150367
            ],
            [
              74.4117467,
              15.3149913
            ],
            [
              74.4111299,
              15.3152385
            ],
            [
              74.4109211,
              15.3152476
            ],
            [
              74.4107408,
              15.3151836
            ],
            [
              74.4106364,
              15.3148174
            ],
            [
              74.4098488,
              15.3146893
            ],
            [
              74.4092509,
              15.31479
            ],
            [
              74.4091465,
              15.3149547
            ],
            [
              74.4091465,
              15.3151378
            ],
            [
              74.4092604,
              15.3152842
            ],
            [
              74.4092889,
              15.3154673
            ],
            [
              74.409137,
              15.3156046
            ],
            [
              74.4089473,
              15.3156503
            ],
            [
              74.4085677,
              15.3155771
            ],
            [
              74.4084917,
              15.3161537
            ],
            [
              74.4082925,
              15.3161904
            ],
            [
              74.4078939,
              15.3161537
            ],
            [
              74.407353,
              15.3158883
            ],
            [
              74.4071697,
              15.3150678
            ],
            [
              74.4067268,
              15.3150031
            ],
            [
              74.406351,
              15.3148024
            ],
            [
              74.4060155,
              15.3143818
            ],
            [
              74.4056867,
              15.3141099
            ],
            [
              74.4056532,
              15.3137022
            ],
            [
              74.4055458,
              15.3136051
            ],
            [
              74.405264,
              15.313631
            ],
            [
              74.4051432,
              15.3136957
            ],
            [
              74.4050224,
              15.3139417
            ],
            [
              74.4050627,
              15.314207
            ],
            [
              74.405378,
              15.3146536
            ],
            [
              74.4053915,
              15.314796
            ],
            [
              74.405217,
              15.3153008
            ],
            [
              74.4052707,
              15.3155661
            ],
            [
              74.4052304,
              15.3161033
            ],
            [
              74.4046265,
              15.316168
            ],
            [
              74.4045057,
              15.3162457
            ],
            [
              74.4044923,
              15.316511
            ],
            [
              74.4046735,
              15.3168605
            ],
            [
              74.4041769,
              15.3171712
            ],
            [
              74.4040427,
              15.3171776
            ],
            [
              74.4036871,
              15.3169382
            ],
            [
              74.4035461,
              15.3169382
            ],
            [
              74.4034388,
              15.3170417
            ],
            [
              74.4034857,
              15.317443
            ],
            [
              74.4037407,
              15.3177536
            ],
            [
              74.4037475,
              15.3178896
            ],
            [
              74.4035193,
              15.3185562
            ],
            [
              74.4036468,
              15.3192616
            ],
            [
              74.4035864,
              15.3197988
            ],
            [
              74.4034656,
              15.3205042
            ],
            [
              74.4034254,
              15.3206336
            ],
            [
              74.403318,
              15.3207307
            ],
            [
              74.4030429,
              15.3207954
            ],
            [
              74.4029556,
              15.3209054
            ],
            [
              74.4022309,
              15.3209637
            ],
            [
              74.4018484,
              15.3211384
            ],
            [
              74.4015062,
              15.3211449
            ],
            [
              74.4010835,
              15.3215332
            ],
            [
              74.4008151,
              15.3215656
            ],
            [
              74.4001306,
              15.3217985
            ],
            [
              74.4000367,
              15.3218956
            ],
            [
              74.399983,
              15.3221545
            ],
            [
              74.3990972,
              15.3226852
            ],
            [
              74.3989563,
              15.3226981
            ],
            [
              74.3987215,
              15.3225493
            ],
            [
              74.3984195,
              15.3225298
            ],
            [
              74.3983591,
              15.3224134
            ],
            [
              74.3983524,
              15.3220251
            ],
            [
              74.3985269,
              15.3216691
            ],
            [
              74.3983725,
              15.3214491
            ],
            [
              74.3983859,
              15.3213196
            ],
            [
              74.3986879,
              15.3208795
            ],
            [
              74.3989161,
              15.3203812
            ],
            [
              74.3989295,
              15.3202518
            ],
            [
              74.3991174,
              15.3200576
            ],
            [
              74.3993388,
              15.3195917
            ],
            [
              74.3992449,
              15.3193393
            ],
            [
              74.3992449,
              15.3190804
            ],
            [
              74.3991039,
              15.3190998
            ],
            [
              74.39901,
              15.3192098
            ],
            [
              74.3990435,
              15.3193457
            ],
            [
              74.3989563,
              15.319747
            ],
            [
              74.3986208,
              15.3202
            ],
            [
              74.3983994,
              15.3198441
            ],
            [
              74.3982853,
              15.3197534
            ],
            [
              74.3981444,
              15.319734
            ],
            [
              74.3981511,
              15.3202583
            ],
            [
              74.3978491,
              15.3203747
            ],
            [
              74.3978223,
              15.3206724
            ],
            [
              74.3977216,
              15.3209248
            ],
            [
              74.3972586,
              15.3212679
            ],
            [
              74.3967151,
              15.3215138
            ],
            [
              74.3963661,
              15.3217662
            ],
            [
              74.3961179,
              15.3222645
            ],
            [
              74.3960441,
              15.3225363
            ],
            [
              74.3958427,
              15.3227305
            ],
            [
              74.3955676,
              15.3227564
            ],
            [
              74.3954267,
              15.3227175
            ],
            [
              74.395373,
              15.3225881
            ],
            [
              74.3954066,
              15.3222063
            ],
            [
              74.3948698,
              15.3220056
            ],
            [
              74.3942189,
              15.3225881
            ],
            [
              74.3933532,
              15.3227822
            ],
            [
              74.3929707,
              15.3229764
            ],
            [
              74.3928701,
              15.3232159
            ],
            [
              74.3924943,
              15.3236559
            ],
            [
              74.3924473,
              15.3237854
            ],
            [
              74.3918568,
              15.3241931
            ],
            [
              74.3918099,
              15.3243225
            ],
            [
              74.3916086,
              15.3245167
            ],
            [
              74.3907429,
              15.3257528
            ],
            [
              74.3906423,
              15.3260763
            ],
            [
              74.390696,
              15.3262317
            ],
            [
              74.3908033,
              15.3263546
            ],
            [
              74.3908167,
              15.3264905
            ],
            [
              74.3906758,
              15.3267364
            ],
            [
              74.3905618,
              15.3268141
            ],
            [
              74.3905483,
              15.3269435
            ],
            [
              74.3898236,
              15.3280825
            ],
            [
              74.3894344,
              15.3282637
            ],
            [
              74.3893069,
              15.3285032
            ],
            [
              74.3891929,
              15.3285808
            ],
            [
              74.3889177,
              15.3286714
            ],
            [
              74.3885151,
              15.3285355
            ],
            [
              74.3873475,
              15.3288527
            ],
            [
              74.3871395,
              15.3290403
            ],
            [
              74.3871999,
              15.329571
            ],
            [
              74.3874952,
              15.3298622
            ],
            [
              74.3876495,
              15.3300887
            ],
            [
              74.3876763,
              15.3302181
            ],
            [
              74.3870389,
              15.3305482
            ],
            [
              74.3867772,
              15.330477
            ],
            [
              74.386039,
              15.3300499
            ],
            [
              74.3859719,
              15.3297846
            ],
            [
              74.3860256,
              15.3296551
            ],
            [
              74.3862202,
              15.3294674
            ],
            [
              74.3861867,
              15.329338
            ],
            [
              74.3859048,
              15.3290403
            ],
            [
              74.3856297,
              15.3290468
            ],
            [
              74.3852674,
              15.3291892
            ],
            [
              74.3854083,
              15.3294157
            ],
            [
              74.3853412,
              15.3296875
            ],
            [
              74.3854418,
              15.3299399
            ],
            [
              74.3856096,
              15.3301534
            ],
            [
              74.385925,
              15.3304123
            ],
            [
              74.386502,
              15.3314089
            ],
            [
              74.386757,
              15.3314866
            ],
            [
              74.3870925,
              15.3314283
            ],
            [
              74.3871596,
              15.3315513
            ],
            [
              74.3871529,
              15.3316936
            ],
            [
              74.386804,
              15.3324573
            ],
            [
              74.3867101,
              15.3325673
            ],
            [
              74.3864416,
              15.3326773
            ],
            [
              74.3859853,
              15.3326644
            ],
            [
              74.385623,
              15.332852
            ],
            [
              74.3855559,
              15.3329685
            ],
            [
              74.385623,
              15.3330915
            ],
            [
              74.3859988,
              15.3332791
            ],
            [
              74.3862538,
              15.3336157
            ],
            [
              74.3864819,
              15.3338098
            ],
            [
              74.3866027,
              15.3340428
            ],
            [
              74.3866295,
              15.3344246
            ],
            [
              74.3864819,
              15.3349423
            ],
            [
              74.3865893,
              15.3351041
            ],
            [
              74.3867101,
              15.3351559
            ],
            [
              74.3867906,
              15.3359454
            ],
            [
              74.3869047,
              15.336023
            ],
            [
              74.3870254,
              15.3358871
            ],
            [
              74.3873408,
              15.3352917
            ],
            [
              74.387475,
              15.3352917
            ],
            [
              74.3876696,
              15.3354924
            ],
            [
              74.3877502,
              15.3357512
            ],
            [
              74.3877032,
              15.336036
            ],
            [
              74.3882668,
              15.3366184
            ],
            [
              74.3882601,
              15.3368772
            ],
            [
              74.388193,
              15.3369937
            ],
            [
              74.3882534,
              15.3371167
            ],
            [
              74.3883541,
              15.3370325
            ],
            [
              74.3884749,
              15.3370908
            ],
            [
              74.3885353,
              15.337725
            ],
            [
              74.3887433,
              15.3379385
            ],
            [
              74.3888909,
              15.3380097
            ],
            [
              74.388797,
              15.3381132
            ],
            [
              74.3890519,
              15.3382297
            ],
            [
              74.3892533,
              15.3384174
            ],
            [
              74.3893271,
              15.3388316
            ],
            [
              74.3894076,
              15.338948
            ],
            [
              74.3895351,
              15.3389998
            ],
            [
              74.3894479,
              15.3386762
            ],
            [
              74.3895015,
              15.3383333
            ],
            [
              74.389213,
              15.3377185
            ],
            [
              74.3890855,
              15.3372655
            ],
            [
              74.3890922,
              15.3370002
            ],
            [
              74.3892264,
              15.3366313
            ],
            [
              74.3891459,
              15.3365213
            ],
            [
              74.3892734,
              15.3362689
            ],
            [
              74.3892398,
              15.336146
            ],
            [
              74.389119,
              15.3360877
            ],
            [
              74.3890721,
              15.335583
            ],
            [
              74.3892734,
              15.3351947
            ],
            [
              74.3893807,
              15.3351235
            ],
            [
              74.3895753,
              15.3354082
            ],
            [
              74.3897096,
              15.3354212
            ],
            [
              74.3897834,
              15.3349099
            ],
            [
              74.3896492,
              15.3345411
            ],
            [
              74.3896961,
              15.3342822
            ],
            [
              74.3897834,
              15.3341593
            ],
            [
              74.3899243,
              15.3341981
            ],
            [
              74.3899578,
              15.3339263
            ],
            [
              74.3901055,
              15.3335574
            ],
            [
              74.3902866,
              15.3333439
            ],
            [
              74.3902397,
              15.3332144
            ],
            [
              74.3902262,
              15.3326838
            ],
            [
              74.3902933,
              15.3325738
            ],
            [
              74.3909979,
              15.3320366
            ],
            [
              74.3912798,
              15.3319978
            ],
            [
              74.3914878,
              15.331849
            ],
            [
              74.3916622,
              15.3314995
            ],
            [
              74.3916622,
              15.3312406
            ],
            [
              74.3922863,
              15.3305029
            ],
            [
              74.3925212,
              15.3303735
            ],
            [
              74.3926621,
              15.3303929
            ],
            [
              74.3927963,
              15.3306323
            ],
            [
              74.3929305,
              15.3305806
            ],
            [
              74.3929238,
              15.3303217
            ],
            [
              74.3930446,
              15.3300822
            ],
            [
              74.3929372,
              15.3299916
            ],
            [
              74.3928433,
              15.3297393
            ],
            [
              74.3929506,
              15.3296681
            ],
            [
              74.3934136,
              15.3298881
            ],
            [
              74.3933465,
              15.3293639
            ],
            [
              74.393729,
              15.3291503
            ],
            [
              74.3941316,
              15.3291827
            ],
            [
              74.3944738,
              15.3289691
            ],
            [
              74.3947758,
              15.3286973
            ],
            [
              74.3951717,
              15.3287879
            ],
            [
              74.3952053,
              15.3289174
            ],
            [
              74.3956951,
              15.3288138
            ],
            [
              74.3959367,
              15.3287103
            ],
            [
              74.3963527,
              15.3287362
            ],
            [
              74.397064,
              15.3286003
            ],
            [
              74.3974868,
              15.3286326
            ],
            [
              74.3976478,
              15.3287944
            ],
            [
              74.3980638,
              15.3286973
            ],
            [
              74.398594,
              15.3288268
            ],
            [
              74.3987751,
              15.3290339
            ],
            [
              74.3987684,
              15.3294804
            ],
            [
              74.3995669,
              15.3292021
            ],
            [
              74.3998421,
              15.3291956
            ],
            [
              74.4000971,
              15.3292668
            ],
            [
              74.4005131,
              15.3292151
            ],
            [
              74.4006406,
              15.329228
            ],
            [
              74.4008755,
              15.3293704
            ],
            [
              74.4008687,
              15.3295127
            ],
            [
              74.4009358,
              15.3296228
            ],
            [
              74.4013318,
              15.3296681
            ],
            [
              74.4012915,
              15.3303282
            ],
            [
              74.4014391,
              15.3305611
            ],
            [
              74.4016002,
              15.3309494
            ],
            [
              74.4015465,
              15.3312083
            ],
            [
              74.4014592,
              15.3313183
            ],
            [
              74.4010097,
              15.3316678
            ],
            [
              74.4010633,
              15.3317907
            ],
            [
              74.401325,
              15.3318813
            ],
            [
              74.4012579,
              15.3322696
            ],
            [
              74.4013385,
              15.3323796
            ],
            [
              74.4012579,
              15.3325026
            ],
            [
              74.4012579,
              15.3326514
            ],
            [
              74.4013385,
              15.3327679
            ],
            [
              74.4013385,
              15.3332986
            ],
            [
              74.4013989,
              15.333415
            ],
            [
              74.4013318,
              15.3338292
            ],
            [
              74.401211,
              15.3340751
            ],
            [
              74.4011237,
              15.3341916
            ],
            [
              74.4009895,
              15.3341981
            ],
            [
              74.4004259,
              15.3340557
            ],
            [
              74.4005668,
              15.3342952
            ],
            [
              74.4005668,
              15.3344246
            ],
            [
              74.4005198,
              15.3346964
            ],
            [
              74.4004124,
              15.3347935
            ],
            [
              74.3990905,
              15.3353176
            ],
            [
              74.3988087,
              15.3352917
            ],
            [
              74.3987416,
              15.3354082
            ],
            [
              74.3984665,
              15.3353759
            ],
            [
              74.3983927,
              15.3354924
            ],
            [
              74.3984128,
              15.335583
            ],
            [
              74.3981377,
              15.3356024
            ],
            [
              74.3980974,
              15.3357318
            ],
            [
              74.3979833,
              15.3358289
            ],
            [
              74.3974129,
              15.3362366
            ],
            [
              74.397272,
              15.3362689
            ],
            [
              74.3971043,
              15.3364889
            ],
            [
              74.3969768,
              15.3365342
            ],
            [
              74.3967553,
              15.3367672
            ],
            [
              74.3967486,
              15.3368966
            ],
            [
              74.3965071,
              15.3370261
            ],
            [
              74.3964869,
              15.3371555
            ],
            [
              74.396601,
              15.3374014
            ],
            [
              74.3965742,
              15.3376732
            ],
            [
              74.3967084,
              15.3379062
            ],
            [
              74.3973526,
              15.3380421
            ],
            [
              74.3974599,
              15.3381327
            ],
            [
              74.3975002,
              15.3382686
            ],
            [
              74.3974197,
              15.3383786
            ],
            [
              74.3970036,
              15.338508
            ],
            [
              74.3967486,
              15.3388704
            ],
            [
              74.396809,
              15.3389869
            ],
            [
              74.3973056,
              15.338741
            ],
            [
              74.3975941,
              15.3386892
            ],
            [
              74.397829,
              15.3385468
            ],
            [
              74.3980974,
              15.3385468
            ],
            [
              74.3981846,
              15.3386439
            ],
            [
              74.3981712,
              15.3387733
            ],
            [
              74.3980571,
              15.3388639
            ],
            [
              74.3980035,
              15.3389869
            ],
            [
              74.3976545,
              15.3392587
            ],
            [
              74.3977485,
              15.3393557
            ],
            [
              74.397876,
              15.3393816
            ],
            [
              74.39799,
              15.3393234
            ],
            [
              74.3980102,
              15.3394657
            ],
            [
              74.3978961,
              15.3398669
            ],
            [
              74.3979498,
              15.3399964
            ],
            [
              74.3980571,
              15.340087
            ],
            [
              74.3983188,
              15.3400093
            ],
            [
              74.3984463,
              15.3400676
            ],
            [
              74.3991174,
              15.3405335
            ],
            [
              74.3993656,
              15.3406564
            ],
            [
              74.3997615,
              15.340747
            ],
            [
              74.4003118,
              15.3407082
            ],
            [
              74.4004326,
              15.34076
            ],
            [
              74.4004057,
              15.3410318
            ],
            [
              74.4001776,
              15.3411741
            ],
            [
              74.3988624,
              15.3413359
            ],
            [
              74.3980638,
              15.3415753
            ],
            [
              74.3973861,
              15.3416853
            ],
            [
              74.3963527,
              15.3420995
            ],
            [
              74.3951247,
              15.3434261
            ],
            [
              74.394541,
              15.3442414
            ],
            [
              74.3942927,
              15.3443644
            ],
            [
              74.3939035,
              15.3442673
            ],
            [
              74.3938162,
              15.3443709
            ],
            [
              74.393682,
              15.344332
            ],
            [
              74.3938297,
              15.3447009
            ],
            [
              74.3937626,
              15.3448238
            ],
            [
              74.3935076,
              15.3449597
            ],
            [
              74.3933599,
              15.3449921
            ],
            [
              74.3931117,
              15.3448303
            ],
            [
              74.3929707,
              15.3448627
            ],
            [
              74.3927963,
              15.3453933
            ],
            [
              74.3928567,
              15.3455098
            ],
            [
              74.3928365,
              15.3456392
            ],
            [
              74.3927359,
              15.3457363
            ],
            [
              74.3926218,
              15.3458139
            ],
            [
              74.3924809,
              15.3458333
            ],
            [
              74.392173,
              15.3456812
            ],
            [
              74.3920178,
              15.3456967
            ],
            [
              74.3919562,
              15.3457173
            ],
            [
              74.3917917,
              15.3458494
            ],
            [
              74.3918384,
              15.3459006
            ],
            [
              74.3920472,
              15.3462285
            ],
            [
              74.3924675,
              15.3467499
            ],
            [
              74.3924702,
              15.3468145
            ],
            [
              74.3924541,
              15.34683
            ],
            [
              74.3922159,
              15.3468377
            ],
            [
              74.3921623,
              15.3468558
            ],
            [
              74.3920071,
              15.3469384
            ],
            [
              74.3919696,
              15.3469513
            ],
            [
              74.3919294,
              15.3469513
            ],
            [
              74.3919054,
              15.346941
            ],
            [
              74.3919027,
              15.3469281
            ],
            [
              74.3919268,
              15.3468764
            ],
            [
              74.3920178,
              15.3467912
            ],
            [
              74.3920285,
              15.3467525
            ],
            [
              74.3920285,
              15.3467241
            ],
            [
              74.3920098,
              15.3466673
            ],
            [
              74.3919776,
              15.3466364
            ],
            [
              74.3919161,
              15.3466209
            ],
            [
              74.3918491,
              15.346626
            ],
            [
              74.3916778,
              15.3466828
            ],
            [
              74.3915466,
              15.3466518
            ],
            [
              74.3914797,
              15.3466157
            ],
            [
              74.3913298,
              15.3465073
            ],
            [
              74.3911344,
              15.346293
            ],
            [
              74.3908533,
              15.3458464
            ],
            [
              74.3907221,
              15.3457225
            ],
            [
              74.3905722,
              15.3456115
            ],
            [
              74.3905401,
              15.3455986
            ],
            [
              74.3901279,
              15.3454953
            ],
            [
              74.3898709,
              15.3453921
            ],
            [
              74.389646,
              15.345214
            ],
            [
              74.3896005,
              15.3451546
            ],
            [
              74.3889552,
              15.3449979
            ],
            [
              74.3887354,
              15.3448471
            ],
            [
              74.3886181,
              15.3447152
            ],
            [
              74.3878561,
              15.344654
            ],
            [
              74.3875337,
              15.3445833
            ],
            [
              74.3873969,
              15.3444326
            ],
            [
              74.386884,
              15.3433302
            ],
            [
              74.385692,
              15.3414223
            ],
            [
              74.3853159,
              15.3411397
            ],
            [
              74.3851596,
              15.3406309
            ],
            [
              74.3851596,
              15.3401881
            ],
            [
              74.3851254,
              15.3400279
            ],
            [
              74.385101,
              15.3399902
            ],
            [
              74.3850082,
              15.3398913
            ],
            [
              74.3848421,
              15.3398347
            ],
            [
              74.3844366,
              15.3397452
            ],
            [
              74.3841875,
              15.3397405
            ],
            [
              74.3841582,
              15.3397452
            ],
            [
              74.3836746,
              15.3399243
            ],
            [
              74.3835329,
              15.3399431
            ],
            [
              74.382932,
              15.3399337
            ],
            [
              74.3819306,
              15.3402729
            ],
            [
              74.3814803,
              15.3406198
            ],
            [
              74.3805803,
              15.3416508
            ],
            [
              74.3801321,
              15.3433911
            ],
            [
              74.3807465,
              15.3451843
            ],
            [
              74.3820229,
              15.3472709
            ],
            [
              74.3829895,
              15.3507253
            ],
            [
              74.3830708,
              15.3527693
            ],
            [
              74.3834082,
              15.3541478
            ],
            [
              74.3850519,
              15.3544463
            ],
            [
              74.3874297,
              15.3538126
            ],
            [
              74.3882598,
              15.3541495
            ],
            [
              74.3887157,
              15.3556143
            ],
            [
              74.3883993,
              15.3579267
            ],
            [
              74.3880434,
              15.3583991
            ],
            [
              74.3871753,
              15.3584638
            ],
            [
              74.3837479,
              15.3574367
            ],
            [
              74.3827951,
              15.3573737
            ],
            [
              74.3817418,
              15.3578393
            ],
            [
              74.3812618,
              15.3588834
            ],
            [
              74.3828398,
              15.3617737
            ],
            [
              74.3828484,
              15.3629177
            ],
            [
              74.3826108,
              15.3638757
            ],
            [
              74.3815495,
              15.3649192
            ],
            [
              74.3799157,
              15.3674153
            ],
            [
              74.3791415,
              15.3681103
            ],
            [
              74.3784918,
              15.3683204
            ],
            [
              74.3758974,
              15.3690681
            ],
            [
              74.3738715,
              15.3685221
            ],
            [
              74.3727197,
              15.3689746
            ],
            [
              74.3720418,
              15.3693855
            ],
            [
              74.3718578,
              15.3717455
            ],
            [
              74.3719273,
              15.3729081
            ],
            [
              74.3714053,
              15.3733766
            ],
            [
              74.3713216,
              15.3740759
            ],
            [
              74.3715406,
              15.3745723
            ],
            [
              74.3712783,
              15.3752587
            ],
            [
              74.3712502,
              15.3758019
            ],
            [
              74.3708148,
              15.376128
            ],
            [
              74.3705085,
              15.3763187
            ],
            [
              74.3701704,
              15.3764212
            ],
            [
              74.3694319,
              15.3766442
            ],
            [
              74.3687509,
              15.3768458
            ],
            [
              74.3675847,
              15.376932
            ],
            [
              74.3655922,
              15.3769424
            ],
            [
              74.3644792,
              15.377199
            ],
            [
              74.3638855,
              15.3777989
            ],
            [
              74.3637464,
              15.3780157
            ],
            [
              74.3635466,
              15.3782772
            ],
            [
              74.3632341,
              15.3787628
            ],
            [
              74.3630569,
              15.3791928
            ],
            [
              74.3624531,
              15.3801476
            ],
            [
              74.3621621,
              15.3810801
            ],
            [
              74.3618446,
              15.3812024
            ],
            [
              74.3612977,
              15.3815249
            ],
            [
              74.3608711,
              15.381575
            ],
            [
              74.3604571,
              15.3813089
            ],
            [
              74.3600143,
              15.3809123
            ],
            [
              74.3595159,
              15.3801517
            ],
            [
              74.3589526,
              15.3796914
            ],
            [
              74.3563646,
              15.3796414
            ],
            [
              74.3546546,
              15.3794322
            ],
            [
              74.3528724,
              15.3793569
            ],
            [
              74.352175,
              15.3795224
            ],
            [
              74.351892,
              15.3799364
            ],
            [
              74.3519604,
              15.3806551
            ],
            [
              74.3520248,
              15.3814775
            ],
            [
              74.3518531,
              15.3823568
            ],
            [
              74.3518692,
              15.3830757
            ],
            [
              74.3515849,
              15.3837947
            ],
            [
              74.3512148,
              15.3843791
            ],
            [
              74.3487738,
              15.3896394
            ],
            [
              74.3494604,
              15.395763
            ],
            [
              74.3444823,
              15.4033759
            ],
            [
              74.3487738,
              15.4139673
            ],
            [
              74.3496321,
              15.4230689
            ],
            [
              74.3460272,
              15.4278678
            ],
            [
              74.343109,
              15.4344867
            ],
            [
              74.351177,
              15.4482203
            ],
            [
              74.3597601,
              15.4465657
            ],
            [
              74.3613051,
              15.4505367
            ],
            [
              74.3676565,
              15.4485512
            ],
            [
              74.3822478,
              15.4518604
            ],
            [
              74.3801878,
              15.4569895
            ],
            [
              74.3844794,
              15.4637729
            ],
            [
              74.3843077,
              15.4672473
            ],
            [
              74.3741797,
              15.4670818
            ],
            [
              74.373493,
              15.4583131
            ],
            [
              74.3705748,
              15.4583131
            ],
            [
              74.3704031,
              15.464931
            ],
            [
              74.3647383,
              15.4692326
            ],
            [
              74.3655967,
              15.4784971
            ],
            [
              74.3712615,
              15.4771736
            ],
            [
              74.3794154,
              15.4717141
            ],
            [
              74.381132,
              15.4731204
            ],
            [
              74.3861961,
              15.4739476
            ],
            [
              74.3867182,
              15.4841258
            ],
            [
              74.3864993,
              15.4839948
            ],
            [
              74.3853157,
              15.4834164
            ],
            [
              74.3835965,
              15.482621
            ],
            [
              74.3829022,
              15.4823137
            ],
            [
              74.3806424,
              15.4813061
            ],
            [
              74.3771432,
              15.48094
            ],
            [
              74.3762392,
              15.4808587
            ],
            [
              74.3748461,
              15.4807502
            ],
            [
              74.3732709,
              15.4825261
            ],
            [
              74.3723108,
              15.4836198
            ],
            [
              74.3698687,
              15.4863401
            ],
            [
              74.3686476,
              15.4877275
            ],
            [
              74.3667228,
              15.4898921
            ],
            [
              74.3657067,
              15.4910308
            ],
            [
              74.3642898,
              15.4924046
            ],
            [
              74.3626679,
              15.4938822
            ],
            [
              74.3618989,
              15.494569
            ],
            [
              74.360263,
              15.4961009
            ],
            [
              74.3596803,
              15.4966612
            ],
            [
              74.3592747,
              15.4973752
            ],
            [
              74.3582864,
              15.4990788
            ],
            [
              74.3580066,
              15.4997566
            ],
            [
              74.3578947,
              15.5001588
            ],
            [
              74.3580415,
              15.5009941
            ],
            [
              74.3570773,
              15.5018472
            ],
            [
              74.3565394,
              15.5024923
            ],
            [
              74.3559139,
              15.5032675
            ],
            [
              74.3552884,
              15.5040426
            ],
            [
              74.3539141,
              15.5062376
            ],
            [
              74.3533494,
              15.5072211
            ],
            [
              74.3522951,
              15.5077663
            ],
            [
              74.3511474,
              15.5083377
            ],
            [
              74.3497009,
              15.5089559
            ],
            [
              74.3489217,
              15.5094856
            ],
            [
              74.348126,
              15.5102727
            ],
            [
              74.3465981,
              15.5119919
            ],
            [
              74.3449652,
              15.5144055
            ],
            [
              74.34394,
              15.5157322
            ],
            [
              74.3424767,
              15.5179533
            ],
            [
              74.3410476,
              15.5177812
            ],
            [
              74.3402061,
              15.5175879
            ],
            [
              74.3388178,
              15.5175291
            ],
            [
              74.3367677,
              15.5174729
            ],
            [
              74.3351811,
              15.5172225
            ],
            [
              74.3314942,
              15.5172495
            ],
            [
              74.3289195,
              15.5169938
            ],
            [
              74.3274567,
              15.5169343
            ],
            [
              74.3268408,
              15.516996
            ],
            [
              74.3248289,
              15.5173013
            ],
            [
              74.3230077,
              15.5176401
            ],
            [
              74.3211306,
              15.5179738
            ],
            [
              74.3179625,
              15.5183083
            ],
            [
              74.3167766,
              15.5185043
            ],
            [
              74.3146705,
              15.5188944
            ],
            [
              74.3128778,
              15.5191746
            ],
            [
              74.3106502,
              15.5195951
            ],
            [
              74.3080361,
              15.5199846
            ],
            [
              74.3068252,
              15.5203474
            ],
            [
              74.3045705,
              15.5206817
            ],
            [
              74.3014196,
              15.521576
            ],
            [
              74.297762,
              15.522357
            ],
            [
              74.2957105,
              15.5228602
            ],
            [
              74.2928226,
              15.523563
            ],
            [
              74.2919833,
              15.5249048
            ],
            [
              74.2917217,
              15.5249608
            ],
            [
              74.2893663,
              15.5246844
            ],
            [
              74.2868546,
              15.5242076
            ],
            [
              74.2833535,
              15.5238428
            ],
            [
              74.2818546,
              15.5236697
            ],
            [
              74.2814241,
              15.5225229
            ],
            [
              74.2792901,
              15.5225503
            ],
            [
              74.2792566,
              15.5225507
            ],
            [
              74.2781534,
              15.5228467
            ],
            [
              74.2780685,
              15.5212984
            ],
            [
              74.2779978,
              15.5200084
            ],
            [
              74.2781782,
              15.5179082
            ],
            [
              74.2773843,
              15.5162128
            ],
            [
              74.2746162,
              15.5131115
            ],
            [
              74.2740798,
              15.5126359
            ],
            [
              74.2728352,
              15.5117882
            ],
            [
              74.2715371,
              15.5108681
            ],
            [
              74.2685223,
              15.5094725
            ],
            [
              74.2655826,
              15.5080148
            ],
            [
              74.264574,
              15.5076736
            ],
            [
              74.2639196,
              15.5075185
            ],
            [
              74.2625785,
              15.5074255
            ],
            [
              74.2617202,
              15.5072808
            ],
            [
              74.2600465,
              15.5066605
            ],
            [
              74.2588448,
              15.505668
            ],
            [
              74.2571068,
              15.5043447
            ],
            [
              74.2546176,
              15.503683
            ],
            [
              74.2509698,
              15.4914006
            ],
            [
              74.2507124,
              15.4912352
            ],
            [
              74.2517852,
              15.4913593
            ],
            [
              74.2598104,
              15.4801928
            ],
            [
              74.2643594,
              15.4718382
            ],
            [
              74.2718696,
              15.4577339
            ],
            [
              74.2760324,
              15.4482615
            ],
            [
              74.2763328,
              15.4434632
            ],
            [
              74.2780065,
              15.4410226
            ],
            [
              74.2771911,
              15.4380442
            ],
            [
              74.2756891,
              15.4365963
            ],
            [
              74.2772769,
              15.4344452
            ],
            [
              74.2699384,
              15.425551
            ],
            [
              74.2692947,
              15.4190973
            ],
            [
              74.269571,
              15.4183215
            ],
            [
              74.2704105,
              15.4158289
            ],
            [
              74.2723846,
              15.4157462
            ],
            [
              74.274187,
              15.4147119
            ],
            [
              74.275732,
              15.4090026
            ],
            [
              74.2771911,
              15.4057341
            ],
            [
              74.2753028,
              15.3917494
            ],
            [
              74.2821264,
              15.3832672
            ],
            [
              74.2983913,
              15.3819844
            ],
            [
              74.3093776,
              15.3741638
            ],
            [
              74.3172006,
              15.3702851
            ],
            [
              74.3220377,
              15.3681637
            ],
            [
              74.3163299,
              15.3631979
            ],
            [
              74.3156862,
              15.3592666
            ],
            [
              74.3219393,
              15.3442662
            ],
            [
              74.3171024,
              15.3353048
            ],
            [
              74.3168449,
              15.3301727
            ],
            [
              74.3240547,
              15.3111332
            ],
            [
              74.3361139,
              15.2959831
            ],
            [
              74.3311357,
              15.2890286
            ],
            [
              74.3265008,
              15.2845163
            ],
            [
              74.3212652,
              15.2853029
            ],
            [
              74.3196344,
              15.2842266
            ],
            [
              74.308176,
              15.284061
            ],
            [
              74.2940139,
              15.2894426
            ],
            [
              74.2931127,
              15.2851787
            ],
            [
              74.2871904,
              15.2842886
            ],
            [
              74.2815041,
              15.2808526
            ],
            [
              74.2763757,
              15.2835435
            ],
            [
              74.2717535,
              15.2811378
            ],
            [
              74.2695093,
              15.2757399
            ],
            [
              74.2650461,
              15.2689917
            ],
            [
              74.2606258,
              15.2609185
            ],
            [
              74.2564845,
              15.260194
            ],
            [
              74.2507124,
              15.2590554
            ]
          ]
        ]
      }
    }
  ]
}