plot_id,eventID,occurrenceID,scientificName,species,family,genus,decimalLatitude,decimalLongitude,coordinateUncertaintyInMeters,eventDate,locality,samplingProtocol
K5,ncf:ceros:atr_ktr:trees:K5,ncf:ceros:atr_ktr:trees:K5:29,Lepisanthes tetraphylla (Vahl) Radlk.,Lepisanthes tetraphylla,Sapindaceae,Lepisanthes,14.98514,74.37265,100.0,2025-11-23,Anshi_Anshi_Anshi,50 by 10m vegetation plots and a 5 by 10m regeneration plot within
K24,ncf:ceros:atr_ktr:trees:K24,ncf:ceros:atr_ktr:trees:K24:46,Syzygium hemisphericum (Walp.) Alston,Syzygium hemisphericum,Myrtaceae,Syzygium,14.97144,74.31979,100.0,2025-11-29,Kadra_Bargadde_Sanake,50 by 10m vegetation plots and a 5 by 10m regeneration plot within
K32,ncf:ceros:atr_ktr:trees:K32,ncf:ceros:atr_ktr:trees:K32:57,Symplocos racemosa Roxb.,Symplocos racemosa,Symplocaceae,Symplocos,15.34117,74.37326,100.0,2025-12-02,Castlerock_Castlerock_Populwadi,50 by 10m vegetation plots and a 5 by 10m regeneration plot within
K29,ncf:ceros:atr_ktr:trees:K29,ncf:ceros:atr_ktr:trees:K29:48,Psydrax dicoccos Gaertn.,Psydrax dicoccos,Rubiaceae,Psydrax,15.4885,74.34842,100.0,2025-12-01,Castlerock_Anmod_Rangarook,50 by 10m vegetation plots and a 5 by 10m regeneration plot within
K27,ncf:ceros:atr_ktr:trees:K27,ncf:ceros:atr_ktr:trees:K27:39,Nothopegia castaneifolia (Roth) Ding Hou,Nothopegia castaneifolia,Anacardiaceae,Nothopegia,14.92656,74.35452,100.0,2025-11-29,Kadra_Kadra_Kadra-West,50 by 10m vegetation plots and a 5 by 10m regeneration plot within
K3,ncf:ceros:atr_ktr:trees:K3,ncf:ceros:atr_ktr:trees:K3:9,Beilschmiedia dalzellii (Meisn.) Kosterm.,Beilschmiedia dalzellii,Lauraceae,Beilschmiedia,15.02369,74.45427,100.0,2025-11-23,Anshi_Sawanth Matkarni_Sawanth Matkarni,50 by 10m vegetation plots and a 5 by 10m regeneration plot within
K38,ncf:ceros:atr_ktr:trees:K38,ncf:ceros:atr_ktr:trees:K38:33,Sterculia guttata Roxb.,Sterculia guttata,Malvaceae,Sterculia,15.16349,74.62148,100.0,2025-12-04,Kulgi_Kulgi_Kulgi-South,50 by 10m vegetation plots and a 5 by 10m regeneration plot within
K4,ncf:ceros:atr_ktr:trees:K4,ncf:ceros:atr_ktr:trees:K4:26,Ixora brachiata Roxb.,Ixora brachiata,Rubiaceae,Ixora,15.02334,74.4273,100.0,2025-11-23,Anshi_Sawanth Matkarni_Sawanth Matkarni,50 by 10m vegetation plots and a 5 by 10m regeneration plot within
K8,ncf:ceros:atr_ktr:trees:K8,ncf:ceros:atr_ktr:trees:K8:2,Aglaia elaeagnoidea (A.Juss.) Benth.,Aglaia elaeagnoidea,Meliaceae,Aglaia,15.04524,74.33066,100.0,2025-11-24,Anshi_Nujji_Nujji,50 by 10m vegetation plots and a 5 by 10m regeneration plot within
K49,ncf:ceros:atr_ktr:trees:K49,ncf:ceros:atr_ktr:trees:K49:44,Psydrax dicoccos Gaertn.,Psydrax dicoccos,Rubiaceae,Psydrax,15.0245,74.4809,100.0,2025-12-06,Gund_Marda_Shimpura Gudda,50 by 10m vegetation plots and a 5 by 10m regeneration plot within
K18,ncf:ceros:atr_ktr:trees:K18,ncf:ceros:atr_ktr:trees:K18:5,Aporosa cardiosperma (Gaertn.) Merr.,Aporosa cardiosperma,Phyllanthaceae,Aporosa,15.09507,74.42705,100.0,2025-11-27,Kumbharwada_Kumbharwada_Kalsai,50 by 10m vegetation plots and a 5 by 10m regeneration plot within
K52,ncf:ceros:atr_ktr:trees:K52,ncf:ceros:atr_ktr:trees:K52:17,Diospyros montana Roxb.,Diospyros montana,Ebenaceae,Diospyros,15.06448,74.52105,100.0,2025-12-07,Gund_Marda_Marda,50 by 10m vegetation plots and a 5 by 10m regeneration plot within
K36,ncf:ceros:atr_ktr:trees:K36,ncf:ceros:atr_ktr:trees:K36:53,Rourea minor (Gaertn.) Alston,Rourea minor,Connaraceae,Rourea,15.48777,74.28354,100.0,2025-12-03,Castlerock_Karambal_Vatla,50 by 10m vegetation plots and a 5 by 10m regeneration plot within
K1,ncf:ceros:atr_ktr:trees:K1,ncf:ceros:atr_ktr:trees:K1:23,Erycibe paniculata Roxb.,Erycibe paniculata,Convolvulaceae,Erycibe,14.95109,74.37002,100.0,2025-11-22,Anshi_Anshi_Badpoli,50 by 10m vegetation plots and a 5 by 10m regeneration plot within
K32,ncf:ceros:atr_ktr:trees:K32,ncf:ceros:atr_ktr:trees:K32:19,Elaeagnus conferta Roxb.,Elaeagnus conferta,Elaeagnaceae,Elaeagnus,15.34117,74.37326,100.0,2025-12-02,Castlerock_Castlerock_Populwadi,50 by 10m vegetation plots and a 5 by 10m regeneration plot within
K36,ncf:ceros:atr_ktr:trees:K36,ncf:ceros:atr_ktr:trees:K36:35,Gymnosporia rothiana (Walp.) M.A.Lawson,Gymnosporia rothiana,Celastraceae,Gymnosporia,15.48777,74.28354,100.0,2025-12-03,Castlerock_Karambal_Vatla,50 by 10m vegetation plots and a 5 by 10m regeneration plot within
K34,ncf:ceros:atr_ktr:trees:K34,ncf:ceros:atr_ktr:trees:K34:37,Holigarna grahamii (Wight) Kurz,Holigarna grahamii,Anacardiaceae,Holigarna,15.42029,74.32832,100.0,2025-12-02,Castlerock_Anmod_Anmod-East,50 by 10m vegetation plots and a 5 by 10m regeneration plot within
K19,ncf:ceros:atr_ktr:trees:K19,ncf:ceros:atr_ktr:trees:K19:37,Ochlandra Thwaites,,Poaceae,Ochlandra,15.05663,74.45597,100.0,2025-11-27,Phansoli_Amboli_Amboli,50 by 10m vegetation plots and a 5 by 10m regeneration plot within
K27,ncf:ceros:atr_ktr:trees:K27,ncf:ceros:atr_ktr:trees:K27:2,Aglaia elaeagnoidea (A.Juss.) Benth.,Aglaia elaeagnoidea,Meliaceae,Aglaia,14.92656,74.35452,100.0,2025-11-29,Kadra_Kadra_Kadra-West,50 by 10m vegetation plots and a 5 by 10m regeneration plot within
K31,ncf:ceros:atr_ktr:trees:K31,ncf:ceros:atr_ktr:trees:K31:30,Grewia umbellata Roxb.,Grewia laevigata,Malvaceae,Grewia,15.32309,74.38428,100.0,2025-12-02,Castlerock_NA_Viral,50 by 10m vegetation plots and a 5 by 10m regeneration plot within
K13,ncf:ceros:atr_ktr:trees:K13,ncf:ceros:atr_ktr:trees:K13:31,Mimusops elengi L.,Mimusops elengi,Sapotaceae,Mimusops,15.22005,74.39724,100.0,2025-11-26,Kumbharwada_Sulaveli_Vagheli,50 by 10m vegetation plots and a 5 by 10m regeneration plot within
K23,ncf:ceros:atr_ktr:trees:K23,ncf:ceros:atr_ktr:trees:K23:20,Sterculia guttata Roxb.,Sterculia guttata,Malvaceae,Sterculia,14.92281,74.33555,100.0,2025-11-28,Kadra_Kadra_Kadra-West,50 by 10m vegetation plots and a 5 by 10m regeneration plot within
K51,ncf:ceros:atr_ktr:trees:K51,ncf:ceros:atr_ktr:trees:K51:45,Terminalia paniculata B.Heyne ex Roth,Terminalia paniculata,Combretaceae,Terminalia,15.03951,74.51396,100.0,2025-12-07,Gund_Marda_Marda,50 by 10m vegetation plots and a 5 by 10m regeneration plot within
K44,ncf:ceros:atr_ktr:trees:K44,ncf:ceros:atr_ktr:trees:K44:13,Getonia floribunda Roxb.,Getonia floribunda,Combretaceae,Getonia,15.1191,74.68068,100.0,2025-12-05,Kulgi_Kegdal_Amga-East,50 by 10m vegetation plots and a 5 by 10m regeneration plot within
K11,ncf:ceros:atr_ktr:trees:K11,ncf:ceros:atr_ktr:trees:K11:32,Leea indica (Burm.fil.) Merr.,Leea indica,Vitaceae,Leea,15.24596,74.28135,100.0,2025-11-25,Kumbharwada_Diggi_Diggi,50 by 10m vegetation plots and a 5 by 10m regeneration plot within
K49,ncf:ceros:atr_ktr:trees:K49,ncf:ceros:atr_ktr:trees:K49:30,Gnetum edule (Willd.) Blume,Gnetum edule,Gnetaceae,Gnetum,15.0245,74.4809,100.0,2025-12-06,Gund_Marda_Shimpura Gudda,50 by 10m vegetation plots and a 5 by 10m regeneration plot within
K40,ncf:ceros:atr_ktr:trees:K40,ncf:ceros:atr_ktr:trees:K40:24,Tabernaemontana alternifolia L.,Tabernaemontana alternifolia,Apocynaceae,Tabernaemontana,15.13301,74.62137,100.0,2025-12-04,Kulgi_Kulgi_Amgaon,50 by 10m vegetation plots and a 5 by 10m regeneration plot within
K41,ncf:ceros:atr_ktr:trees:K41,ncf:ceros:atr_ktr:trees:K41:5,Chromolaena odorata (L.) R.M.King & H.Rob.,Chromolaena odorata,Asteraceae,Chromolaena,15.14435,74.67638,100.0,2025-12-05,Kulgi_Kegdal_Gutti,50 by 10m vegetation plots and a 5 by 10m regeneration plot within
K36,ncf:ceros:atr_ktr:trees:K36,ncf:ceros:atr_ktr:trees:K36:6,Bischofia javanica Blume,Bischofia javanica,Phyllanthaceae,Bischofia,15.48777,74.28354,100.0,2025-12-03,Castlerock_Karambal_Vatla,50 by 10m vegetation plots and a 5 by 10m regeneration plot within
K15,ncf:ceros:atr_ktr:trees:K15,ncf:ceros:atr_ktr:trees:K15:13,Clerodendrum infortunatum L.,Clerodendrum infortunatum,Lamiaceae,Clerodendrum,15.23219,74.34004,100.0,2025-11-26,Kumbharwada_Sulaveli_Sulaveli,50 by 10m vegetation plots and a 5 by 10m regeneration plot within
K31,ncf:ceros:atr_ktr:trees:K31,ncf:ceros:atr_ktr:trees:K31:33,Ixora brachiata Roxb.,Ixora brachiata,Rubiaceae,Ixora,15.32309,74.38428,100.0,2025-12-02,Castlerock_NA_Viral,50 by 10m vegetation plots and a 5 by 10m regeneration plot within
K52,ncf:ceros:atr_ktr:trees:K52,ncf:ceros:atr_ktr:trees:K52:4,Aglaia elaeagnoidea (A.Juss.) Benth.,Aglaia elaeagnoidea,Meliaceae,Aglaia,15.06448,74.52105,100.0,2025-12-07,Gund_Marda_Marda,50 by 10m vegetation plots and a 5 by 10m regeneration plot within
K25,ncf:ceros:atr_ktr:trees:K25,ncf:ceros:atr_ktr:trees:K25:1,Acacia Mill.,,Fabaceae,Acacia,14.95361,74.31835,100.0,2025-11-29,Kadra_Bargadde_Bargadde,50 by 10m vegetation plots and a 5 by 10m regeneration plot within
K46,ncf:ceros:atr_ktr:trees:K46,ncf:ceros:atr_ktr:trees:K46:1,Acacia Mill.,,Fabaceae,Acacia,15.14255,74.58648,100.0,2025-12-05,Phansoli_Phansoli_Phansoli,50 by 10m vegetation plots and a 5 by 10m regeneration plot within
K26,ncf:ceros:atr_ktr:trees:K26,ncf:ceros:atr_ktr:trees:K26:28,Leea indica (Burm.fil.) Merr.,Leea indica,Vitaceae,Leea,14.94972,74.29521,100.0,2025-11-29,Kadra_Bargadde_Bargadde,50 by 10m vegetation plots and a 5 by 10m regeneration plot within
K18,ncf:ceros:atr_ktr:trees:K18,ncf:ceros:atr_ktr:trees:K18:15,Diospyros montana Roxb.,Diospyros montana,Ebenaceae,Diospyros,15.09507,74.42705,100.0,2025-11-27,Kumbharwada_Kumbharwada_Kalsai,50 by 10m vegetation plots and a 5 by 10m regeneration plot within
K51,ncf:ceros:atr_ktr:trees:K51,ncf:ceros:atr_ktr:trees:K51:23,Gymnosporia rothiana (Walp.) M.A.Lawson,Gymnosporia rothiana,Celastraceae,Gymnosporia,15.03951,74.51396,100.0,2025-12-07,Gund_Marda_Marda,50 by 10m vegetation plots and a 5 by 10m regeneration plot within
K43,ncf:ceros:atr_ktr:trees:K43,ncf:ceros:atr_ktr:trees:K43:23,Tabernaemontana alternifolia L.,Tabernaemontana alternifolia,Apocynaceae,Tabernaemontana,15.13126,74.6676,100.0,2025-12-05,Kulgi_Jamga_Jamga-East,50 by 10m vegetation plots and a 5 by 10m regeneration plot within
K28,ncf:ceros:atr_ktr:trees:K28,ncf:ceros:atr_ktr:trees:K28:20,Diospyros oocarpa Thwaites,Diospyros oocarpa,Ebenaceae,Diospyros,14.93541,74.35854,100.0,2025-11-30,Kadra_Kadra_Kadra-West,50 by 10m vegetation plots and a 5 by 10m regeneration plot within
K37,ncf:ceros:atr_ktr:trees:K37,ncf:ceros:atr_ktr:trees:K37:17,Lagerstroemia microcarpa Wight,Lagerstroemia microcarpa,Lythraceae,Lagerstroemia,15.15166,74.64497,100.0,2025-12-04,Kulgi_Kegdal_Gutti,50 by 10m vegetation plots and a 5 by 10m regeneration plot within
K56,ncf:ceros:atr_ktr:trees:K56,ncf:ceros:atr_ktr:trees:K56:12,Helicteres isora L.,Helicteres isora,Malvaceae,Helicteres,15.09191,74.51578,100.0,2025-12-07,Phansoli_Avurli_Avurli,50 by 10m vegetation plots and a 5 by 10m regeneration plot within
K7,ncf:ceros:atr_ktr:trees:K7,ncf:ceros:atr_ktr:trees:K7:53,Syzygium hemisphericum (Walp.) Alston,Syzygium hemisphericum,Myrtaceae,Syzygium,15.09989,74.38199,100.0,2025-11-24,Anshi_Nujji_Jhalavali,50 by 10m vegetation plots and a 5 by 10m regeneration plot within
K5,ncf:ceros:atr_ktr:trees:K5,ncf:ceros:atr_ktr:trees:K5:20,Garcinia indica (Thouars) Choisy,Garcinia indica,Clusiaceae,Garcinia,14.98514,74.37265,100.0,2025-11-23,Anshi_Anshi_Anshi,50 by 10m vegetation plots and a 5 by 10m regeneration plot within
K30,ncf:ceros:atr_ktr:trees:K30,ncf:ceros:atr_ktr:trees:K30:36,Symplocos racemosa Roxb.,Symplocos racemosa,Symplocaceae,Symplocos,15.47372,74.33301,100.0,2025-12-01,Castlerock_Anmod_Meda,50 by 10m vegetation plots and a 5 by 10m regeneration plot within
K21,ncf:ceros:atr_ktr:trees:K21,ncf:ceros:atr_ktr:trees:K21:10,Lagerstroemia microcarpa Wight,Lagerstroemia microcarpa,Lythraceae,Lagerstroemia,14.88869,74.43009,100.0,2025-11-28,Kadra_Kadra_Balemane,50 by 10m vegetation plots and a 5 by 10m regeneration plot within
K27,ncf:ceros:atr_ktr:trees:K27,ncf:ceros:atr_ktr:trees:K27:6,Atalantia racemosa Wight & Arn.,Atalantia racemosa,Rutaceae,Atalantia,14.92656,74.35452,100.0,2025-11-29,Kadra_Kadra_Kadra-West,50 by 10m vegetation plots and a 5 by 10m regeneration plot within
K53,ncf:ceros:atr_ktr:trees:K53,ncf:ceros:atr_ktr:trees:K53:8,Casearia graveolens Dalzell,Casearia graveolens,Salicaceae,Casearia,15.05536,74.53871,100.0,2025-12-07,Gund_Tammanagi_Shavale,50 by 10m vegetation plots and a 5 by 10m regeneration plot within
K8,ncf:ceros:atr_ktr:trees:K8,ncf:ceros:atr_ktr:trees:K8:28,Mimusops elengi L.,Mimusops elengi,Sapotaceae,Mimusops,15.04524,74.33066,100.0,2025-11-24,Anshi_Nujji_Nujji,50 by 10m vegetation plots and a 5 by 10m regeneration plot within
K17,ncf:ceros:atr_ktr:trees:K17,ncf:ceros:atr_ktr:trees:K17:55,Salacia beddomei Gamble,Salacia beddomei,Celastraceae,Salacia,15.11042,74.36691,100.0,2025-11-27,Kumbharwada_Kumbharwada_Kumbharwada,50 by 10m vegetation plots and a 5 by 10m regeneration plot within
K31,ncf:ceros:atr_ktr:trees:K31,ncf:ceros:atr_ktr:trees:K31:61,Xantolis tomentosa (Roxb.) Raf.,Xantolis tomentosa,Sapotaceae,Xantolis,15.32309,74.38428,100.0,2025-12-02,Castlerock_NA_Viral,50 by 10m vegetation plots and a 5 by 10m regeneration plot within
K53,ncf:ceros:atr_ktr:trees:K53,ncf:ceros:atr_ktr:trees:K53:17,Diospyros oocarpa Thwaites,Diospyros oocarpa,Ebenaceae,Diospyros,15.05536,74.53871,100.0,2025-12-07,Gund_Tammanagi_Shavale,50 by 10m vegetation plots and a 5 by 10m regeneration plot within
K31,ncf:ceros:atr_ktr:trees:K31,ncf:ceros:atr_ktr:trees:K31:56,Scutia myrtina (Burm.fil.) Kurz,Scutia myrtina,Rhamnaceae,Scutia,15.32309,74.38428,100.0,2025-12-02,Castlerock_NA_Viral,50 by 10m vegetation plots and a 5 by 10m regeneration plot within
K3,ncf:ceros:atr_ktr:trees:K3,ncf:ceros:atr_ktr:trees:K3:30,Gnetum edule (Willd.) Blume,Gnetum edule,Gnetaceae,Gnetum,15.02369,74.45427,100.0,2025-11-23,Anshi_Sawanth Matkarni_Sawanth Matkarni,50 by 10m vegetation plots and a 5 by 10m regeneration plot within
K36,ncf:ceros:atr_ktr:trees:K36,ncf:ceros:atr_ktr:trees:K36:54,Salacia beddomei Gamble,Salacia beddomei,Celastraceae,Salacia,15.48777,74.28354,100.0,2025-12-03,Castlerock_Karambal_Vatla,50 by 10m vegetation plots and a 5 by 10m regeneration plot within
K7,ncf:ceros:atr_ktr:trees:K7,ncf:ceros:atr_ktr:trees:K7:21,Diospyros ferrea (Willd.) Bakh.,Diospyros ferrea,Ebenaceae,Diospyros,15.09989,74.38199,100.0,2025-11-24,Anshi_Nujji_Jhalavali,50 by 10m vegetation plots and a 5 by 10m regeneration plot within
K24,ncf:ceros:atr_ktr:trees:K24,ncf:ceros:atr_ktr:trees:K24:47,Tabernaemontana alternifolia L.,Tabernaemontana alternifolia,Apocynaceae,Tabernaemontana,14.97144,74.31979,100.0,2025-11-29,Kadra_Bargadde_Sanake,50 by 10m vegetation plots and a 5 by 10m regeneration plot within
K52,ncf:ceros:atr_ktr:trees:K52,ncf:ceros:atr_ktr:trees:K52:27,Microcos paniculata L.,Microcos paniculata,Malvaceae,Microcos,15.06448,74.52105,100.0,2025-12-07,Gund_Marda_Marda,50 by 10m vegetation plots and a 5 by 10m regeneration plot within
K24,ncf:ceros:atr_ktr:trees:K24,ncf:ceros:atr_ktr:trees:K24:10,Dalbergia rubiginosa Roxb.,Dalbergia rubiginosa,Fabaceae,Dalbergia,14.97144,74.31979,100.0,2025-11-29,Kadra_Bargadde_Sanake,50 by 10m vegetation plots and a 5 by 10m regeneration plot within
K5,ncf:ceros:atr_ktr:trees:K5,ncf:ceros:atr_ktr:trees:K5:40,Canthium rheedei DC.,Canthium rheedei,Rubiaceae,Canthium,14.98514,74.37265,100.0,2025-11-23,Anshi_Anshi_Anshi,50 by 10m vegetation plots and a 5 by 10m regeneration plot within
K16,ncf:ceros:atr_ktr:trees:K16,ncf:ceros:atr_ktr:trees:K16:7,Calamus rheedei Griff.,Calamus rheedei,Arecaceae,Calamus,15.12424,74.32561,100.0,2025-11-27,Kumbharwada_Kundal_Keloli,50 by 10m vegetation plots and a 5 by 10m regeneration plot within
K35,ncf:ceros:atr_ktr:trees:K35,ncf:ceros:atr_ktr:trees:K35:6,Chassalia curviflora (Wall.) Thwaites,Chassalia curviflora,Rubiaceae,Chassalia,15.47685,74.30104,100.0,2025-12-03,Castlerock_Karambal_Vatla,50 by 10m vegetation plots and a 5 by 10m regeneration plot within
K3,ncf:ceros:atr_ktr:trees:K3,ncf:ceros:atr_ktr:trees:K3:53,Sterculia guttata Roxb.,Sterculia guttata,Malvaceae,Sterculia,15.02369,74.45427,100.0,2025-11-23,Anshi_Sawanth Matkarni_Sawanth Matkarni,50 by 10m vegetation plots and a 5 by 10m regeneration plot within
K17,ncf:ceros:atr_ktr:trees:K17,ncf:ceros:atr_ktr:trees:K17:54,Rourea minor (Gaertn.) Alston,Rourea minor,Connaraceae,Rourea,15.11042,74.36691,100.0,2025-11-27,Kumbharwada_Kumbharwada_Kumbharwada,50 by 10m vegetation plots and a 5 by 10m regeneration plot within
K3,ncf:ceros:atr_ktr:trees:K3,ncf:ceros:atr_ktr:trees:K3:36,Ixora brachiata Roxb.,Ixora brachiata,Rubiaceae,Ixora,15.02369,74.45427,100.0,2025-11-23,Anshi_Sawanth Matkarni_Sawanth Matkarni,50 by 10m vegetation plots and a 5 by 10m regeneration plot within
K51,ncf:ceros:atr_ktr:trees:K51,ncf:ceros:atr_ktr:trees:K51:16,Diospyros montana Roxb.,Diospyros montana,Ebenaceae,Diospyros,15.03951,74.51396,100.0,2025-12-07,Gund_Marda_Marda,50 by 10m vegetation plots and a 5 by 10m regeneration plot within
K11,ncf:ceros:atr_ktr:trees:K11,ncf:ceros:atr_ktr:trees:K11:16,Diospyros montana Roxb.,Diospyros montana,Ebenaceae,Diospyros,15.24596,74.28135,100.0,2025-11-25,Kumbharwada_Diggi_Diggi,50 by 10m vegetation plots and a 5 by 10m regeneration plot within
K44,ncf:ceros:atr_ktr:trees:K44,ncf:ceros:atr_ktr:trees:K44:4,Bridelia retusa (L.) A.Juss.,Bridelia retusa,Phyllanthaceae,Bridelia,15.1191,74.68068,100.0,2025-12-05,Kulgi_Kegdal_Amga-East,50 by 10m vegetation plots and a 5 by 10m regeneration plot within
K11,ncf:ceros:atr_ktr:trees:K11,ncf:ceros:atr_ktr:trees:K11:47,Scutia myrtina (Burm.fil.) Kurz,Scutia myrtina,Rhamnaceae,Scutia,15.24596,74.28135,100.0,2025-11-25,Kumbharwada_Diggi_Diggi,50 by 10m vegetation plots and a 5 by 10m regeneration plot within
K38,ncf:ceros:atr_ktr:trees:K38,ncf:ceros:atr_ktr:trees:K38:30,Moullava spicata (Dalzell) Nicolson,Moullava spicata,Fabaceae,Moullava,15.16349,74.62148,100.0,2025-12-04,Kulgi_Kulgi_Kulgi-South,50 by 10m vegetation plots and a 5 by 10m regeneration plot within
K7,ncf:ceros:atr_ktr:trees:K7,ncf:ceros:atr_ktr:trees:K7:56,Uvaria hookeri King,Uvaria hookeri,Annonaceae,Uvaria,15.09989,74.38199,100.0,2025-11-24,Anshi_Nujji_Jhalavali,50 by 10m vegetation plots and a 5 by 10m regeneration plot within
K23,ncf:ceros:atr_ktr:trees:K23,ncf:ceros:atr_ktr:trees:K23:16,Mallotus philippensis (Lam.) Müll.Arg.,Mallotus philippensis,Euphorbiaceae,Mallotus,14.92281,74.33555,100.0,2025-11-28,Kadra_Kadra_Kadra-West,50 by 10m vegetation plots and a 5 by 10m regeneration plot within
K49,ncf:ceros:atr_ktr:trees:K49,ncf:ceros:atr_ktr:trees:K49:1,Actinodaphne angustifolia (Blume) Nees,Actinodaphne angustifolia,Lauraceae,Actinodaphne,15.0245,74.4809,100.0,2025-12-06,Gund_Marda_Shimpura Gudda,50 by 10m vegetation plots and a 5 by 10m regeneration plot within
K34,ncf:ceros:atr_ktr:trees:K34,ncf:ceros:atr_ktr:trees:K34:10,Calamus rheedei Griff.,Calamus rheedei,Arecaceae,Calamus,15.42029,74.32832,100.0,2025-12-02,Castlerock_Anmod_Anmod-East,50 by 10m vegetation plots and a 5 by 10m regeneration plot within
K7,ncf:ceros:atr_ktr:trees:K7,ncf:ceros:atr_ktr:trees:K7:1,Actinodaphne angustifolia (Blume) Nees,Actinodaphne angustifolia,Lauraceae,Actinodaphne,15.09989,74.38199,100.0,2025-11-24,Anshi_Nujji_Jhalavali,50 by 10m vegetation plots and a 5 by 10m regeneration plot within
K4,ncf:ceros:atr_ktr:trees:K4,ncf:ceros:atr_ktr:trees:K4:40,Tetrapilus dioicus (Roxb.) L.A.S.Johnson,Tetrapilus dioicus,Oleaceae,Tetrapilus,15.02334,74.4273,100.0,2025-11-23,Anshi_Sawanth Matkarni_Sawanth Matkarni,50 by 10m vegetation plots and a 5 by 10m regeneration plot within
K33,ncf:ceros:atr_ktr:trees:K33,ncf:ceros:atr_ktr:trees:K33:31,Litsea coriacea (Nees) Hook.fil.,Litsea coriacea,Lauraceae,Litsea,15.38466,74.34508,100.0,2025-12-02,Castlerock_Castlerock_Kalambuli,50 by 10m vegetation plots and a 5 by 10m regeneration plot within
K1,ncf:ceros:atr_ktr:trees:K1,ncf:ceros:atr_ktr:trees:K1:16,Dimocarpus longan Lour.,Dimocarpus longan,Sapindaceae,Dimocarpus,14.95109,74.37002,100.0,2025-11-22,Anshi_Anshi_Badpoli,50 by 10m vegetation plots and a 5 by 10m regeneration plot within
K31,ncf:ceros:atr_ktr:trees:K31,ncf:ceros:atr_ktr:trees:K31:5,Aporosa cardiosperma (Gaertn.) Merr.,Aporosa cardiosperma,Phyllanthaceae,Aporosa,15.32309,74.38428,100.0,2025-12-02,Castlerock_NA_Viral,50 by 10m vegetation plots and a 5 by 10m regeneration plot within
K1,ncf:ceros:atr_ktr:trees:K1,ncf:ceros:atr_ktr:trees:K1:9,Calophyllum apetalum Willd.,Calophyllum apetalum,Calophyllaceae,Calophyllum,14.95109,74.37002,100.0,2025-11-22,Anshi_Anshi_Badpoli,50 by 10m vegetation plots and a 5 by 10m regeneration plot within
K7,ncf:ceros:atr_ktr:trees:K7,ncf:ceros:atr_ktr:trees:K7:6,Artocarpus gomezianus Wall. ex Trécul,Artocarpus gomezianus,Moraceae,Artocarpus,15.09989,74.38199,100.0,2025-11-24,Anshi_Nujji_Jhalavali,50 by 10m vegetation plots and a 5 by 10m regeneration plot within
K36,ncf:ceros:atr_ktr:trees:K36,ncf:ceros:atr_ktr:trees:K36:4,Artocarpus gomezianus Wall. ex Trécul,Artocarpus gomezianus,Moraceae,Artocarpus,15.48777,74.28354,100.0,2025-12-03,Castlerock_Karambal_Vatla,50 by 10m vegetation plots and a 5 by 10m regeneration plot within
K32,ncf:ceros:atr_ktr:trees:K32,ncf:ceros:atr_ktr:trees:K32:37,Luvunga sarmentosa (Blume) Kurz,Luvunga sarmentosa,Rutaceae,Luvunga,15.34117,74.37326,100.0,2025-12-02,Castlerock_Castlerock_Populwadi,50 by 10m vegetation plots and a 5 by 10m regeneration plot within
K28,ncf:ceros:atr_ktr:trees:K28,ncf:ceros:atr_ktr:trees:K28:59,Terminalia paniculata B.Heyne ex Roth,Terminalia paniculata,Combretaceae,Terminalia,14.93541,74.35854,100.0,2025-11-30,Kadra_Kadra_Kadra-West,50 by 10m vegetation plots and a 5 by 10m regeneration plot within
K7,ncf:ceros:atr_ktr:trees:K7,ncf:ceros:atr_ktr:trees:K7:37,Leea indica (Burm.fil.) Merr.,Leea indica,Vitaceae,Leea,15.09989,74.38199,100.0,2025-11-24,Anshi_Nujji_Jhalavali,50 by 10m vegetation plots and a 5 by 10m regeneration plot within
K4,ncf:ceros:atr_ktr:trees:K4,ncf:ceros:atr_ktr:trees:K4:2,Alseodaphne semecarpifolia Nees,Alseodaphne semecarpifolia,Lauraceae,Alseodaphne,15.02334,74.4273,100.0,2025-11-23,Anshi_Sawanth Matkarni_Sawanth Matkarni,50 by 10m vegetation plots and a 5 by 10m regeneration plot within
K7,ncf:ceros:atr_ktr:trees:K7,ncf:ceros:atr_ktr:trees:K7:25,Dracaena terniflora Roxb.,Dracaena elliptica,Asparagaceae,Dracaena,15.09989,74.38199,100.0,2025-11-24,Anshi_Nujji_Jhalavali,50 by 10m vegetation plots and a 5 by 10m regeneration plot within
K24,ncf:ceros:atr_ktr:trees:K24,ncf:ceros:atr_ktr:trees:K24:6,Calamus thwaitesii Becc.,Calamus thwaitesii,Arecaceae,Calamus,14.97144,74.31979,100.0,2025-11-29,Kadra_Bargadde_Sanake,50 by 10m vegetation plots and a 5 by 10m regeneration plot within
K52,ncf:ceros:atr_ktr:trees:K52,ncf:ceros:atr_ktr:trees:K52:9,Casearia tomentosa Roxb.,Casearia tomentosa,Salicaceae,Casearia,15.06448,74.52105,100.0,2025-12-07,Gund_Marda_Marda,50 by 10m vegetation plots and a 5 by 10m regeneration plot within
K29,ncf:ceros:atr_ktr:trees:K29,ncf:ceros:atr_ktr:trees:K29:27,Grewia umbellata Roxb.,Grewia laevigata,Malvaceae,Grewia,15.4885,74.34842,100.0,2025-12-01,Castlerock_Anmod_Rangarook,50 by 10m vegetation plots and a 5 by 10m regeneration plot within
K50,ncf:ceros:atr_ktr:trees:K50,ncf:ceros:atr_ktr:trees:K50:15,Desmos chinensis Lour.,Desmos chinensis,Annonaceae,Desmos,15.02905,74.50175,100.0,2025-12-06,Gund_Ulavi_Ulavi,50 by 10m vegetation plots and a 5 by 10m regeneration plot within
K11,ncf:ceros:atr_ktr:trees:K11,ncf:ceros:atr_ktr:trees:K11:24,Garcinia gummi-gutta (L.) N.Robson,Garcinia gummi-gutta,Clusiaceae,Garcinia,15.24596,74.28135,100.0,2025-11-25,Kumbharwada_Diggi_Diggi,50 by 10m vegetation plots and a 5 by 10m regeneration plot within
K15,ncf:ceros:atr_ktr:trees:K15,ncf:ceros:atr_ktr:trees:K15:36,Memecylon talbotianum Brandis,Memecylon talbotianum,Melastomataceae,Memecylon,15.23219,74.34004,100.0,2025-11-26,Kumbharwada_Sulaveli_Sulaveli,50 by 10m vegetation plots and a 5 by 10m regeneration plot within
K32,ncf:ceros:atr_ktr:trees:K32,ncf:ceros:atr_ktr:trees:K32:62,"Zanthoxylum asiaticum (L.) Appelhans, Groppo & J.Wen",Zanthoxylum asiaticum,Rutaceae,Zanthoxylum,15.34117,74.37326,100.0,2025-12-02,Castlerock_Castlerock_Populwadi,50 by 10m vegetation plots and a 5 by 10m regeneration plot within
K38,ncf:ceros:atr_ktr:trees:K38,ncf:ceros:atr_ktr:trees:K38:15,Flacourtia indica (Burm.fil.) Merr.,Flacourtia indica,Salicaceae,Flacourtia,15.16349,74.62148,100.0,2025-12-04,Kulgi_Kulgi_Kulgi-South,50 by 10m vegetation plots and a 5 by 10m regeneration plot within
K28,ncf:ceros:atr_ktr:trees:K28,ncf:ceros:atr_ktr:trees:K28:18,Diospyros ferrea (Willd.) Bakh.,Diospyros ferrea,Ebenaceae,Diospyros,14.93541,74.35854,100.0,2025-11-30,Kadra_Kadra_Kadra-West,50 by 10m vegetation plots and a 5 by 10m regeneration plot within
K34,ncf:ceros:atr_ktr:trees:K34,ncf:ceros:atr_ktr:trees:K34:7,Ardisia humilis Vahl,Ardisia humilis,Primulaceae,Ardisia,15.42029,74.32832,100.0,2025-12-02,Castlerock_Anmod_Anmod-East,50 by 10m vegetation plots and a 5 by 10m regeneration plot within
K22,ncf:ceros:atr_ktr:trees:K22,ncf:ceros:atr_ktr:trees:K22:12,Eranthemum L.,,Acanthaceae,Eranthemum,14.87999,74.41013,100.0,2025-11-28,Kadra_Kadra_Balemane,50 by 10m vegetation plots and a 5 by 10m regeneration plot within
K38,ncf:ceros:atr_ktr:trees:K38,ncf:ceros:atr_ktr:trees:K38:18,Grewia tiliifolia Vahl,Grewia tiliifolia,Malvaceae,Grewia,15.16349,74.62148,100.0,2025-12-04,Kulgi_Kulgi_Kulgi-South,50 by 10m vegetation plots and a 5 by 10m regeneration plot within
K1,ncf:ceros:atr_ktr:trees:K1,ncf:ceros:atr_ktr:trees:K1:48,Salacia beddomei Gamble,Salacia beddomei,Celastraceae,Salacia,14.95109,74.37002,100.0,2025-11-22,Anshi_Anshi_Badpoli,50 by 10m vegetation plots and a 5 by 10m regeneration plot within
K50,ncf:ceros:atr_ktr:trees:K50,ncf:ceros:atr_ktr:trees:K50:35,Neolitsea foliosa (Nees) Gamble,Neolitsea foliosa,Lauraceae,Neolitsea,15.02905,74.50175,100.0,2025-12-06,Gund_Ulavi_Ulavi,50 by 10m vegetation plots and a 5 by 10m regeneration plot within
K21,ncf:ceros:atr_ktr:trees:K21,ncf:ceros:atr_ktr:trees:K21:1,Acacia Mill.,,Fabaceae,Acacia,14.88869,74.43009,100.0,2025-11-28,Kadra_Kadra_Balemane,50 by 10m vegetation plots and a 5 by 10m regeneration plot within
K7,ncf:ceros:atr_ktr:trees:K7,ncf:ceros:atr_ktr:trees:K7:43,Neolitsea foliosa (Nees) Gamble,Neolitsea foliosa,Lauraceae,Neolitsea,15.09989,74.38199,100.0,2025-11-24,Anshi_Nujji_Jhalavali,50 by 10m vegetation plots and a 5 by 10m regeneration plot within
K1,ncf:ceros:atr_ktr:trees:K1,ncf:ceros:atr_ktr:trees:K1:37,Knema attenuata (Hook.fil. & Thomson) Warb.,Knema attenuata,Myristicaceae,Knema,14.95109,74.37002,100.0,2025-11-22,Anshi_Anshi_Badpoli,50 by 10m vegetation plots and a 5 by 10m regeneration plot within
K6,ncf:ceros:atr_ktr:trees:K6,ncf:ceros:atr_ktr:trees:K6:8,Carallia brachiata (Lour.) Merr.,Carallia brachiata,Rhizophoraceae,Carallia,15.01219,74.39533,100.0,2025-11-23,Anshi_Sawanth Matkarni_Sawanth Matkarni,50 by 10m vegetation plots and a 5 by 10m regeneration plot within
K54,ncf:ceros:atr_ktr:trees:K54,ncf:ceros:atr_ktr:trees:K54:13,Nothapodytes nimmoniana (J.Graham) Mabb.,Nothapodytes nimmoniana,Icacinaceae,Nothapodytes,15.06675,74.57376,100.0,2025-12-07,Gund_Tammanagi_Shavale,50 by 10m vegetation plots and a 5 by 10m regeneration plot within
K43,ncf:ceros:atr_ktr:trees:K43,ncf:ceros:atr_ktr:trees:K43:1,Poaceae,,Poaceae,,15.13126,74.6676,100.0,2025-12-05,Kulgi_Jamga_Jamga-East,50 by 10m vegetation plots and a 5 by 10m regeneration plot within
K42,ncf:ceros:atr_ktr:trees:K42,ncf:ceros:atr_ktr:trees:K42:16,Grewia tiliifolia Vahl,Grewia tiliifolia,Malvaceae,Grewia,15.1487,74.69531,100.0,2025-12-05,Kulgi_Kegdal_Kalabhavi,50 by 10m vegetation plots and a 5 by 10m regeneration plot within
K51,ncf:ceros:atr_ktr:trees:K51,ncf:ceros:atr_ktr:trees:K51:1,Actinodaphne angustifolia (Blume) Nees,Actinodaphne angustifolia,Lauraceae,Actinodaphne,15.03951,74.51396,100.0,2025-12-07,Gund_Marda_Marda,50 by 10m vegetation plots and a 5 by 10m regeneration plot within
K41,ncf:ceros:atr_ktr:trees:K41,ncf:ceros:atr_ktr:trees:K41:8,Diospyros montana Roxb.,Diospyros montana,Ebenaceae,Diospyros,15.14435,74.67638,100.0,2025-12-05,Kulgi_Kegdal_Gutti,50 by 10m vegetation plots and a 5 by 10m regeneration plot within
K7,ncf:ceros:atr_ktr:trees:K7,ncf:ceros:atr_ktr:trees:K7:5,Ardisia humilis Vahl,Ardisia humilis,Primulaceae,Ardisia,15.09989,74.38199,100.0,2025-11-24,Anshi_Nujji_Jhalavali,50 by 10m vegetation plots and a 5 by 10m regeneration plot within
K4,ncf:ceros:atr_ktr:trees:K4,ncf:ceros:atr_ktr:trees:K4:24,Heynea trijuga Roxb.,Heynea trijuga,Meliaceae,Heynea,15.02334,74.4273,100.0,2025-11-23,Anshi_Sawanth Matkarni_Sawanth Matkarni,50 by 10m vegetation plots and a 5 by 10m regeneration plot within
K30,ncf:ceros:atr_ktr:trees:K30,ncf:ceros:atr_ktr:trees:K30:11,Diospyros montana Roxb.,Diospyros montana,Ebenaceae,Diospyros,15.47372,74.33301,100.0,2025-12-01,Castlerock_Anmod_Meda,50 by 10m vegetation plots and a 5 by 10m regeneration plot within
K8,ncf:ceros:atr_ktr:trees:K8,ncf:ceros:atr_ktr:trees:K8:30,Nothopegia castaneifolia (Roth) Ding Hou,Nothopegia castaneifolia,Anacardiaceae,Nothopegia,15.04524,74.33066,100.0,2025-11-24,Anshi_Nujji_Nujji,50 by 10m vegetation plots and a 5 by 10m regeneration plot within
K3,ncf:ceros:atr_ktr:trees:K3,ncf:ceros:atr_ktr:trees:K3:52,Psydrax dicoccos Gaertn.,Psydrax dicoccos,Rubiaceae,Psydrax,15.02369,74.45427,100.0,2025-11-23,Anshi_Sawanth Matkarni_Sawanth Matkarni,50 by 10m vegetation plots and a 5 by 10m regeneration plot within
K26,ncf:ceros:atr_ktr:trees:K26,ncf:ceros:atr_ktr:trees:K26:31,Moullava spicata (Dalzell) Nicolson,Moullava spicata,Fabaceae,Moullava,14.94972,74.29521,100.0,2025-11-29,Kadra_Bargadde_Bargadde,50 by 10m vegetation plots and a 5 by 10m regeneration plot within
K10,ncf:ceros:atr_ktr:trees:K10,ncf:ceros:atr_ktr:trees:K10:30,Lophopetalum wightianum Arn.,Lophopetalum wightianum,Celastraceae,Lophopetalum,15.01108,74.35722,100.0,2025-11-24,Anshi_Badpoli_Badpoli,50 by 10m vegetation plots and a 5 by 10m regeneration plot within
K41,ncf:ceros:atr_ktr:trees:K41,ncf:ceros:atr_ktr:trees:K41:13,Meyna laxiflora Robyns,Meyna laxiflora,Rubiaceae,Meyna,15.14435,74.67638,100.0,2025-12-05,Kulgi_Kegdal_Gutti,50 by 10m vegetation plots and a 5 by 10m regeneration plot within
K53,ncf:ceros:atr_ktr:trees:K53,ncf:ceros:atr_ktr:trees:K53:4,Alseodaphne semecarpifolia Nees,Alseodaphne semecarpifolia,Lauraceae,Alseodaphne,15.05536,74.53871,100.0,2025-12-07,Gund_Tammanagi_Shavale,50 by 10m vegetation plots and a 5 by 10m regeneration plot within
K53,ncf:ceros:atr_ktr:trees:K53,ncf:ceros:atr_ktr:trees:K53:11,Celtis tetrandra Roxb.,Celtis tetrandra,Cannabaceae,Celtis,15.05536,74.53871,100.0,2025-12-07,Gund_Tammanagi_Shavale,50 by 10m vegetation plots and a 5 by 10m regeneration plot within
K46,ncf:ceros:atr_ktr:trees:K46,ncf:ceros:atr_ktr:trees:K46:19,Tabernaemontana alternifolia L.,Tabernaemontana alternifolia,Apocynaceae,Tabernaemontana,15.14255,74.58648,100.0,2025-12-05,Phansoli_Phansoli_Phansoli,50 by 10m vegetation plots and a 5 by 10m regeneration plot within
K48,ncf:ceros:atr_ktr:trees:K48,ncf:ceros:atr_ktr:trees:K48:33,Xantolis tomentosa (Roxb.) Raf.,Xantolis tomentosa,Sapotaceae,Xantolis,15.14195,74.46927,100.0,2025-12-06,Phansoli_Amboli_Kumbeli,50 by 10m vegetation plots and a 5 by 10m regeneration plot within
K37,ncf:ceros:atr_ktr:trees:K37,ncf:ceros:atr_ktr:trees:K37:19,Macaranga peltata (Roxb.) Müll.Arg.,Macaranga peltata,Euphorbiaceae,Macaranga,15.15166,74.64497,100.0,2025-12-04,Kulgi_Kegdal_Gutti,50 by 10m vegetation plots and a 5 by 10m regeneration plot within
K7,ncf:ceros:atr_ktr:trees:K7,ncf:ceros:atr_ktr:trees:K7:36,Ixora nigricans R.Br. ex Wight & Arn.,Ixora nigricans,Rubiaceae,Ixora,15.09989,74.38199,100.0,2025-11-24,Anshi_Nujji_Jhalavali,50 by 10m vegetation plots and a 5 by 10m regeneration plot within
K38,ncf:ceros:atr_ktr:trees:K38,ncf:ceros:atr_ktr:trees:K38:23,Lantana camara L.,Lantana camara,Verbenaceae,Lantana,15.16349,74.62148,100.0,2025-12-04,Kulgi_Kulgi_Kulgi-South,50 by 10m vegetation plots and a 5 by 10m regeneration plot within
K34,ncf:ceros:atr_ktr:trees:K34,ncf:ceros:atr_ktr:trees:K34:43,Leea indica (Burm.fil.) Merr.,Leea indica,Vitaceae,Leea,15.42029,74.32832,100.0,2025-12-02,Castlerock_Anmod_Anmod-East,50 by 10m vegetation plots and a 5 by 10m regeneration plot within
K8,ncf:ceros:atr_ktr:trees:K8,ncf:ceros:atr_ktr:trees:K8:6,Calamus rheedei Griff.,Calamus rheedei,Arecaceae,Calamus,15.04524,74.33066,100.0,2025-11-24,Anshi_Nujji_Nujji,50 by 10m vegetation plots and a 5 by 10m regeneration plot within
K30,ncf:ceros:atr_ktr:trees:K30,ncf:ceros:atr_ktr:trees:K30:15,Garcinia indica (Thouars) Choisy,Garcinia indica,Clusiaceae,Garcinia,15.47372,74.33301,100.0,2025-12-01,Castlerock_Anmod_Meda,50 by 10m vegetation plots and a 5 by 10m regeneration plot within
K54,ncf:ceros:atr_ktr:trees:K54,ncf:ceros:atr_ktr:trees:K54:6,Diospyros montana Roxb.,Diospyros montana,Ebenaceae,Diospyros,15.06675,74.57376,100.0,2025-12-07,Gund_Tammanagi_Shavale,50 by 10m vegetation plots and a 5 by 10m regeneration plot within
K50,ncf:ceros:atr_ktr:trees:K50,ncf:ceros:atr_ktr:trees:K50:45,Xylia xylocarpa (Roxb.) W.Theob.,Xylia xylocarpa,Fabaceae,Xylia,15.02905,74.50175,100.0,2025-12-06,Gund_Ulavi_Ulavi,50 by 10m vegetation plots and a 5 by 10m regeneration plot within
K33,ncf:ceros:atr_ktr:trees:K33,ncf:ceros:atr_ktr:trees:K33:2,Aporosa cardiosperma (Gaertn.) Merr.,Aporosa cardiosperma,Phyllanthaceae,Aporosa,15.38466,74.34508,100.0,2025-12-02,Castlerock_Castlerock_Kalambuli,50 by 10m vegetation plots and a 5 by 10m regeneration plot within
K25,ncf:ceros:atr_ktr:trees:K25,ncf:ceros:atr_ktr:trees:K25:48,Ziziphus oenopolia (L.) Mill.,Ziziphus oenopolia,Rhamnaceae,Ziziphus,14.95361,74.31835,100.0,2025-11-29,Kadra_Bargadde_Bargadde,50 by 10m vegetation plots and a 5 by 10m regeneration plot within
K16,ncf:ceros:atr_ktr:trees:K16,ncf:ceros:atr_ktr:trees:K16:36,Memecylon umbellatum Burm.fil.,Memecylon umbellatum,Melastomataceae,Memecylon,15.12424,74.32561,100.0,2025-11-27,Kumbharwada_Kundal_Keloli,50 by 10m vegetation plots and a 5 by 10m regeneration plot within
K5,ncf:ceros:atr_ktr:trees:K5,ncf:ceros:atr_ktr:trees:K5:28,Leea indica (Burm.fil.) Merr.,Leea indica,Vitaceae,Leea,14.98514,74.37265,100.0,2025-11-23,Anshi_Anshi_Anshi,50 by 10m vegetation plots and a 5 by 10m regeneration plot within
K41,ncf:ceros:atr_ktr:trees:K41,ncf:ceros:atr_ktr:trees:K41:1,Terminalia anogeissiana Gere & Boatwr.,Terminalia anogeissiana,Combretaceae,Terminalia,15.14435,74.67638,100.0,2025-12-05,Kulgi_Kegdal_Gutti,50 by 10m vegetation plots and a 5 by 10m regeneration plot within
K45,ncf:ceros:atr_ktr:trees:K45,ncf:ceros:atr_ktr:trees:K45:5,Dalbergia latifolia Roxb.,Dalbergia latifolia,Fabaceae,Dalbergia,15.12909,74.59881,100.0,2025-12-05,Phansoli_Phansoli_Phansoli,50 by 10m vegetation plots and a 5 by 10m regeneration plot within
K3,ncf:ceros:atr_ktr:trees:K3,ncf:ceros:atr_ktr:trees:K3:55,Syzygium hemisphericum (Walp.) Alston,Syzygium hemisphericum,Myrtaceae,Syzygium,15.02369,74.45427,100.0,2025-11-23,Anshi_Sawanth Matkarni_Sawanth Matkarni,50 by 10m vegetation plots and a 5 by 10m regeneration plot within
K47,ncf:ceros:atr_ktr:trees:K47,ncf:ceros:atr_ktr:trees:K47:26,Microcos paniculata L.,Microcos paniculata,Malvaceae,Microcos,15.12541,74.48069,100.0,2025-12-06,Phansoli_Amboli_Kumbeli,50 by 10m vegetation plots and a 5 by 10m regeneration plot within
K16,ncf:ceros:atr_ktr:trees:K16,ncf:ceros:atr_ktr:trees:K16:46,Psychotria dalzellii Hook.f.,Psychotria dalzellii,Rubiaceae,Psychotria,15.12424,74.32561,100.0,2025-11-27,Kumbharwada_Kundal_Keloli,50 by 10m vegetation plots and a 5 by 10m regeneration plot within
K28,ncf:ceros:atr_ktr:trees:K28,ncf:ceros:atr_ktr:trees:K28:41,Mimusops elengi L.,Mimusops elengi,Sapotaceae,Mimusops,14.93541,74.35854,100.0,2025-11-30,Kadra_Kadra_Kadra-West,50 by 10m vegetation plots and a 5 by 10m regeneration plot within
K22,ncf:ceros:atr_ktr:trees:K22,ncf:ceros:atr_ktr:trees:K22:22,Strobilanthes callosa Wall. ex Nees,Strobilanthes callosa,Acanthaceae,Strobilanthes,14.87999,74.41013,100.0,2025-11-28,Kadra_Kadra_Balemane,50 by 10m vegetation plots and a 5 by 10m regeneration plot within
K29,ncf:ceros:atr_ktr:trees:K29,ncf:ceros:atr_ktr:trees:K29:25,Glycosmis pentaphylla (Retz.) Corrêa,Glycosmis pentaphylla,Rutaceae,Glycosmis,15.4885,74.34842,100.0,2025-12-01,Castlerock_Anmod_Rangarook,50 by 10m vegetation plots and a 5 by 10m regeneration plot within
K11,ncf:ceros:atr_ktr:trees:K11,ncf:ceros:atr_ktr:trees:K11:43,Piper nigrum L.,Piper nigrum,Piperaceae,Piper,15.24596,74.28135,100.0,2025-11-25,Kumbharwada_Diggi_Diggi,50 by 10m vegetation plots and a 5 by 10m regeneration plot within
K34,ncf:ceros:atr_ktr:trees:K34,ncf:ceros:atr_ktr:trees:K34:34,Gymnosporia rothiana (Walp.) M.A.Lawson,Gymnosporia rothiana,Celastraceae,Gymnosporia,15.42029,74.32832,100.0,2025-12-02,Castlerock_Anmod_Anmod-East,50 by 10m vegetation plots and a 5 by 10m regeneration plot within
K16,ncf:ceros:atr_ktr:trees:K16,ncf:ceros:atr_ktr:trees:K16:32,Mallotus philippensis (Lam.) Müll.Arg.,Mallotus philippensis,Euphorbiaceae,Mallotus,15.12424,74.32561,100.0,2025-11-27,Kumbharwada_Kundal_Keloli,50 by 10m vegetation plots and a 5 by 10m regeneration plot within
K10,ncf:ceros:atr_ktr:trees:K10,ncf:ceros:atr_ktr:trees:K10:13,Diospyros candolleana Wight,Diospyros candolleana,Ebenaceae,Diospyros,15.01108,74.35722,100.0,2025-11-24,Anshi_Badpoli_Badpoli,50 by 10m vegetation plots and a 5 by 10m regeneration plot within
K51,ncf:ceros:atr_ktr:trees:K51,ncf:ceros:atr_ktr:trees:K51:47,Uvaria hookeri King,Uvaria hookeri,Annonaceae,Uvaria,15.03951,74.51396,100.0,2025-12-07,Gund_Marda_Marda,50 by 10m vegetation plots and a 5 by 10m regeneration plot within
K10,ncf:ceros:atr_ktr:trees:K10,ncf:ceros:atr_ktr:trees:K10:7,Calophyllum apetalum Willd.,Calophyllum apetalum,Calophyllaceae,Calophyllum,15.01108,74.35722,100.0,2025-11-24,Anshi_Badpoli_Badpoli,50 by 10m vegetation plots and a 5 by 10m regeneration plot within
K17,ncf:ceros:atr_ktr:trees:K17,ncf:ceros:atr_ktr:trees:K17:62,Xantolis tomentosa (Roxb.) Raf.,Xantolis tomentosa,Sapotaceae,Xantolis,15.11042,74.36691,100.0,2025-11-27,Kumbharwada_Kumbharwada_Kumbharwada,50 by 10m vegetation plots and a 5 by 10m regeneration plot within
K30,ncf:ceros:atr_ktr:trees:K30,ncf:ceros:atr_ktr:trees:K30:4,Calamus rheedei Griff.,Calamus rheedei,Arecaceae,Calamus,15.47372,74.33301,100.0,2025-12-01,Castlerock_Anmod_Meda,50 by 10m vegetation plots and a 5 by 10m regeneration plot within
K28,ncf:ceros:atr_ktr:trees:K28,ncf:ceros:atr_ktr:trees:K28:36,Leea indica (Burm.fil.) Merr.,Leea indica,Vitaceae,Leea,14.93541,74.35854,100.0,2025-11-30,Kadra_Kadra_Kadra-West,50 by 10m vegetation plots and a 5 by 10m regeneration plot within
K25,ncf:ceros:atr_ktr:trees:K25,ncf:ceros:atr_ktr:trees:K25:32,Psydrax dicoccos Gaertn.,Psydrax dicoccos,Rubiaceae,Psydrax,14.95361,74.31835,100.0,2025-11-29,Kadra_Bargadde_Bargadde,50 by 10m vegetation plots and a 5 by 10m regeneration plot within
K12,ncf:ceros:atr_ktr:trees:K12,ncf:ceros:atr_ktr:trees:K12:24,Glycosmis pentaphylla (Retz.) Corrêa,Glycosmis pentaphylla,Rutaceae,Glycosmis,15.21126,74.348,100.0,2025-11-25,Kumbharwada_Terali_Patagudi,50 by 10m vegetation plots and a 5 by 10m regeneration plot within
K6,ncf:ceros:atr_ktr:trees:K6,ncf:ceros:atr_ktr:trees:K6:53,Xantolis tomentosa (Roxb.) Raf.,Xantolis tomentosa,Sapotaceae,Xantolis,15.01219,74.39533,100.0,2025-11-23,Anshi_Sawanth Matkarni_Sawanth Matkarni,50 by 10m vegetation plots and a 5 by 10m regeneration plot within
K36,ncf:ceros:atr_ktr:trees:K36,ncf:ceros:atr_ktr:trees:K36:25,Diospyros candolleana Wight,Diospyros candolleana,Ebenaceae,Diospyros,15.48777,74.28354,100.0,2025-12-03,Castlerock_Karambal_Vatla,50 by 10m vegetation plots and a 5 by 10m regeneration plot within
K11,ncf:ceros:atr_ktr:trees:K11,ncf:ceros:atr_ktr:trees:K11:15,Diospyros candolleana Wight,Diospyros candolleana,Ebenaceae,Diospyros,15.24596,74.28135,100.0,2025-11-25,Kumbharwada_Diggi_Diggi,50 by 10m vegetation plots and a 5 by 10m regeneration plot within
K49,ncf:ceros:atr_ktr:trees:K49,ncf:ceros:atr_ktr:trees:K49:8,Bridelia stipularis (L.) Blume,Bridelia stipularis,Phyllanthaceae,Bridelia,15.0245,74.4809,100.0,2025-12-06,Gund_Marda_Shimpura Gudda,50 by 10m vegetation plots and a 5 by 10m regeneration plot within
K27,ncf:ceros:atr_ktr:trees:K27,ncf:ceros:atr_ktr:trees:K27:50,Tetrastigma leucostaphylum (Dennst.) Alston,Tetrastigma leucostaphylum,Vitaceae,Tetrastigma,14.92656,74.35452,100.0,2025-11-29,Kadra_Kadra_Kadra-West,50 by 10m vegetation plots and a 5 by 10m regeneration plot within
K33,ncf:ceros:atr_ktr:trees:K33,ncf:ceros:atr_ktr:trees:K33:11,Chassalia curviflora (Wall.) Thwaites,Chassalia curviflora,Rubiaceae,Chassalia,15.38466,74.34508,100.0,2025-12-02,Castlerock_Castlerock_Kalambuli,50 by 10m vegetation plots and a 5 by 10m regeneration plot within
K9,ncf:ceros:atr_ktr:trees:K9,ncf:ceros:atr_ktr:trees:K9:31,Mimusops elengi L.,Mimusops elengi,Sapotaceae,Mimusops,15.04249,74.35,100.0,2025-11-24,Anshi_Badpoli_Lande,50 by 10m vegetation plots and a 5 by 10m regeneration plot within
K51,ncf:ceros:atr_ktr:trees:K51,ncf:ceros:atr_ktr:trees:K51:28,Lepisanthes tetraphylla (Vahl) Radlk.,Lepisanthes tetraphylla,Sapindaceae,Lepisanthes,15.03951,74.51396,100.0,2025-12-07,Gund_Marda_Marda,50 by 10m vegetation plots and a 5 by 10m regeneration plot within
K35,ncf:ceros:atr_ktr:trees:K35,ncf:ceros:atr_ktr:trees:K35:52,Symplocos racemosa Roxb.,Symplocos racemosa,Symplocaceae,Symplocos,15.47685,74.30104,100.0,2025-12-03,Castlerock_Karambal_Vatla,50 by 10m vegetation plots and a 5 by 10m regeneration plot within
K3,ncf:ceros:atr_ktr:trees:K3,ncf:ceros:atr_ktr:trees:K3:10,Calamus rheedei Griff.,Calamus rheedei,Arecaceae,Calamus,15.02369,74.45427,100.0,2025-11-23,Anshi_Sawanth Matkarni_Sawanth Matkarni,50 by 10m vegetation plots and a 5 by 10m regeneration plot within
K33,ncf:ceros:atr_ktr:trees:K33,ncf:ceros:atr_ktr:trees:K33:12,Cinnamomum Schaeff.,,Lauraceae,Cinnamomum,15.38466,74.34508,100.0,2025-12-02,Castlerock_Castlerock_Kalambuli,50 by 10m vegetation plots and a 5 by 10m regeneration plot within
K19,ncf:ceros:atr_ktr:trees:K19,ncf:ceros:atr_ktr:trees:K19:32,Meyna laxiflora Robyns,Meyna laxiflora,Rubiaceae,Meyna,15.05663,74.45597,100.0,2025-11-27,Phansoli_Amboli_Amboli,50 by 10m vegetation plots and a 5 by 10m regeneration plot within
K1,ncf:ceros:atr_ktr:trees:K1,ncf:ceros:atr_ktr:trees:K1:50,Sterculia guttata Roxb.,Sterculia guttata,Malvaceae,Sterculia,14.95109,74.37002,100.0,2025-11-22,Anshi_Anshi_Badpoli,50 by 10m vegetation plots and a 5 by 10m regeneration plot within
K1,ncf:ceros:atr_ktr:trees:K1,ncf:ceros:atr_ktr:trees:K1:14,Cryptocarya sheikelmudiyana A.K.H.Bachan & P.K.Fasila,Cryptocarya sheikelmudiyana,Lauraceae,Cryptocarya,14.95109,74.37002,100.0,2025-11-22,Anshi_Anshi_Badpoli,50 by 10m vegetation plots and a 5 by 10m regeneration plot within
K12,ncf:ceros:atr_ktr:trees:K12,ncf:ceros:atr_ktr:trees:K12:10,Clausena anisata (Willd.) Hook.fil.,Clausena anisata,Rutaceae,Clausena,15.21126,74.348,100.0,2025-11-25,Kumbharwada_Terali_Patagudi,50 by 10m vegetation plots and a 5 by 10m regeneration plot within
K8,ncf:ceros:atr_ktr:trees:K8,ncf:ceros:atr_ktr:trees:K8:34,Symplocos racemosa Roxb.,Symplocos racemosa,Symplocaceae,Symplocos,15.04524,74.33066,100.0,2025-11-24,Anshi_Nujji_Nujji,50 by 10m vegetation plots and a 5 by 10m regeneration plot within
K3,ncf:ceros:atr_ktr:trees:K3,ncf:ceros:atr_ktr:trees:K3:39,Lasianthus sessilis Talbot,Lasianthus sessilis,Rubiaceae,Lasianthus,15.02369,74.45427,100.0,2025-11-23,Anshi_Sawanth Matkarni_Sawanth Matkarni,50 by 10m vegetation plots and a 5 by 10m regeneration plot within
K31,ncf:ceros:atr_ktr:trees:K31,ncf:ceros:atr_ktr:trees:K31:13,Casearia graveolens Dalzell,Casearia graveolens,Salicaceae,Casearia,15.32309,74.38428,100.0,2025-12-02,Castlerock_NA_Viral,50 by 10m vegetation plots and a 5 by 10m regeneration plot within
K55,ncf:ceros:atr_ktr:trees:K55,ncf:ceros:atr_ktr:trees:K55:22,Machilus glaucescens (Nees) Wight,Machilus glaucescens,Lauraceae,Machilus,15.07023,74.53669,100.0,2025-12-07,Gund_Gund_Gund,50 by 10m vegetation plots and a 5 by 10m regeneration plot within
K4,ncf:ceros:atr_ktr:trees:K4,ncf:ceros:atr_ktr:trees:K4:38,Mimusops elengi L.,Mimusops elengi,Sapotaceae,Mimusops,15.02334,74.4273,100.0,2025-11-23,Anshi_Sawanth Matkarni_Sawanth Matkarni,50 by 10m vegetation plots and a 5 by 10m regeneration plot within
K48,ncf:ceros:atr_ktr:trees:K48,ncf:ceros:atr_ktr:trees:K48:3,Aporosa cardiosperma (Gaertn.) Merr.,Aporosa cardiosperma,Phyllanthaceae,Aporosa,15.14195,74.46927,100.0,2025-12-06,Phansoli_Amboli_Kumbeli,50 by 10m vegetation plots and a 5 by 10m regeneration plot within
K33,ncf:ceros:atr_ktr:trees:K33,ncf:ceros:atr_ktr:trees:K33:3,Acacia Mill.,,Fabaceae,Acacia,15.38466,74.34508,100.0,2025-12-02,Castlerock_Castlerock_Kalambuli,50 by 10m vegetation plots and a 5 by 10m regeneration plot within
K49,ncf:ceros:atr_ktr:trees:K49,ncf:ceros:atr_ktr:trees:K49:15,Casearia graveolens Dalzell,Casearia graveolens,Salicaceae,Casearia,15.0245,74.4809,100.0,2025-12-06,Gund_Marda_Shimpura Gudda,50 by 10m vegetation plots and a 5 by 10m regeneration plot within
K12,ncf:ceros:atr_ktr:trees:K12,ncf:ceros:atr_ktr:trees:K12:8,Elaeodendron paniculatum Wight & Arn.,Elaeodendron paniculatum,Celastraceae,Elaeodendron,15.21126,74.348,100.0,2025-11-25,Kumbharwada_Terali_Patagudi,50 by 10m vegetation plots and a 5 by 10m regeneration plot within
K6,ncf:ceros:atr_ktr:trees:K6,ncf:ceros:atr_ktr:trees:K6:44,Piper nigrum L.,Piper nigrum,Piperaceae,Piper,15.01219,74.39533,100.0,2025-11-23,Anshi_Sawanth Matkarni_Sawanth Matkarni,50 by 10m vegetation plots and a 5 by 10m regeneration plot within
K7,ncf:ceros:atr_ktr:trees:K7,ncf:ceros:atr_ktr:trees:K7:42,Mimusops elengi L.,Mimusops elengi,Sapotaceae,Mimusops,15.09989,74.38199,100.0,2025-11-24,Anshi_Nujji_Jhalavali,50 by 10m vegetation plots and a 5 by 10m regeneration plot within
K16,ncf:ceros:atr_ktr:trees:K16,ncf:ceros:atr_ktr:trees:K16:41,Nothopegia castaneifolia (Roth) Ding Hou,Nothopegia castaneifolia,Anacardiaceae,Nothopegia,15.12424,74.32561,100.0,2025-11-27,Kumbharwada_Kundal_Keloli,50 by 10m vegetation plots and a 5 by 10m regeneration plot within
K36,ncf:ceros:atr_ktr:trees:K36,ncf:ceros:atr_ktr:trees:K36:22,Dichapetalum gelonioides (Roxb.) Engl.,Dichapetalum gelonioides,Dichapetalaceae,Dichapetalum,15.48777,74.28354,100.0,2025-12-03,Castlerock_Karambal_Vatla,50 by 10m vegetation plots and a 5 by 10m regeneration plot within
K18,ncf:ceros:atr_ktr:trees:K18,ncf:ceros:atr_ktr:trees:K18:21,Machilus glaucescens (Nees) Wight,Machilus glaucescens,Lauraceae,Machilus,15.09507,74.42705,100.0,2025-11-27,Kumbharwada_Kumbharwada_Kalsai,50 by 10m vegetation plots and a 5 by 10m regeneration plot within
K45,ncf:ceros:atr_ktr:trees:K45,ncf:ceros:atr_ktr:trees:K45:27,Syzygium cumini (L.) Skeels,Syzygium cumini,Myrtaceae,Syzygium,15.12909,74.59881,100.0,2025-12-05,Phansoli_Phansoli_Phansoli,50 by 10m vegetation plots and a 5 by 10m regeneration plot within
K29,ncf:ceros:atr_ktr:trees:K29,ncf:ceros:atr_ktr:trees:K29:59,Uvaria hookeri King,Uvaria hookeri,Annonaceae,Uvaria,15.4885,74.34842,100.0,2025-12-01,Castlerock_Anmod_Rangarook,50 by 10m vegetation plots and a 5 by 10m regeneration plot within
K13,ncf:ceros:atr_ktr:trees:K13,ncf:ceros:atr_ktr:trees:K13:15,Glochidion hohenackeri (Müll.Arg.) Bedd.,Glochidion hohenackeri,Phyllanthaceae,Glochidion,15.22005,74.39724,100.0,2025-11-26,Kumbharwada_Sulaveli_Vagheli,50 by 10m vegetation plots and a 5 by 10m regeneration plot within
K30,ncf:ceros:atr_ktr:trees:K30,ncf:ceros:atr_ktr:trees:K30:7,Casearia graveolens Dalzell,Casearia graveolens,Salicaceae,Casearia,15.47372,74.33301,100.0,2025-12-01,Castlerock_Anmod_Meda,50 by 10m vegetation plots and a 5 by 10m regeneration plot within
K37,ncf:ceros:atr_ktr:trees:K37,ncf:ceros:atr_ktr:trees:K37:14,Glycosmis pentaphylla (Retz.) Corrêa,Glycosmis pentaphylla,Rutaceae,Glycosmis,15.15166,74.64497,100.0,2025-12-04,Kulgi_Kegdal_Gutti,50 by 10m vegetation plots and a 5 by 10m regeneration plot within
K32,ncf:ceros:atr_ktr:trees:K32,ncf:ceros:atr_ktr:trees:K32:25,Garcinia gummi-gutta (L.) N.Robson,Garcinia gummi-gutta,Clusiaceae,Garcinia,15.34117,74.37326,100.0,2025-12-02,Castlerock_Castlerock_Populwadi,50 by 10m vegetation plots and a 5 by 10m regeneration plot within
K27,ncf:ceros:atr_ktr:trees:K27,ncf:ceros:atr_ktr:trees:K27:7,Beilschmiedia dalzellii (Meisn.) Kosterm.,Beilschmiedia dalzellii,Lauraceae,Beilschmiedia,14.92656,74.35452,100.0,2025-11-29,Kadra_Kadra_Kadra-West,50 by 10m vegetation plots and a 5 by 10m regeneration plot within
K46,ncf:ceros:atr_ktr:trees:K46,ncf:ceros:atr_ktr:trees:K46:13,Mallotus philippensis (Lam.) Müll.Arg.,Mallotus philippensis,Euphorbiaceae,Mallotus,15.14255,74.58648,100.0,2025-12-05,Phansoli_Phansoli_Phansoli,50 by 10m vegetation plots and a 5 by 10m regeneration plot within
K50,ncf:ceros:atr_ktr:trees:K50,ncf:ceros:atr_ktr:trees:K50:44,Vitex altissima L.f.,Vitex altissima,Lamiaceae,Vitex,15.02905,74.50175,100.0,2025-12-06,Gund_Ulavi_Ulavi,50 by 10m vegetation plots and a 5 by 10m regeneration plot within
K17,ncf:ceros:atr_ktr:trees:K17,ncf:ceros:atr_ktr:trees:K17:27,Gnetum edule (Willd.) Blume,Gnetum edule,Gnetaceae,Gnetum,15.11042,74.36691,100.0,2025-11-27,Kumbharwada_Kumbharwada_Kumbharwada,50 by 10m vegetation plots and a 5 by 10m regeneration plot within
K25,ncf:ceros:atr_ktr:trees:K25,ncf:ceros:atr_ktr:trees:K25:6,Carallia brachiata (Lour.) Merr.,Carallia brachiata,Rhizophoraceae,Carallia,14.95361,74.31835,100.0,2025-11-29,Kadra_Bargadde_Bargadde,50 by 10m vegetation plots and a 5 by 10m regeneration plot within
K23,ncf:ceros:atr_ktr:trees:K23,ncf:ceros:atr_ktr:trees:K23:6,Embelia tsjeriam-cottam (Roem. & Schult.) A.DC.,Embelia tsjeriam-cottam,Primulaceae,Embelia,14.92281,74.33555,100.0,2025-11-28,Kadra_Kadra_Kadra-West,50 by 10m vegetation plots and a 5 by 10m regeneration plot within
K28,ncf:ceros:atr_ktr:trees:K28,ncf:ceros:atr_ktr:trees:K28:39,Machilus glaucescens (Nees) Wight,Machilus glaucescens,Lauraceae,Machilus,14.93541,74.35854,100.0,2025-11-30,Kadra_Kadra_Kadra-West,50 by 10m vegetation plots and a 5 by 10m regeneration plot within
K47,ncf:ceros:atr_ktr:trees:K47,ncf:ceros:atr_ktr:trees:K47:44,Xantolis tomentosa (Roxb.) Raf.,Xantolis tomentosa,Sapotaceae,Xantolis,15.12541,74.48069,100.0,2025-12-06,Phansoli_Amboli_Kumbeli,50 by 10m vegetation plots and a 5 by 10m regeneration plot within
K28,ncf:ceros:atr_ktr:trees:K28,ncf:ceros:atr_ktr:trees:K28:28,Glycosmis pentaphylla (Retz.) Corrêa,Glycosmis pentaphylla,Rutaceae,Glycosmis,14.93541,74.35854,100.0,2025-11-30,Kadra_Kadra_Kadra-West,50 by 10m vegetation plots and a 5 by 10m regeneration plot within
K50,ncf:ceros:atr_ktr:trees:K50,ncf:ceros:atr_ktr:trees:K50:31,Memecylon talbotianum Brandis,Memecylon talbotianum,Melastomataceae,Memecylon,15.02905,74.50175,100.0,2025-12-06,Gund_Ulavi_Ulavi,50 by 10m vegetation plots and a 5 by 10m regeneration plot within
K21,ncf:ceros:atr_ktr:trees:K21,ncf:ceros:atr_ktr:trees:K21:12,Macaranga peltata (Roxb.) Müll.Arg.,Macaranga peltata,Euphorbiaceae,Macaranga,14.88869,74.43009,100.0,2025-11-28,Kadra_Kadra_Balemane,50 by 10m vegetation plots and a 5 by 10m regeneration plot within
K43,ncf:ceros:atr_ktr:trees:K43,ncf:ceros:atr_ktr:trees:K43:22,Oroxylum indicum (L.) Kurz,Oroxylum indicum,Bignoniaceae,Oroxylum,15.13126,74.6676,100.0,2025-12-05,Kulgi_Jamga_Jamga-East,50 by 10m vegetation plots and a 5 by 10m regeneration plot within
K37,ncf:ceros:atr_ktr:trees:K37,ncf:ceros:atr_ktr:trees:K37:25,Terminalia paniculata B.Heyne ex Roth,Terminalia paniculata,Combretaceae,Terminalia,15.15166,74.64497,100.0,2025-12-04,Kulgi_Kegdal_Gutti,50 by 10m vegetation plots and a 5 by 10m regeneration plot within
K49,ncf:ceros:atr_ktr:trees:K49,ncf:ceros:atr_ktr:trees:K49:58,Xylia xylocarpa (Roxb.) W.Theob.,Xylia xylocarpa,Fabaceae,Xylia,15.0245,74.4809,100.0,2025-12-06,Gund_Marda_Shimpura Gudda,50 by 10m vegetation plots and a 5 by 10m regeneration plot within
K53,ncf:ceros:atr_ktr:trees:K53,ncf:ceros:atr_ktr:trees:K53:3,Allophylus cobbe (L.) Forsyth fil.,Allophylus cobbe,Sapindaceae,Allophylus,15.05536,74.53871,100.0,2025-12-07,Gund_Tammanagi_Shavale,50 by 10m vegetation plots and a 5 by 10m regeneration plot within
K10,ncf:ceros:atr_ktr:trees:K10,ncf:ceros:atr_ktr:trees:K10:35,Memecylon umbellatum Burm.fil.,Memecylon umbellatum,Melastomataceae,Memecylon,15.01108,74.35722,100.0,2025-11-24,Anshi_Badpoli_Badpoli,50 by 10m vegetation plots and a 5 by 10m regeneration plot within
K12,ncf:ceros:atr_ktr:trees:K12,ncf:ceros:atr_ktr:trees:K12:12,Cryptocarya sheikelmudiyana A.K.H.Bachan & P.K.Fasila,Cryptocarya sheikelmudiyana,Lauraceae,Cryptocarya,15.21126,74.348,100.0,2025-11-25,Kumbharwada_Terali_Patagudi,50 by 10m vegetation plots and a 5 by 10m regeneration plot within
K19,ncf:ceros:atr_ktr:trees:K19,ncf:ceros:atr_ktr:trees:K19:1,Actinodaphne angustifolia (Blume) Nees,Actinodaphne angustifolia,Lauraceae,Actinodaphne,15.05663,74.45597,100.0,2025-11-27,Phansoli_Amboli_Amboli,50 by 10m vegetation plots and a 5 by 10m regeneration plot within
K33,ncf:ceros:atr_ktr:trees:K33,ncf:ceros:atr_ktr:trees:K33:27,Ixora nigricans R.Br. ex Wight & Arn.,Ixora nigricans,Rubiaceae,Ixora,15.38466,74.34508,100.0,2025-12-02,Castlerock_Castlerock_Kalambuli,50 by 10m vegetation plots and a 5 by 10m regeneration plot within
K32,ncf:ceros:atr_ktr:trees:K32,ncf:ceros:atr_ktr:trees:K32:24,Flacourtia montana J.Graham,Flacourtia montana,Salicaceae,Flacourtia,15.34117,74.37326,100.0,2025-12-02,Castlerock_Castlerock_Populwadi,50 by 10m vegetation plots and a 5 by 10m regeneration plot within
K44,ncf:ceros:atr_ktr:trees:K44,ncf:ceros:atr_ktr:trees:K44:3,Bauhinia racemosa Lam.,Bauhinia racemosa,Fabaceae,Bauhinia,15.1191,74.68068,100.0,2025-12-05,Kulgi_Kegdal_Amga-East,50 by 10m vegetation plots and a 5 by 10m regeneration plot within
K9,ncf:ceros:atr_ktr:trees:K9,ncf:ceros:atr_ktr:trees:K9:16,Glochidion zeylanicum (Gaertn.) A.Juss.,Glochidion zeylanicum,Phyllanthaceae,Glochidion,15.04249,74.35,100.0,2025-11-24,Anshi_Badpoli_Lande,50 by 10m vegetation plots and a 5 by 10m regeneration plot within
K15,ncf:ceros:atr_ktr:trees:K15,ncf:ceros:atr_ktr:trees:K15:43,Prunus ceylanica (Wight) Miq.,Prunus ceylanica,Rosaceae,Prunus,15.23219,74.34004,100.0,2025-11-26,Kumbharwada_Sulaveli_Sulaveli,50 by 10m vegetation plots and a 5 by 10m regeneration plot within
K10,ncf:ceros:atr_ktr:trees:K10,ncf:ceros:atr_ktr:trees:K10:8,Casearia graveolens Dalzell,Casearia graveolens,Salicaceae,Casearia,15.01108,74.35722,100.0,2025-11-24,Anshi_Badpoli_Badpoli,50 by 10m vegetation plots and a 5 by 10m regeneration plot within
K2,ncf:ceros:atr_ktr:trees:K2,ncf:ceros:atr_ktr:trees:K2:20,Garcinia morella (Gaertn.) Desr.,Garcinia morella,Clusiaceae,Garcinia,14.9607,74.37222,100.0,2025-11-22,Anshi_Badpoli_Digali,50 by 10m vegetation plots and a 5 by 10m regeneration plot within
K30,ncf:ceros:atr_ktr:trees:K30,ncf:ceros:atr_ktr:trees:K30:25,Machilus glaucescens (Nees) Wight,Machilus glaucescens,Lauraceae,Machilus,15.47372,74.33301,100.0,2025-12-01,Castlerock_Anmod_Meda,50 by 10m vegetation plots and a 5 by 10m regeneration plot within
K3,ncf:ceros:atr_ktr:trees:K3,ncf:ceros:atr_ktr:trees:K3:25,Erycibe paniculata Roxb.,Erycibe paniculata,Convolvulaceae,Erycibe,15.02369,74.45427,100.0,2025-11-23,Anshi_Sawanth Matkarni_Sawanth Matkarni,50 by 10m vegetation plots and a 5 by 10m regeneration plot within
K55,ncf:ceros:atr_ktr:trees:K55,ncf:ceros:atr_ktr:trees:K55:28,Sterculia guttata Roxb.,Sterculia guttata,Malvaceae,Sterculia,15.07023,74.53669,100.0,2025-12-07,Gund_Gund_Gund,50 by 10m vegetation plots and a 5 by 10m regeneration plot within
K39,ncf:ceros:atr_ktr:trees:K39,ncf:ceros:atr_ktr:trees:K39:10,Dalbergia latifolia Roxb.,Dalbergia latifolia,Fabaceae,Dalbergia,15.15024,74.62002,100.0,2025-12-04,Kulgi_Kulgi_Kulgi-South,50 by 10m vegetation plots and a 5 by 10m regeneration plot within
K25,ncf:ceros:atr_ktr:trees:K25,ncf:ceros:atr_ktr:trees:K25:46,Xylia xylocarpa (Roxb.) W.Theob.,Xylia xylocarpa,Fabaceae,Xylia,14.95361,74.31835,100.0,2025-11-29,Kadra_Bargadde_Bargadde,50 by 10m vegetation plots and a 5 by 10m regeneration plot within
K21,ncf:ceros:atr_ktr:trees:K21,ncf:ceros:atr_ktr:trees:K21:17,Sterculia guttata Roxb.,Sterculia guttata,Malvaceae,Sterculia,14.88869,74.43009,100.0,2025-11-28,Kadra_Kadra_Balemane,50 by 10m vegetation plots and a 5 by 10m regeneration plot within
K32,ncf:ceros:atr_ktr:trees:K32,ncf:ceros:atr_ktr:trees:K32:32,Ixora brachiata Roxb.,Ixora brachiata,Rubiaceae,Ixora,15.34117,74.37326,100.0,2025-12-02,Castlerock_Castlerock_Populwadi,50 by 10m vegetation plots and a 5 by 10m regeneration plot within
K47,ncf:ceros:atr_ktr:trees:K47,ncf:ceros:atr_ktr:trees:K47:30,Paramignya monophylla Wight,Paramignya monophylla,Rutaceae,Paramignya,15.12541,74.48069,100.0,2025-12-06,Phansoli_Amboli_Kumbeli,50 by 10m vegetation plots and a 5 by 10m regeneration plot within
K52,ncf:ceros:atr_ktr:trees:K52,ncf:ceros:atr_ktr:trees:K52:30,Paramignya monophylla Wight,Paramignya monophylla,Rutaceae,Paramignya,15.06448,74.52105,100.0,2025-12-07,Gund_Marda_Marda,50 by 10m vegetation plots and a 5 by 10m regeneration plot within
K38,ncf:ceros:atr_ktr:trees:K38,ncf:ceros:atr_ktr:trees:K38:28,Microcos paniculata L.,Microcos paniculata,Malvaceae,Microcos,15.16349,74.62148,100.0,2025-12-04,Kulgi_Kulgi_Kulgi-South,50 by 10m vegetation plots and a 5 by 10m regeneration plot within
K13,ncf:ceros:atr_ktr:trees:K13,ncf:ceros:atr_ktr:trees:K13:11,Diospyros montana Roxb.,Diospyros montana,Ebenaceae,Diospyros,15.22005,74.39724,100.0,2025-11-26,Kumbharwada_Sulaveli_Vagheli,50 by 10m vegetation plots and a 5 by 10m regeneration plot within
K25,ncf:ceros:atr_ktr:trees:K25,ncf:ceros:atr_ktr:trees:K25:21,Ixora coccinea Comm. ex Lam.,Ixora coccinea,Rubiaceae,Ixora,14.95361,74.31835,100.0,2025-11-29,Kadra_Bargadde_Bargadde,50 by 10m vegetation plots and a 5 by 10m regeneration plot within
K16,ncf:ceros:atr_ktr:trees:K16,ncf:ceros:atr_ktr:trees:K16:51,Tabernaemontana alternifolia L.,Tabernaemontana alternifolia,Apocynaceae,Tabernaemontana,15.12424,74.32561,100.0,2025-11-27,Kumbharwada_Kundal_Keloli,50 by 10m vegetation plots and a 5 by 10m regeneration plot within
K28,ncf:ceros:atr_ktr:trees:K28,ncf:ceros:atr_ktr:trees:K28:11,Caryota urens L.,Caryota urens,Arecaceae,Caryota,14.93541,74.35854,100.0,2025-11-30,Kadra_Kadra_Kadra-West,50 by 10m vegetation plots and a 5 by 10m regeneration plot within
K37,ncf:ceros:atr_ktr:trees:K37,ncf:ceros:atr_ktr:trees:K37:26,Ventilago denticulata Willd.,Ventilago denticulata,Rhamnaceae,Ventilago,15.15166,74.64497,100.0,2025-12-04,Kulgi_Kegdal_Gutti,50 by 10m vegetation plots and a 5 by 10m regeneration plot within
K7,ncf:ceros:atr_ktr:trees:K7,ncf:ceros:atr_ktr:trees:K7:30,Glycosmis pentaphylla (Retz.) Corrêa,Glycosmis pentaphylla,Rutaceae,Glycosmis,15.09989,74.38199,100.0,2025-11-24,Anshi_Nujji_Jhalavali,50 by 10m vegetation plots and a 5 by 10m regeneration plot within
K31,ncf:ceros:atr_ktr:trees:K31,ncf:ceros:atr_ktr:trees:K31:26,Eugenia macrosepala Duthie,Eugenia macrosepala,Myrtaceae,Eugenia,15.32309,74.38428,100.0,2025-12-02,Castlerock_NA_Viral,50 by 10m vegetation plots and a 5 by 10m regeneration plot within
K8,ncf:ceros:atr_ktr:trees:K8,ncf:ceros:atr_ktr:trees:K8:16,Erycibe paniculata Roxb.,Erycibe paniculata,Convolvulaceae,Erycibe,15.04524,74.33066,100.0,2025-11-24,Anshi_Nujji_Nujji,50 by 10m vegetation plots and a 5 by 10m regeneration plot within
K47,ncf:ceros:atr_ktr:trees:K47,ncf:ceros:atr_ktr:trees:K47:18,Getonia floribunda Roxb.,Getonia floribunda,Combretaceae,Getonia,15.12541,74.48069,100.0,2025-12-06,Phansoli_Amboli_Kumbeli,50 by 10m vegetation plots and a 5 by 10m regeneration plot within
K7,ncf:ceros:atr_ktr:trees:K7,ncf:ceros:atr_ktr:trees:K7:19,Connarus monocarpus (L.) Wight & Arn.,,Connaraceae,,15.09989,74.38199,100.0,2025-11-24,Anshi_Nujji_Jhalavali,50 by 10m vegetation plots and a 5 by 10m regeneration plot within
K34,ncf:ceros:atr_ktr:trees:K34,ncf:ceros:atr_ktr:trees:K34:36,Holigarna arnottiana Wall. ex Hook.fil.,Holigarna arnottiana,Anacardiaceae,Holigarna,15.42029,74.32832,100.0,2025-12-02,Castlerock_Anmod_Anmod-East,50 by 10m vegetation plots and a 5 by 10m regeneration plot within
K36,ncf:ceros:atr_ktr:trees:K36,ncf:ceros:atr_ktr:trees:K36:48,Memecylon talbotianum Brandis,Memecylon talbotianum,Melastomataceae,Memecylon,15.48777,74.28354,100.0,2025-12-03,Castlerock_Karambal_Vatla,50 by 10m vegetation plots and a 5 by 10m regeneration plot within
K18,ncf:ceros:atr_ktr:trees:K18,ncf:ceros:atr_ktr:trees:K18:10,Cassia fistula L.,Cassia fistula,Fabaceae,Cassia,15.09507,74.42705,100.0,2025-11-27,Kumbharwada_Kumbharwada_Kalsai,50 by 10m vegetation plots and a 5 by 10m regeneration plot within
K37,ncf:ceros:atr_ktr:trees:K37,ncf:ceros:atr_ktr:trees:K37:28,Ziziphus oenopolia (L.) Mill.,Ziziphus oenopolia,Rhamnaceae,Ziziphus,15.15166,74.64497,100.0,2025-12-04,Kulgi_Kegdal_Gutti,50 by 10m vegetation plots and a 5 by 10m regeneration plot within
K49,ncf:ceros:atr_ktr:trees:K49,ncf:ceros:atr_ktr:trees:K49:40,Nothopegia castaneifolia (Roth) Ding Hou,Nothopegia castaneifolia,Anacardiaceae,Nothopegia,15.0245,74.4809,100.0,2025-12-06,Gund_Marda_Shimpura Gudda,50 by 10m vegetation plots and a 5 by 10m regeneration plot within
K9,ncf:ceros:atr_ktr:trees:K9,ncf:ceros:atr_ktr:trees:K9:7,Caryota urens L.,Caryota urens,Arecaceae,Caryota,15.04249,74.35,100.0,2025-11-24,Anshi_Badpoli_Lande,50 by 10m vegetation plots and a 5 by 10m regeneration plot within
K34,ncf:ceros:atr_ktr:trees:K34,ncf:ceros:atr_ktr:trees:K34:25,Diploclisia glaucescens (Blume) Diels,Diploclisia glaucescens,Menispermaceae,Diploclisia,15.42029,74.32832,100.0,2025-12-02,Castlerock_Anmod_Anmod-East,50 by 10m vegetation plots and a 5 by 10m regeneration plot within
K31,ncf:ceros:atr_ktr:trees:K31,ncf:ceros:atr_ktr:trees:K31:34,Ixora nigricans R.Br. ex Wight & Arn.,Ixora nigricans,Rubiaceae,Ixora,15.32309,74.38428,100.0,2025-12-02,Castlerock_NA_Viral,50 by 10m vegetation plots and a 5 by 10m regeneration plot within
K41,ncf:ceros:atr_ktr:trees:K41,ncf:ceros:atr_ktr:trees:K41:12,Lagerstroemia microcarpa Wight,Lagerstroemia microcarpa,Lythraceae,Lagerstroemia,15.14435,74.67638,100.0,2025-12-05,Kulgi_Kegdal_Gutti,50 by 10m vegetation plots and a 5 by 10m regeneration plot within
K4,ncf:ceros:atr_ktr:trees:K4,ncf:ceros:atr_ktr:trees:K4:44,Smilax zeylanica L.,Smilax zeylanica,Smilacaceae,Smilax,15.02334,74.4273,100.0,2025-11-23,Anshi_Sawanth Matkarni_Sawanth Matkarni,50 by 10m vegetation plots and a 5 by 10m regeneration plot within
K3,ncf:ceros:atr_ktr:trees:K3,ncf:ceros:atr_ktr:trees:K3:32,Grewia umbellata Roxb.,Grewia laevigata,Malvaceae,Grewia,15.02369,74.45427,100.0,2025-11-23,Anshi_Sawanth Matkarni_Sawanth Matkarni,50 by 10m vegetation plots and a 5 by 10m regeneration plot within
K50,ncf:ceros:atr_ktr:trees:K50,ncf:ceros:atr_ktr:trees:K50:19,Glycosmis pentaphylla (Retz.) Corrêa,Glycosmis pentaphylla,Rutaceae,Glycosmis,15.02905,74.50175,100.0,2025-12-06,Gund_Ulavi_Ulavi,50 by 10m vegetation plots and a 5 by 10m regeneration plot within
K15,ncf:ceros:atr_ktr:trees:K15,ncf:ceros:atr_ktr:trees:K15:42,Canthium rheedei DC.,Canthium rheedei,Rubiaceae,Canthium,15.23219,74.34004,100.0,2025-11-26,Kumbharwada_Sulaveli_Sulaveli,50 by 10m vegetation plots and a 5 by 10m regeneration plot within
K6,ncf:ceros:atr_ktr:trees:K6,ncf:ceros:atr_ktr:trees:K6:12,Clausena anisata (Willd.) Hook.fil.,Clausena anisata,Rutaceae,Clausena,15.01219,74.39533,100.0,2025-11-23,Anshi_Sawanth Matkarni_Sawanth Matkarni,50 by 10m vegetation plots and a 5 by 10m regeneration plot within
K31,ncf:ceros:atr_ktr:trees:K31,ncf:ceros:atr_ktr:trees:K31:45,Mimusops elengi L.,Mimusops elengi,Sapotaceae,Mimusops,15.32309,74.38428,100.0,2025-12-02,Castlerock_NA_Viral,50 by 10m vegetation plots and a 5 by 10m regeneration plot within
K17,ncf:ceros:atr_ktr:trees:K17,ncf:ceros:atr_ktr:trees:K17:32,Ixora brachiata Roxb.,Ixora brachiata,Rubiaceae,Ixora,15.11042,74.36691,100.0,2025-11-27,Kumbharwada_Kumbharwada_Kumbharwada,50 by 10m vegetation plots and a 5 by 10m regeneration plot within
K1,ncf:ceros:atr_ktr:trees:K1,ncf:ceros:atr_ktr:trees:K1:30,Gnetum edule (Willd.) Blume,Gnetum edule,Gnetaceae,Gnetum,14.95109,74.37002,100.0,2025-11-22,Anshi_Anshi_Badpoli,50 by 10m vegetation plots and a 5 by 10m regeneration plot within
K15,ncf:ceros:atr_ktr:trees:K15,ncf:ceros:atr_ktr:trees:K15:46,Sterculia guttata Roxb.,Sterculia guttata,Malvaceae,Sterculia,15.23219,74.34004,100.0,2025-11-26,Kumbharwada_Sulaveli_Sulaveli,50 by 10m vegetation plots and a 5 by 10m regeneration plot within
K55,ncf:ceros:atr_ktr:trees:K55,ncf:ceros:atr_ktr:trees:K55:12,Clerodendrum infortunatum L.,Clerodendrum infortunatum,Lamiaceae,Clerodendrum,15.07023,74.53669,100.0,2025-12-07,Gund_Gund_Gund,50 by 10m vegetation plots and a 5 by 10m regeneration plot within
K28,ncf:ceros:atr_ktr:trees:K28,ncf:ceros:atr_ktr:trees:K28:37,Litsea coriacea (Nees) Hook.fil.,Litsea coriacea,Lauraceae,Litsea,14.93541,74.35854,100.0,2025-11-30,Kadra_Kadra_Kadra-West,50 by 10m vegetation plots and a 5 by 10m regeneration plot within
K9,ncf:ceros:atr_ktr:trees:K9,ncf:ceros:atr_ktr:trees:K9:18,Gnetum edule (Willd.) Blume,Gnetum edule,Gnetaceae,Gnetum,15.04249,74.35,100.0,2025-11-24,Anshi_Badpoli_Lande,50 by 10m vegetation plots and a 5 by 10m regeneration plot within
K6,ncf:ceros:atr_ktr:trees:K6,ncf:ceros:atr_ktr:trees:K6:39,Microcos paniculata L.,Microcos paniculata,Malvaceae,Microcos,15.01219,74.39533,100.0,2025-11-23,Anshi_Sawanth Matkarni_Sawanth Matkarni,50 by 10m vegetation plots and a 5 by 10m regeneration plot within
K27,ncf:ceros:atr_ktr:trees:K27,ncf:ceros:atr_ktr:trees:K27:46,Salacia beddomei Gamble,Salacia beddomei,Celastraceae,Salacia,14.92656,74.35452,100.0,2025-11-29,Kadra_Kadra_Kadra-West,50 by 10m vegetation plots and a 5 by 10m regeneration plot within
K19,ncf:ceros:atr_ktr:trees:K19,ncf:ceros:atr_ktr:trees:K19:44,Symplocos racemosa Roxb.,Symplocos racemosa,Symplocaceae,Symplocos,15.05663,74.45597,100.0,2025-11-27,Phansoli_Amboli_Amboli,50 by 10m vegetation plots and a 5 by 10m regeneration plot within
K4,ncf:ceros:atr_ktr:trees:K4,ncf:ceros:atr_ktr:trees:K4:30,Litsea coriacea (Nees) Hook.fil.,Litsea coriacea,Lauraceae,Litsea,15.02334,74.4273,100.0,2025-11-23,Anshi_Sawanth Matkarni_Sawanth Matkarni,50 by 10m vegetation plots and a 5 by 10m regeneration plot within
K7,ncf:ceros:atr_ktr:trees:K7,ncf:ceros:atr_ktr:trees:K7:39,Machilus glaucescens (Nees) Wight,Machilus glaucescens,Lauraceae,Machilus,15.09989,74.38199,100.0,2025-11-24,Anshi_Nujji_Jhalavali,50 by 10m vegetation plots and a 5 by 10m regeneration plot within
K10,ncf:ceros:atr_ktr:trees:K10,ncf:ceros:atr_ktr:trees:K10:19,Gnetum edule (Willd.) Blume,Gnetum edule,Gnetaceae,Gnetum,15.01108,74.35722,100.0,2025-11-24,Anshi_Badpoli_Badpoli,50 by 10m vegetation plots and a 5 by 10m regeneration plot within
K28,ncf:ceros:atr_ktr:trees:K28,ncf:ceros:atr_ktr:trees:K28:54,Salacia beddomei Gamble,Salacia beddomei,Celastraceae,Salacia,14.93541,74.35854,100.0,2025-11-30,Kadra_Kadra_Kadra-West,50 by 10m vegetation plots and a 5 by 10m regeneration plot within
K56,ncf:ceros:atr_ktr:trees:K56,ncf:ceros:atr_ktr:trees:K56:13,Macaranga peltata (Roxb.) Müll.Arg.,Macaranga peltata,Euphorbiaceae,Macaranga,15.09191,74.51578,100.0,2025-12-07,Phansoli_Avurli_Avurli,50 by 10m vegetation plots and a 5 by 10m regeneration plot within
K38,ncf:ceros:atr_ktr:trees:K38,ncf:ceros:atr_ktr:trees:K38:25,Macaranga peltata (Roxb.) Müll.Arg.,Macaranga peltata,Euphorbiaceae,Macaranga,15.16349,74.62148,100.0,2025-12-04,Kulgi_Kulgi_Kulgi-South,50 by 10m vegetation plots and a 5 by 10m regeneration plot within
K11,ncf:ceros:atr_ktr:trees:K11,ncf:ceros:atr_ktr:trees:K11:2,Aglaia elaeagnoidea (A.Juss.) Benth.,Aglaia elaeagnoidea,Meliaceae,Aglaia,15.24596,74.28135,100.0,2025-11-25,Kumbharwada_Diggi_Diggi,50 by 10m vegetation plots and a 5 by 10m regeneration plot within
K5,ncf:ceros:atr_ktr:trees:K5,ncf:ceros:atr_ktr:trees:K5:22,Glycosmis pentaphylla (Retz.) Corrêa,Glycosmis pentaphylla,Rutaceae,Glycosmis,14.98514,74.37265,100.0,2025-11-23,Anshi_Anshi_Anshi,50 by 10m vegetation plots and a 5 by 10m regeneration plot within
K52,ncf:ceros:atr_ktr:trees:K52,ncf:ceros:atr_ktr:trees:K52:14,Clerodendrum infortunatum L.,Clerodendrum infortunatum,Lamiaceae,Clerodendrum,15.06448,74.52105,100.0,2025-12-07,Gund_Marda_Marda,50 by 10m vegetation plots and a 5 by 10m regeneration plot within
K26,ncf:ceros:atr_ktr:trees:K26,ncf:ceros:atr_ktr:trees:K26:47,Vincetoxicum dalzellii (Hook.fil.) Kuntze,Vincetoxicum dalzellii,Apocynaceae,Vincetoxicum,14.94972,74.29521,100.0,2025-11-29,Kadra_Bargadde_Bargadde,50 by 10m vegetation plots and a 5 by 10m regeneration plot within
K2,ncf:ceros:atr_ktr:trees:K2,ncf:ceros:atr_ktr:trees:K2:29,Lagerstroemia microcarpa Wight,Lagerstroemia microcarpa,Lythraceae,Lagerstroemia,14.9607,74.37222,100.0,2025-11-22,Anshi_Badpoli_Digali,50 by 10m vegetation plots and a 5 by 10m regeneration plot within
K49,ncf:ceros:atr_ktr:trees:K49,ncf:ceros:atr_ktr:trees:K49:34,Knema attenuata (Hook.fil. & Thomson) Warb.,Knema attenuata,Myristicaceae,Knema,15.0245,74.4809,100.0,2025-12-06,Gund_Marda_Shimpura Gudda,50 by 10m vegetation plots and a 5 by 10m regeneration plot within
K32,ncf:ceros:atr_ktr:trees:K32,ncf:ceros:atr_ktr:trees:K32:49,Piper nigrum L.,Piper nigrum,Piperaceae,Piper,15.34117,74.37326,100.0,2025-12-02,Castlerock_Castlerock_Populwadi,50 by 10m vegetation plots and a 5 by 10m regeneration plot within
K18,ncf:ceros:atr_ktr:trees:K18,ncf:ceros:atr_ktr:trees:K18:32,Terminalia elliptica Willd.,Terminalia elliptica,Combretaceae,Terminalia,15.09507,74.42705,100.0,2025-11-27,Kumbharwada_Kumbharwada_Kalsai,50 by 10m vegetation plots and a 5 by 10m regeneration plot within
K9,ncf:ceros:atr_ktr:trees:K9,ncf:ceros:atr_ktr:trees:K9:28,Mangifera indica L.,Mangifera indica,Anacardiaceae,Mangifera,15.04249,74.35,100.0,2025-11-24,Anshi_Badpoli_Lande,50 by 10m vegetation plots and a 5 by 10m regeneration plot within
K21,ncf:ceros:atr_ktr:trees:K21,ncf:ceros:atr_ktr:trees:K21:5,Chromolaena odorata (L.) R.M.King & H.Rob.,Chromolaena odorata,Asteraceae,Chromolaena,14.88869,74.43009,100.0,2025-11-28,Kadra_Kadra_Balemane,50 by 10m vegetation plots and a 5 by 10m regeneration plot within
K35,ncf:ceros:atr_ktr:trees:K35,ncf:ceros:atr_ktr:trees:K35:10,Dichapetalum gelonioides (Roxb.) Engl.,Dichapetalum gelonioides,Dichapetalaceae,Dichapetalum,15.47685,74.30104,100.0,2025-12-03,Castlerock_Karambal_Vatla,50 by 10m vegetation plots and a 5 by 10m regeneration plot within
K19,ncf:ceros:atr_ktr:trees:K19,ncf:ceros:atr_ktr:trees:K19:26,Lagerstroemia microcarpa Wight,Lagerstroemia microcarpa,Lythraceae,Lagerstroemia,15.05663,74.45597,100.0,2025-11-27,Phansoli_Amboli_Amboli,50 by 10m vegetation plots and a 5 by 10m regeneration plot within
K54,ncf:ceros:atr_ktr:trees:K54,ncf:ceros:atr_ktr:trees:K54:19,Sterculia guttata Roxb.,Sterculia guttata,Malvaceae,Sterculia,15.06675,74.57376,100.0,2025-12-07,Gund_Tammanagi_Shavale,50 by 10m vegetation plots and a 5 by 10m regeneration plot within
K10,ncf:ceros:atr_ktr:trees:K10,ncf:ceros:atr_ktr:trees:K10:21,Holigarna arnottiana Wall. ex Hook.fil.,Holigarna arnottiana,Anacardiaceae,Holigarna,15.01108,74.35722,100.0,2025-11-24,Anshi_Badpoli_Badpoli,50 by 10m vegetation plots and a 5 by 10m regeneration plot within
K44,ncf:ceros:atr_ktr:trees:K44,ncf:ceros:atr_ktr:trees:K44:9,Cryptolepis buchananii R.Br. ex Roem. & Schult.,Cryptolepis buchananii,Apocynaceae,Cryptolepis,15.1191,74.68068,100.0,2025-12-05,Kulgi_Kegdal_Amga-East,50 by 10m vegetation plots and a 5 by 10m regeneration plot within
K28,ncf:ceros:atr_ktr:trees:K28,ncf:ceros:atr_ktr:trees:K28:1,Actinodaphne angustifolia (Blume) Nees,Actinodaphne angustifolia,Lauraceae,Actinodaphne,14.93541,74.35854,100.0,2025-11-30,Kadra_Kadra_Kadra-West,50 by 10m vegetation plots and a 5 by 10m regeneration plot within
K6,ncf:ceros:atr_ktr:trees:K6,ncf:ceros:atr_ktr:trees:K6:52,Terminalia paniculata B.Heyne ex Roth,Terminalia paniculata,Combretaceae,Terminalia,15.01219,74.39533,100.0,2025-11-23,Anshi_Sawanth Matkarni_Sawanth Matkarni,50 by 10m vegetation plots and a 5 by 10m regeneration plot within
K46,ncf:ceros:atr_ktr:trees:K46,ncf:ceros:atr_ktr:trees:K46:2,Alseodaphne semecarpifolia Nees,Alseodaphne semecarpifolia,Lauraceae,Alseodaphne,15.14255,74.58648,100.0,2025-12-05,Phansoli_Phansoli_Phansoli,50 by 10m vegetation plots and a 5 by 10m regeneration plot within
K28,ncf:ceros:atr_ktr:trees:K28,ncf:ceros:atr_ktr:trees:K28:53,Sageraea laurina Dalzell,Sageraea laurina,Annonaceae,Sageraea,14.93541,74.35854,100.0,2025-11-30,Kadra_Kadra_Kadra-West,50 by 10m vegetation plots and a 5 by 10m regeneration plot within
K51,ncf:ceros:atr_ktr:trees:K51,ncf:ceros:atr_ktr:trees:K51:18,Dracaena terniflora Roxb.,Dracaena elliptica,Asparagaceae,Dracaena,15.03951,74.51396,100.0,2025-12-07,Gund_Marda_Marda,50 by 10m vegetation plots and a 5 by 10m regeneration plot within
K12,ncf:ceros:atr_ktr:trees:K12,ncf:ceros:atr_ktr:trees:K12:49,Syzygium cumini (L.) Skeels,Syzygium cumini,Myrtaceae,Syzygium,15.21126,74.348,100.0,2025-11-25,Kumbharwada_Terali_Patagudi,50 by 10m vegetation plots and a 5 by 10m regeneration plot within
K29,ncf:ceros:atr_ktr:trees:K29,ncf:ceros:atr_ktr:trees:K29:17,Diospyros montana Roxb.,Diospyros montana,Ebenaceae,Diospyros,15.4885,74.34842,100.0,2025-12-01,Castlerock_Anmod_Rangarook,50 by 10m vegetation plots and a 5 by 10m regeneration plot within
K25,ncf:ceros:atr_ktr:trees:K25,ncf:ceros:atr_ktr:trees:K25:26,Memecylon talbotianum Brandis,Memecylon talbotianum,Melastomataceae,Memecylon,14.95361,74.31835,100.0,2025-11-29,Kadra_Bargadde_Bargadde,50 by 10m vegetation plots and a 5 by 10m regeneration plot within
K42,ncf:ceros:atr_ktr:trees:K42,ncf:ceros:atr_ktr:trees:K42:14,Ehretia aspera Willd.,Ehretia aspera,Ehretiaceae,Ehretia,15.1487,74.69531,100.0,2025-12-05,Kulgi_Kegdal_Kalabhavi,50 by 10m vegetation plots and a 5 by 10m regeneration plot within
K28,ncf:ceros:atr_ktr:trees:K28,ncf:ceros:atr_ktr:trees:K28:7,Beilschmiedia dalzellii (Meisn.) Kosterm.,Beilschmiedia dalzellii,Lauraceae,Beilschmiedia,14.93541,74.35854,100.0,2025-11-30,Kadra_Kadra_Kadra-West,50 by 10m vegetation plots and a 5 by 10m regeneration plot within
K18,ncf:ceros:atr_ktr:trees:K18,ncf:ceros:atr_ktr:trees:K18:28,Symplocos racemosa Roxb.,Symplocos racemosa,Symplocaceae,Symplocos,15.09507,74.42705,100.0,2025-11-27,Kumbharwada_Kumbharwada_Kalsai,50 by 10m vegetation plots and a 5 by 10m regeneration plot within
K22,ncf:ceros:atr_ktr:trees:K22,ncf:ceros:atr_ktr:trees:K22:13,Getonia floribunda Roxb.,Getonia floribunda,Combretaceae,Getonia,14.87999,74.41013,100.0,2025-11-28,Kadra_Kadra_Balemane,50 by 10m vegetation plots and a 5 by 10m regeneration plot within
K34,ncf:ceros:atr_ktr:trees:K34,ncf:ceros:atr_ktr:trees:K34:24,Diospyros paniculata Dalzell,Diospyros paniculata,Ebenaceae,Diospyros,15.42029,74.32832,100.0,2025-12-02,Castlerock_Anmod_Anmod-East,50 by 10m vegetation plots and a 5 by 10m regeneration plot within
K26,ncf:ceros:atr_ktr:trees:K26,ncf:ceros:atr_ktr:trees:K26:34,Piper nigrum L.,Piper nigrum,Piperaceae,Piper,14.94972,74.29521,100.0,2025-11-29,Kadra_Bargadde_Bargadde,50 by 10m vegetation plots and a 5 by 10m regeneration plot within
K34,ncf:ceros:atr_ktr:trees:K34,ncf:ceros:atr_ktr:trees:K34:62,Sarcostigma kleinii Wight & Arn.,Sarcostigma kleinii,Icacinaceae,Sarcostigma,15.42029,74.32832,100.0,2025-12-02,Castlerock_Anmod_Anmod-East,50 by 10m vegetation plots and a 5 by 10m regeneration plot within
K29,ncf:ceros:atr_ktr:trees:K29,ncf:ceros:atr_ktr:trees:K29:46,Canthium rheedei DC.,Canthium rheedei,Rubiaceae,Canthium,15.4885,74.34842,100.0,2025-12-01,Castlerock_Anmod_Rangarook,50 by 10m vegetation plots and a 5 by 10m regeneration plot within
K14,ncf:ceros:atr_ktr:trees:K14,ncf:ceros:atr_ktr:trees:K14:50,"Zanthoxylum asiaticum (L.) Appelhans, Groppo & J.Wen",Zanthoxylum asiaticum,Rutaceae,Zanthoxylum,15.21519,74.37618,100.0,2025-11-26,Kumbharwada_Sulaveli_Sulaveli,50 by 10m vegetation plots and a 5 by 10m regeneration plot within
K24,ncf:ceros:atr_ktr:trees:K24,ncf:ceros:atr_ktr:trees:K24:8,Carallia brachiata (Lour.) Merr.,Carallia brachiata,Rhizophoraceae,Carallia,14.97144,74.31979,100.0,2025-11-29,Kadra_Bargadde_Sanake,50 by 10m vegetation plots and a 5 by 10m regeneration plot within
K54,ncf:ceros:atr_ktr:trees:K54,ncf:ceros:atr_ktr:trees:K54:2,Calamus thwaitesii Becc.,Calamus thwaitesii,Arecaceae,Calamus,15.06675,74.57376,100.0,2025-12-07,Gund_Tammanagi_Shavale,50 by 10m vegetation plots and a 5 by 10m regeneration plot within
K54,ncf:ceros:atr_ktr:trees:K54,ncf:ceros:atr_ktr:trees:K54:26,Ventilago denticulata Willd.,Ventilago denticulata,Rhamnaceae,Ventilago,15.06675,74.57376,100.0,2025-12-07,Gund_Tammanagi_Shavale,50 by 10m vegetation plots and a 5 by 10m regeneration plot within
K27,ncf:ceros:atr_ktr:trees:K27,ncf:ceros:atr_ktr:trees:K27:14,Dichapetalum gelonioides (Roxb.) Engl.,Dichapetalum gelonioides,Dichapetalaceae,Dichapetalum,14.92656,74.35452,100.0,2025-11-29,Kadra_Kadra_Kadra-West,50 by 10m vegetation plots and a 5 by 10m regeneration plot within
K47,ncf:ceros:atr_ktr:trees:K47,ncf:ceros:atr_ktr:trees:K47:41,Terminalia elliptica Willd.,Terminalia elliptica,Combretaceae,Terminalia,15.12541,74.48069,100.0,2025-12-06,Phansoli_Amboli_Kumbeli,50 by 10m vegetation plots and a 5 by 10m regeneration plot within
K19,ncf:ceros:atr_ktr:trees:K19,ncf:ceros:atr_ktr:trees:K19:52,Xylia xylocarpa (Roxb.) W.Theob.,Xylia xylocarpa,Fabaceae,Xylia,15.05663,74.45597,100.0,2025-11-27,Phansoli_Amboli_Amboli,50 by 10m vegetation plots and a 5 by 10m regeneration plot within
K33,ncf:ceros:atr_ktr:trees:K33,ncf:ceros:atr_ktr:trees:K33:6,Callicarpa tomentosa (L.) L.,Callicarpa tomentosa,Lamiaceae,Callicarpa,15.38466,74.34508,100.0,2025-12-02,Castlerock_Castlerock_Kalambuli,50 by 10m vegetation plots and a 5 by 10m regeneration plot within
K43,ncf:ceros:atr_ktr:trees:K43,ncf:ceros:atr_ktr:trees:K43:26,Ventilago denticulata Willd.,Ventilago denticulata,Rhamnaceae,Ventilago,15.13126,74.6676,100.0,2025-12-05,Kulgi_Jamga_Jamga-East,50 by 10m vegetation plots and a 5 by 10m regeneration plot within
K35,ncf:ceros:atr_ktr:trees:K35,ncf:ceros:atr_ktr:trees:K35:50,Scutia myrtina (Burm.fil.) Kurz,Scutia myrtina,Rhamnaceae,Scutia,15.47685,74.30104,100.0,2025-12-03,Castlerock_Karambal_Vatla,50 by 10m vegetation plots and a 5 by 10m regeneration plot within
K42,ncf:ceros:atr_ktr:trees:K42,ncf:ceros:atr_ktr:trees:K42:10,Dalbergia latifolia Roxb.,Dalbergia latifolia,Fabaceae,Dalbergia,15.1487,74.69531,100.0,2025-12-05,Kulgi_Kegdal_Kalabhavi,50 by 10m vegetation plots and a 5 by 10m regeneration plot within
K2,ncf:ceros:atr_ktr:trees:K2,ncf:ceros:atr_ktr:trees:K2:3,Antidesma bunius (L.) Spreng.,Antidesma bunius,Phyllanthaceae,Antidesma,14.9607,74.37222,100.0,2025-11-22,Anshi_Badpoli_Digali,50 by 10m vegetation plots and a 5 by 10m regeneration plot within
K3,ncf:ceros:atr_ktr:trees:K3,ncf:ceros:atr_ktr:trees:K3:5,Aphananthe cuspidata (Blume) Planch.,Aphananthe cuspidata,Cannabaceae,Aphananthe,15.02369,74.45427,100.0,2025-11-23,Anshi_Sawanth Matkarni_Sawanth Matkarni,50 by 10m vegetation plots and a 5 by 10m regeneration plot within
K24,ncf:ceros:atr_ktr:trees:K24,ncf:ceros:atr_ktr:trees:K24:31,Memecylon talbotianum Brandis,Memecylon talbotianum,Melastomataceae,Memecylon,14.97144,74.31979,100.0,2025-11-29,Kadra_Bargadde_Sanake,50 by 10m vegetation plots and a 5 by 10m regeneration plot within
K37,ncf:ceros:atr_ktr:trees:K37,ncf:ceros:atr_ktr:trees:K37:11,Dillenia pentagyna Roxb.,Dillenia pentagyna,Dilleniaceae,Dillenia,15.15166,74.64497,100.0,2025-12-04,Kulgi_Kegdal_Gutti,50 by 10m vegetation plots and a 5 by 10m regeneration plot within
K26,ncf:ceros:atr_ktr:trees:K26,ncf:ceros:atr_ktr:trees:K26:6,Calophyllum apetalum Willd.,Calophyllum apetalum,Calophyllaceae,Calophyllum,14.94972,74.29521,100.0,2025-11-29,Kadra_Bargadde_Bargadde,50 by 10m vegetation plots and a 5 by 10m regeneration plot within
K49,ncf:ceros:atr_ktr:trees:K49,ncf:ceros:atr_ktr:trees:K49:19,Desmos chinensis Lour.,Desmos chinensis,Annonaceae,Desmos,15.0245,74.4809,100.0,2025-12-06,Gund_Marda_Shimpura Gudda,50 by 10m vegetation plots and a 5 by 10m regeneration plot within
K24,ncf:ceros:atr_ktr:trees:K24,ncf:ceros:atr_ktr:trees:K24:11,Dimocarpus longan Lour.,Dimocarpus longan,Sapindaceae,Dimocarpus,14.97144,74.31979,100.0,2025-11-29,Kadra_Bargadde_Sanake,50 by 10m vegetation plots and a 5 by 10m regeneration plot within
K24,ncf:ceros:atr_ktr:trees:K24,ncf:ceros:atr_ktr:trees:K24:19,Glycosmis pentaphylla (Retz.) Corrêa,Glycosmis pentaphylla,Rutaceae,Glycosmis,14.97144,74.31979,100.0,2025-11-29,Kadra_Bargadde_Sanake,50 by 10m vegetation plots and a 5 by 10m regeneration plot within
K22,ncf:ceros:atr_ktr:trees:K22,ncf:ceros:atr_ktr:trees:K22:29,Ziziphus rugosa Lam.,Ziziphus rugosa,Rhamnaceae,Ziziphus,14.87999,74.41013,100.0,2025-11-28,Kadra_Kadra_Balemane,50 by 10m vegetation plots and a 5 by 10m regeneration plot within
K49,ncf:ceros:atr_ktr:trees:K49,ncf:ceros:atr_ktr:trees:K49:47,Sterculia guttata Roxb.,Sterculia guttata,Malvaceae,Sterculia,15.0245,74.4809,100.0,2025-12-06,Gund_Marda_Shimpura Gudda,50 by 10m vegetation plots and a 5 by 10m regeneration plot within
K2,ncf:ceros:atr_ktr:trees:K2,ncf:ceros:atr_ktr:trees:K2:47,Walsura trifoliolata (A.Juss.) Harms,Walsura trifoliolata,Meliaceae,Walsura,14.9607,74.37222,100.0,2025-11-22,Anshi_Badpoli_Digali,50 by 10m vegetation plots and a 5 by 10m regeneration plot within
K43,ncf:ceros:atr_ktr:trees:K43,ncf:ceros:atr_ktr:trees:K43:8,Cryptolepis buchananii R.Br. ex Roem. & Schult.,Cryptolepis buchananii,Apocynaceae,Cryptolepis,15.13126,74.6676,100.0,2025-12-05,Kulgi_Jamga_Jamga-East,50 by 10m vegetation plots and a 5 by 10m regeneration plot within
K5,ncf:ceros:atr_ktr:trees:K5,ncf:ceros:atr_ktr:trees:K5:5,Atalantia racemosa Wight & Arn.,Atalantia racemosa,Rutaceae,Atalantia,14.98514,74.37265,100.0,2025-11-23,Anshi_Anshi_Anshi,50 by 10m vegetation plots and a 5 by 10m regeneration plot within
K11,ncf:ceros:atr_ktr:trees:K11,ncf:ceros:atr_ktr:trees:K11:9,Caryota urens L.,Caryota urens,Arecaceae,Caryota,15.24596,74.28135,100.0,2025-11-25,Kumbharwada_Diggi_Diggi,50 by 10m vegetation plots and a 5 by 10m regeneration plot within
K12,ncf:ceros:atr_ktr:trees:K12,ncf:ceros:atr_ktr:trees:K12:21,Euonymus indicus B.Heyne ex Roxb.,Euonymus indicus,Celastraceae,Euonymus,15.21126,74.348,100.0,2025-11-25,Kumbharwada_Terali_Patagudi,50 by 10m vegetation plots and a 5 by 10m regeneration plot within
K11,ncf:ceros:atr_ktr:trees:K11,ncf:ceros:atr_ktr:trees:K11:11,Cinnamomum Schaeff.,,Lauraceae,Cinnamomum,15.24596,74.28135,100.0,2025-11-25,Kumbharwada_Diggi_Diggi,50 by 10m vegetation plots and a 5 by 10m regeneration plot within
K43,ncf:ceros:atr_ktr:trees:K43,ncf:ceros:atr_ktr:trees:K43:6,Cordia L.,,Cordiaceae,Cordia,15.13126,74.6676,100.0,2025-12-05,Kulgi_Jamga_Jamga-East,50 by 10m vegetation plots and a 5 by 10m regeneration plot within
K20,ncf:ceros:atr_ktr:trees:K20,ncf:ceros:atr_ktr:trees:K20:8,Dalbergia lanceolaria L.f.,Dalbergia lanceolaria,Fabaceae,Dalbergia,14.8929,74.46011,100.0,2025-11-28,Kadra_Kadra_Balemane,50 by 10m vegetation plots and a 5 by 10m regeneration plot within
K21,ncf:ceros:atr_ktr:trees:K21,ncf:ceros:atr_ktr:trees:K21:7,Dillenia pentagyna Roxb.,Dillenia pentagyna,Dilleniaceae,Dillenia,14.88869,74.43009,100.0,2025-11-28,Kadra_Kadra_Balemane,50 by 10m vegetation plots and a 5 by 10m regeneration plot within
K3,ncf:ceros:atr_ktr:trees:K3,ncf:ceros:atr_ktr:trees:K3:29,Glycosmis pentaphylla (Retz.) Corrêa,Glycosmis pentaphylla,Rutaceae,Glycosmis,15.02369,74.45427,100.0,2025-11-23,Anshi_Sawanth Matkarni_Sawanth Matkarni,50 by 10m vegetation plots and a 5 by 10m regeneration plot within
K39,ncf:ceros:atr_ktr:trees:K39,ncf:ceros:atr_ktr:trees:K39:6,Carissa carandas L.,Carissa carandas,Apocynaceae,Carissa,15.15024,74.62002,100.0,2025-12-04,Kulgi_Kulgi_Kulgi-South,50 by 10m vegetation plots and a 5 by 10m regeneration plot within
K47,ncf:ceros:atr_ktr:trees:K47,ncf:ceros:atr_ktr:trees:K47:23,Macaranga peltata (Roxb.) Müll.Arg.,Macaranga peltata,Euphorbiaceae,Macaranga,15.12541,74.48069,100.0,2025-12-06,Phansoli_Amboli_Kumbeli,50 by 10m vegetation plots and a 5 by 10m regeneration plot within
K45,ncf:ceros:atr_ktr:trees:K45,ncf:ceros:atr_ktr:trees:K45:11,Getonia floribunda Roxb.,Getonia floribunda,Combretaceae,Getonia,15.12909,74.59881,100.0,2025-12-05,Phansoli_Phansoli_Phansoli,50 by 10m vegetation plots and a 5 by 10m regeneration plot within
K7,ncf:ceros:atr_ktr:trees:K7,ncf:ceros:atr_ktr:trees:K7:45,Tetrapilus dioicus (Roxb.) L.A.S.Johnson,Tetrapilus dioicus,Oleaceae,Tetrapilus,15.09989,74.38199,100.0,2025-11-24,Anshi_Nujji_Jhalavali,50 by 10m vegetation plots and a 5 by 10m regeneration plot within
K23,ncf:ceros:atr_ktr:trees:K23,ncf:ceros:atr_ktr:trees:K23:15,Macaranga peltata (Roxb.) Müll.Arg.,Macaranga peltata,Euphorbiaceae,Macaranga,14.92281,74.33555,100.0,2025-11-28,Kadra_Kadra_Kadra-West,50 by 10m vegetation plots and a 5 by 10m regeneration plot within
K26,ncf:ceros:atr_ktr:trees:K26,ncf:ceros:atr_ktr:trees:K26:3,Alstonia scholaris (L.) R.Br.,Alstonia scholaris,Apocynaceae,Alstonia,14.94972,74.29521,100.0,2025-11-29,Kadra_Bargadde_Bargadde,50 by 10m vegetation plots and a 5 by 10m regeneration plot within
K40,ncf:ceros:atr_ktr:trees:K40,ncf:ceros:atr_ktr:trees:K40:2,Poaceae,,Poaceae,,15.13301,74.62137,100.0,2025-12-04,Kulgi_Kulgi_Amgaon,50 by 10m vegetation plots and a 5 by 10m regeneration plot within
K11,ncf:ceros:atr_ktr:trees:K11,ncf:ceros:atr_ktr:trees:K11:51,Syzygium zeylanicum (L.) DC.,Syzygium zeylanicum,Myrtaceae,Syzygium,15.24596,74.28135,100.0,2025-11-25,Kumbharwada_Diggi_Diggi,50 by 10m vegetation plots and a 5 by 10m regeneration plot within
K32,ncf:ceros:atr_ktr:trees:K32,ncf:ceros:atr_ktr:trees:K32:34,Leea indica (Burm.fil.) Merr.,Leea indica,Vitaceae,Leea,15.34117,74.37326,100.0,2025-12-02,Castlerock_Castlerock_Populwadi,50 by 10m vegetation plots and a 5 by 10m regeneration plot within
K5,ncf:ceros:atr_ktr:trees:K5,ncf:ceros:atr_ktr:trees:K5:12,Dichapetalum gelonioides (Roxb.) Engl.,Dichapetalum gelonioides,Dichapetalaceae,Dichapetalum,14.98514,74.37265,100.0,2025-11-23,Anshi_Anshi_Anshi,50 by 10m vegetation plots and a 5 by 10m regeneration plot within
K47,ncf:ceros:atr_ktr:trees:K47,ncf:ceros:atr_ktr:trees:K47:35,Spondias pinnata (L.fil.) Kurz,Spondias pinnata,Anacardiaceae,Spondias,15.12541,74.48069,100.0,2025-12-06,Phansoli_Amboli_Kumbeli,50 by 10m vegetation plots and a 5 by 10m regeneration plot within
K38,ncf:ceros:atr_ktr:trees:K38,ncf:ceros:atr_ktr:trees:K38:24,Lepisanthes tetraphylla (Vahl) Radlk.,Lepisanthes tetraphylla,Sapindaceae,Lepisanthes,15.16349,74.62148,100.0,2025-12-04,Kulgi_Kulgi_Kulgi-South,50 by 10m vegetation plots and a 5 by 10m regeneration plot within
K5,ncf:ceros:atr_ktr:trees:K5,ncf:ceros:atr_ktr:trees:K5:11,Dalbergia horrida (Dennst.) Mabb.,Dalbergia horrida,Fabaceae,Dalbergia,14.98514,74.37265,100.0,2025-11-23,Anshi_Anshi_Anshi,50 by 10m vegetation plots and a 5 by 10m regeneration plot within
K27,ncf:ceros:atr_ktr:trees:K27,ncf:ceros:atr_ktr:trees:K27:23,Garcinia gummi-gutta (L.) N.Robson,Garcinia gummi-gutta,Clusiaceae,Garcinia,14.92656,74.35452,100.0,2025-11-29,Kadra_Kadra_Kadra-West,50 by 10m vegetation plots and a 5 by 10m regeneration plot within
K16,ncf:ceros:atr_ktr:trees:K16,ncf:ceros:atr_ktr:trees:K16:22,Garcinia gummi-gutta (L.) N.Robson,Garcinia gummi-gutta,Clusiaceae,Garcinia,15.12424,74.32561,100.0,2025-11-27,Kumbharwada_Kundal_Keloli,50 by 10m vegetation plots and a 5 by 10m regeneration plot within
K32,ncf:ceros:atr_ktr:trees:K32,ncf:ceros:atr_ktr:trees:K32:47,Nothopegia castaneifolia (Roth) Ding Hou,Nothopegia castaneifolia,Anacardiaceae,Nothopegia,15.34117,74.37326,100.0,2025-12-02,Castlerock_Castlerock_Populwadi,50 by 10m vegetation plots and a 5 by 10m regeneration plot within
K12,ncf:ceros:atr_ktr:trees:K12,ncf:ceros:atr_ktr:trees:K12:37,Memecylon talbotianum Brandis,Memecylon talbotianum,Melastomataceae,Memecylon,15.21126,74.348,100.0,2025-11-25,Kumbharwada_Terali_Patagudi,50 by 10m vegetation plots and a 5 by 10m regeneration plot within
K34,ncf:ceros:atr_ktr:trees:K34,ncf:ceros:atr_ktr:trees:K34:64,Smilax L.,,Smilacaceae,Smilax,15.42029,74.32832,100.0,2025-12-02,Castlerock_Anmod_Anmod-East,50 by 10m vegetation plots and a 5 by 10m regeneration plot within
K33,ncf:ceros:atr_ktr:trees:K33,ncf:ceros:atr_ktr:trees:K33:35,Memecylon talbotianum Brandis,Memecylon talbotianum,Melastomataceae,Memecylon,15.38466,74.34508,100.0,2025-12-02,Castlerock_Castlerock_Kalambuli,50 by 10m vegetation plots and a 5 by 10m regeneration plot within
K22,ncf:ceros:atr_ktr:trees:K22,ncf:ceros:atr_ktr:trees:K22:8,Cyclea peltata (Lam.) Hook.fil. & Thomson,Cyclea peltata,Menispermaceae,Cyclea,14.87999,74.41013,100.0,2025-11-28,Kadra_Kadra_Balemane,50 by 10m vegetation plots and a 5 by 10m regeneration plot within
K29,ncf:ceros:atr_ktr:trees:K29,ncf:ceros:atr_ktr:trees:K29:14,Dimocarpus longan Lour.,Dimocarpus longan,Sapindaceae,Dimocarpus,15.4885,74.34842,100.0,2025-12-01,Castlerock_Anmod_Rangarook,50 by 10m vegetation plots and a 5 by 10m regeneration plot within
K32,ncf:ceros:atr_ktr:trees:K32,ncf:ceros:atr_ktr:trees:K32:2,Aglaia elaeagnoidea (A.Juss.) Benth.,Aglaia elaeagnoidea,Meliaceae,Aglaia,15.34117,74.37326,100.0,2025-12-02,Castlerock_Castlerock_Populwadi,50 by 10m vegetation plots and a 5 by 10m regeneration plot within
K31,ncf:ceros:atr_ktr:trees:K31,ncf:ceros:atr_ktr:trees:K31:10,Calamus rheedei Griff.,Calamus rheedei,Arecaceae,Calamus,15.32309,74.38428,100.0,2025-12-02,Castlerock_NA_Viral,50 by 10m vegetation plots and a 5 by 10m regeneration plot within
K19,ncf:ceros:atr_ktr:trees:K19,ncf:ceros:atr_ktr:trees:K19:25,Ixora brachiata Roxb.,Ixora brachiata,Rubiaceae,Ixora,15.05663,74.45597,100.0,2025-11-27,Phansoli_Amboli_Amboli,50 by 10m vegetation plots and a 5 by 10m regeneration plot within
K5,ncf:ceros:atr_ktr:trees:K5,ncf:ceros:atr_ktr:trees:K5:18,Falconeria insignis Royle,Falconeria insignis,Euphorbiaceae,Falconeria,14.98514,74.37265,100.0,2025-11-23,Anshi_Anshi_Anshi,50 by 10m vegetation plots and a 5 by 10m regeneration plot within
K6,ncf:ceros:atr_ktr:trees:K6,ncf:ceros:atr_ktr:trees:K6:13,Dalbergia latifolia Roxb.,Dalbergia latifolia,Fabaceae,Dalbergia,15.01219,74.39533,100.0,2025-11-23,Anshi_Sawanth Matkarni_Sawanth Matkarni,50 by 10m vegetation plots and a 5 by 10m regeneration plot within
K51,ncf:ceros:atr_ktr:trees:K51,ncf:ceros:atr_ktr:trees:K51:14,Clerodendrum infortunatum L.,Clerodendrum infortunatum,Lamiaceae,Clerodendrum,15.03951,74.51396,100.0,2025-12-07,Gund_Marda_Marda,50 by 10m vegetation plots and a 5 by 10m regeneration plot within
K22,ncf:ceros:atr_ktr:trees:K22,ncf:ceros:atr_ktr:trees:K22:3,Cassia fistula L.,Cassia fistula,Fabaceae,Cassia,14.87999,74.41013,100.0,2025-11-28,Kadra_Kadra_Balemane,50 by 10m vegetation plots and a 5 by 10m regeneration plot within
K32,ncf:ceros:atr_ktr:trees:K32,ncf:ceros:atr_ktr:trees:K32:10,Caryota urens L.,Caryota urens,Arecaceae,Caryota,15.34117,74.37326,100.0,2025-12-02,Castlerock_Castlerock_Populwadi,50 by 10m vegetation plots and a 5 by 10m regeneration plot within
K23,ncf:ceros:atr_ktr:trees:K23,ncf:ceros:atr_ktr:trees:K23:23,Tabernaemontana alternifolia L.,Tabernaemontana alternifolia,Apocynaceae,Tabernaemontana,14.92281,74.33555,100.0,2025-11-28,Kadra_Kadra_Kadra-West,50 by 10m vegetation plots and a 5 by 10m regeneration plot within
K56,ncf:ceros:atr_ktr:trees:K56,ncf:ceros:atr_ktr:trees:K56:3,Carallia brachiata (Lour.) Merr.,Carallia brachiata,Rhizophoraceae,Carallia,15.09191,74.51578,100.0,2025-12-07,Phansoli_Avurli_Avurli,50 by 10m vegetation plots and a 5 by 10m regeneration plot within
K28,ncf:ceros:atr_ktr:trees:K28,ncf:ceros:atr_ktr:trees:K28:46,Ochna obtusata DC.,Ochna obtusata,Ochnaceae,Ochna,14.93541,74.35854,100.0,2025-11-30,Kadra_Kadra_Kadra-West,50 by 10m vegetation plots and a 5 by 10m regeneration plot within
K25,ncf:ceros:atr_ktr:trees:K25,ncf:ceros:atr_ktr:trees:K25:30,Ochna obtusata DC.,Ochna obtusata,Ochnaceae,Ochna,14.95361,74.31835,100.0,2025-11-29,Kadra_Bargadde_Bargadde,50 by 10m vegetation plots and a 5 by 10m regeneration plot within
K49,ncf:ceros:atr_ktr:trees:K49,ncf:ceros:atr_ktr:trees:K49:21,Diospyros candolleana Wight,Diospyros candolleana,Ebenaceae,Diospyros,15.0245,74.4809,100.0,2025-12-06,Gund_Marda_Shimpura Gudda,50 by 10m vegetation plots and a 5 by 10m regeneration plot within
K5,ncf:ceros:atr_ktr:trees:K5,ncf:ceros:atr_ktr:trees:K5:4,Aporosa cardiosperma (Gaertn.) Merr.,Aporosa cardiosperma,Phyllanthaceae,Aporosa,14.98514,74.37265,100.0,2025-11-23,Anshi_Anshi_Anshi,50 by 10m vegetation plots and a 5 by 10m regeneration plot within
K29,ncf:ceros:atr_ktr:trees:K29,ncf:ceros:atr_ktr:trees:K29:13,Dichapetalum gelonioides (Roxb.) Engl.,Dichapetalum gelonioides,Dichapetalaceae,Dichapetalum,15.4885,74.34842,100.0,2025-12-01,Castlerock_Anmod_Rangarook,50 by 10m vegetation plots and a 5 by 10m regeneration plot within
K3,ncf:ceros:atr_ktr:trees:K3,ncf:ceros:atr_ktr:trees:K3:41,Litsea coriacea (Nees) Hook.fil.,Litsea coriacea,Lauraceae,Litsea,15.02369,74.45427,100.0,2025-11-23,Anshi_Sawanth Matkarni_Sawanth Matkarni,50 by 10m vegetation plots and a 5 by 10m regeneration plot within
K9,ncf:ceros:atr_ktr:trees:K9,ncf:ceros:atr_ktr:trees:K9:39,Terminalia elliptica Willd.,Terminalia elliptica,Combretaceae,Terminalia,15.04249,74.35,100.0,2025-11-24,Anshi_Badpoli_Lande,50 by 10m vegetation plots and a 5 by 10m regeneration plot within
K13,ncf:ceros:atr_ktr:trees:K13,ncf:ceros:atr_ktr:trees:K13:3,Casearia graveolens Dalzell,Casearia graveolens,Salicaceae,Casearia,15.22005,74.39724,100.0,2025-11-26,Kumbharwada_Sulaveli_Vagheli,50 by 10m vegetation plots and a 5 by 10m regeneration plot within
K43,ncf:ceros:atr_ktr:trees:K43,ncf:ceros:atr_ktr:trees:K43:19,Mallotus philippensis (Lam.) Müll.Arg.,Mallotus philippensis,Euphorbiaceae,Mallotus,15.13126,74.6676,100.0,2025-12-05,Kulgi_Jamga_Jamga-East,50 by 10m vegetation plots and a 5 by 10m regeneration plot within
K49,ncf:ceros:atr_ktr:trees:K49,ncf:ceros:atr_ktr:trees:K49:11,Calamus thwaitesii Becc.,Calamus thwaitesii,Arecaceae,Calamus,15.0245,74.4809,100.0,2025-12-06,Gund_Marda_Shimpura Gudda,50 by 10m vegetation plots and a 5 by 10m regeneration plot within
K11,ncf:ceros:atr_ktr:trees:K11,ncf:ceros:atr_ktr:trees:K11:46,Psydrax dicoccos Gaertn.,Psydrax dicoccos,Rubiaceae,Psydrax,15.24596,74.28135,100.0,2025-11-25,Kumbharwada_Diggi_Diggi,50 by 10m vegetation plots and a 5 by 10m regeneration plot within
K50,ncf:ceros:atr_ktr:trees:K50,ncf:ceros:atr_ktr:trees:K50:2,Aglaia elaeagnoidea (A.Juss.) Benth.,Aglaia elaeagnoidea,Meliaceae,Aglaia,15.02905,74.50175,100.0,2025-12-06,Gund_Ulavi_Ulavi,50 by 10m vegetation plots and a 5 by 10m regeneration plot within
K8,ncf:ceros:atr_ktr:trees:K8,ncf:ceros:atr_ktr:trees:K8:9,Caryota urens L.,Caryota urens,Arecaceae,Caryota,15.04524,74.33066,100.0,2025-11-24,Anshi_Nujji_Nujji,50 by 10m vegetation plots and a 5 by 10m regeneration plot within
K47,ncf:ceros:atr_ktr:trees:K47,ncf:ceros:atr_ktr:trees:K47:27,Mitragyna parvifolia (Roxb.) Korth.,Mitragyna parvifolia,Rubiaceae,Mitragyna,15.12541,74.48069,100.0,2025-12-06,Phansoli_Amboli_Kumbeli,50 by 10m vegetation plots and a 5 by 10m regeneration plot within
K2,ncf:ceros:atr_ktr:trees:K2,ncf:ceros:atr_ktr:trees:K2:28,Knema attenuata (Hook.fil. & Thomson) Warb.,Knema attenuata,Myristicaceae,Knema,14.9607,74.37222,100.0,2025-11-22,Anshi_Badpoli_Digali,50 by 10m vegetation plots and a 5 by 10m regeneration plot within
K26,ncf:ceros:atr_ktr:trees:K26,ncf:ceros:atr_ktr:trees:K26:42,Strychnos nux-vomica L.,Strychnos nux-vomica,Loganiaceae,Strychnos,14.94972,74.29521,100.0,2025-11-29,Kadra_Bargadde_Bargadde,50 by 10m vegetation plots and a 5 by 10m regeneration plot within
K3,ncf:ceros:atr_ktr:trees:K3,ncf:ceros:atr_ktr:trees:K3:40,Leea indica (Burm.fil.) Merr.,Leea indica,Vitaceae,Leea,15.02369,74.45427,100.0,2025-11-23,Anshi_Sawanth Matkarni_Sawanth Matkarni,50 by 10m vegetation plots and a 5 by 10m regeneration plot within
K21,ncf:ceros:atr_ktr:trees:K21,ncf:ceros:atr_ktr:trees:K21:23,Xylia xylocarpa (Roxb.) W.Theob.,Xylia xylocarpa,Fabaceae,Xylia,14.88869,74.43009,100.0,2025-11-28,Kadra_Kadra_Balemane,50 by 10m vegetation plots and a 5 by 10m regeneration plot within
K28,ncf:ceros:atr_ktr:trees:K28,ncf:ceros:atr_ktr:trees:K28:51,Psydrax dicoccos Gaertn.,Psydrax dicoccos,Rubiaceae,Psydrax,14.93541,74.35854,100.0,2025-11-30,Kadra_Kadra_Kadra-West,50 by 10m vegetation plots and a 5 by 10m regeneration plot within
K7,ncf:ceros:atr_ktr:trees:K7,ncf:ceros:atr_ktr:trees:K7:9,Calamus rheedei Griff.,Calamus rheedei,Arecaceae,Calamus,15.09989,74.38199,100.0,2025-11-24,Anshi_Nujji_Jhalavali,50 by 10m vegetation plots and a 5 by 10m regeneration plot within
K20,ncf:ceros:atr_ktr:trees:K20,ncf:ceros:atr_ktr:trees:K20:15,Lannea coromandelica (Houtt.) Merr.,Lannea coromandelica,Anacardiaceae,Lannea,14.8929,74.46011,100.0,2025-11-28,Kadra_Kadra_Balemane,50 by 10m vegetation plots and a 5 by 10m regeneration plot within
K3,ncf:ceros:atr_ktr:trees:K3,ncf:ceros:atr_ktr:trees:K3:23,Dracaena terniflora Roxb.,Dracaena elliptica,Asparagaceae,Dracaena,15.02369,74.45427,100.0,2025-11-23,Anshi_Sawanth Matkarni_Sawanth Matkarni,50 by 10m vegetation plots and a 5 by 10m regeneration plot within
K12,ncf:ceros:atr_ktr:trees:K12,ncf:ceros:atr_ktr:trees:K12:28,Holigarna grahamii (Wight) Kurz,Holigarna grahamii,Anacardiaceae,Holigarna,15.21126,74.348,100.0,2025-11-25,Kumbharwada_Terali_Patagudi,50 by 10m vegetation plots and a 5 by 10m regeneration plot within
K46,ncf:ceros:atr_ktr:trees:K46,ncf:ceros:atr_ktr:trees:K46:9,Grewia tiliifolia Vahl,Grewia tiliifolia,Malvaceae,Grewia,15.14255,74.58648,100.0,2025-12-05,Phansoli_Phansoli_Phansoli,50 by 10m vegetation plots and a 5 by 10m regeneration plot within
K11,ncf:ceros:atr_ktr:trees:K11,ncf:ceros:atr_ktr:trees:K11:34,Litsea coriacea (Nees) Hook.fil.,Litsea coriacea,Lauraceae,Litsea,15.24596,74.28135,100.0,2025-11-25,Kumbharwada_Diggi_Diggi,50 by 10m vegetation plots and a 5 by 10m regeneration plot within
K8,ncf:ceros:atr_ktr:trees:K8,ncf:ceros:atr_ktr:trees:K8:32,Oxyceros rugulosus (Thwaites) Tirveng.,Oxyceros rugulosus,Rubiaceae,Oxyceros,15.04524,74.33066,100.0,2025-11-24,Anshi_Nujji_Nujji,50 by 10m vegetation plots and a 5 by 10m regeneration plot within
K34,ncf:ceros:atr_ktr:trees:K34,ncf:ceros:atr_ktr:trees:K34:20,Dichapetalum gelonioides (Roxb.) Engl.,Dichapetalum gelonioides,Dichapetalaceae,Dichapetalum,15.42029,74.32832,100.0,2025-12-02,Castlerock_Anmod_Anmod-East,50 by 10m vegetation plots and a 5 by 10m regeneration plot within
K23,ncf:ceros:atr_ktr:trees:K23,ncf:ceros:atr_ktr:trees:K23:14,Leea indica (Burm.fil.) Merr.,Leea indica,Vitaceae,Leea,14.92281,74.33555,100.0,2025-11-28,Kadra_Kadra_Kadra-West,50 by 10m vegetation plots and a 5 by 10m regeneration plot within
K23,ncf:ceros:atr_ktr:trees:K23,ncf:ceros:atr_ktr:trees:K23:24,Terminalia elliptica Willd.,Terminalia elliptica,Combretaceae,Terminalia,14.92281,74.33555,100.0,2025-11-28,Kadra_Kadra_Kadra-West,50 by 10m vegetation plots and a 5 by 10m regeneration plot within
K8,ncf:ceros:atr_ktr:trees:K8,ncf:ceros:atr_ktr:trees:K8:7,Calamus thwaitesii Becc.,Calamus thwaitesii,Arecaceae,Calamus,15.04524,74.33066,100.0,2025-11-24,Anshi_Nujji_Nujji,50 by 10m vegetation plots and a 5 by 10m regeneration plot within
K10,ncf:ceros:atr_ktr:trees:K10,ncf:ceros:atr_ktr:trees:K10:26,Knema attenuata (Hook.fil. & Thomson) Warb.,Knema attenuata,Myristicaceae,Knema,15.01108,74.35722,100.0,2025-11-24,Anshi_Badpoli_Badpoli,50 by 10m vegetation plots and a 5 by 10m regeneration plot within
K28,ncf:ceros:atr_ktr:trees:K28,ncf:ceros:atr_ktr:trees:K28:52,Rourea minor (Gaertn.) Alston,Rourea minor,Connaraceae,Rourea,14.93541,74.35854,100.0,2025-11-30,Kadra_Kadra_Kadra-West,50 by 10m vegetation plots and a 5 by 10m regeneration plot within
K51,ncf:ceros:atr_ktr:trees:K51,ncf:ceros:atr_ktr:trees:K51:6,Aphanamixis polystachya (Wall.) R.Parker,Aphanamixis polystachya,Meliaceae,Aphanamixis,15.03951,74.51396,100.0,2025-12-07,Gund_Marda_Marda,50 by 10m vegetation plots and a 5 by 10m regeneration plot within
K38,ncf:ceros:atr_ktr:trees:K38,ncf:ceros:atr_ktr:trees:K38:12,Dillenia pentagyna Roxb.,Dillenia pentagyna,Dilleniaceae,Dillenia,15.16349,74.62148,100.0,2025-12-04,Kulgi_Kulgi_Kulgi-South,50 by 10m vegetation plots and a 5 by 10m regeneration plot within
K19,ncf:ceros:atr_ktr:trees:K19,ncf:ceros:atr_ktr:trees:K19:8,Careya arborea Roxb.,Careya arborea,Lecythidaceae,Careya,15.05663,74.45597,100.0,2025-11-27,Phansoli_Amboli_Amboli,50 by 10m vegetation plots and a 5 by 10m regeneration plot within
K46,ncf:ceros:atr_ktr:trees:K46,ncf:ceros:atr_ktr:trees:K46:6,Eranthemum L.,,Acanthaceae,Eranthemum,15.14255,74.58648,100.0,2025-12-05,Phansoli_Phansoli_Phansoli,50 by 10m vegetation plots and a 5 by 10m regeneration plot within
K35,ncf:ceros:atr_ktr:trees:K35,ncf:ceros:atr_ktr:trees:K35:5,Calamus rheedei Griff.,Calamus rheedei,Arecaceae,Calamus,15.47685,74.30104,100.0,2025-12-03,Castlerock_Karambal_Vatla,50 by 10m vegetation plots and a 5 by 10m regeneration plot within
K38,ncf:ceros:atr_ktr:trees:K38,ncf:ceros:atr_ktr:trees:K38:41,Ziziphus rugosa Lam.,Ziziphus rugosa,Rhamnaceae,Ziziphus,15.16349,74.62148,100.0,2025-12-04,Kulgi_Kulgi_Kulgi-South,50 by 10m vegetation plots and a 5 by 10m regeneration plot within
K14,ncf:ceros:atr_ktr:trees:K14,ncf:ceros:atr_ktr:trees:K14:39,Murraya koenigii (L.) Spreng.,Murraya koenigii,Rutaceae,Murraya,15.21519,74.37618,100.0,2025-11-26,Kumbharwada_Sulaveli_Sulaveli,50 by 10m vegetation plots and a 5 by 10m regeneration plot within
K39,ncf:ceros:atr_ktr:trees:K39,ncf:ceros:atr_ktr:trees:K39:8,Catunaregam spinosa (Thunb.) Tirveng.,Catunaregam spinosa,Rubiaceae,Catunaregam,15.15024,74.62002,100.0,2025-12-04,Kulgi_Kulgi_Kulgi-South,50 by 10m vegetation plots and a 5 by 10m regeneration plot within
K1,ncf:ceros:atr_ktr:trees:K1,ncf:ceros:atr_ktr:trees:K1:10,Calophyllum polyanthum Wall. ex Choisy,Calophyllum polyanthum,Calophyllaceae,Calophyllum,14.95109,74.37002,100.0,2025-11-22,Anshi_Anshi_Badpoli,50 by 10m vegetation plots and a 5 by 10m regeneration plot within
K3,ncf:ceros:atr_ktr:trees:K3,ncf:ceros:atr_ktr:trees:K3:21,Diospyros buxifolia (Blume) Hiern,Diospyros buxifolia,Ebenaceae,Diospyros,15.02369,74.45427,100.0,2025-11-23,Anshi_Sawanth Matkarni_Sawanth Matkarni,50 by 10m vegetation plots and a 5 by 10m regeneration plot within
K17,ncf:ceros:atr_ktr:trees:K17,ncf:ceros:atr_ktr:trees:K17:13,Cinnamomum Schaeff.,,Lauraceae,Cinnamomum,15.11042,74.36691,100.0,2025-11-27,Kumbharwada_Kumbharwada_Kumbharwada,50 by 10m vegetation plots and a 5 by 10m regeneration plot within
K13,ncf:ceros:atr_ktr:trees:K13,ncf:ceros:atr_ktr:trees:K13:36,Canthium rheedei DC.,Canthium rheedei,Rubiaceae,Canthium,15.22005,74.39724,100.0,2025-11-26,Kumbharwada_Sulaveli_Vagheli,50 by 10m vegetation plots and a 5 by 10m regeneration plot within
K49,ncf:ceros:atr_ktr:trees:K49,ncf:ceros:atr_ktr:trees:K49:14,Caryota urens L.,Caryota urens,Arecaceae,Caryota,15.0245,74.4809,100.0,2025-12-06,Gund_Marda_Shimpura Gudda,50 by 10m vegetation plots and a 5 by 10m regeneration plot within
K5,ncf:ceros:atr_ktr:trees:K5,ncf:ceros:atr_ktr:trees:K5:10,Cinnamomum Schaeff.,,Lauraceae,Cinnamomum,14.98514,74.37265,100.0,2025-11-23,Anshi_Anshi_Anshi,50 by 10m vegetation plots and a 5 by 10m regeneration plot within
K32,ncf:ceros:atr_ktr:trees:K32,ncf:ceros:atr_ktr:trees:K32:40,Mangifera indica L.,Mangifera indica,Anacardiaceae,Mangifera,15.34117,74.37326,100.0,2025-12-02,Castlerock_Castlerock_Populwadi,50 by 10m vegetation plots and a 5 by 10m regeneration plot within
K15,ncf:ceros:atr_ktr:trees:K15,ncf:ceros:atr_ktr:trees:K15:8,Carissa inermis Vahl,Carissa inermis,Apocynaceae,Carissa,15.23219,74.34004,100.0,2025-11-26,Kumbharwada_Sulaveli_Sulaveli,50 by 10m vegetation plots and a 5 by 10m regeneration plot within
K2,ncf:ceros:atr_ktr:trees:K2,ncf:ceros:atr_ktr:trees:K2:16,Dracaena terniflora Roxb.,Dracaena elliptica,Asparagaceae,Dracaena,14.9607,74.37222,100.0,2025-11-22,Anshi_Badpoli_Digali,50 by 10m vegetation plots and a 5 by 10m regeneration plot within
K54,ncf:ceros:atr_ktr:trees:K54,ncf:ceros:atr_ktr:trees:K54:9,Grewia tiliifolia Vahl,Grewia tiliifolia,Malvaceae,Grewia,15.06675,74.57376,100.0,2025-12-07,Gund_Tammanagi_Shavale,50 by 10m vegetation plots and a 5 by 10m regeneration plot within
K25,ncf:ceros:atr_ktr:trees:K25,ncf:ceros:atr_ktr:trees:K25:2,Actinodaphne angustifolia (Blume) Nees,Actinodaphne angustifolia,Lauraceae,Actinodaphne,14.95361,74.31835,100.0,2025-11-29,Kadra_Bargadde_Bargadde,50 by 10m vegetation plots and a 5 by 10m regeneration plot within
K1,ncf:ceros:atr_ktr:trees:K1,ncf:ceros:atr_ktr:trees:K1:12,Clausena anisata (Willd.) Hook.fil.,Clausena anisata,Rutaceae,Clausena,14.95109,74.37002,100.0,2025-11-22,Anshi_Anshi_Badpoli,50 by 10m vegetation plots and a 5 by 10m regeneration plot within
K32,ncf:ceros:atr_ktr:trees:K32,ncf:ceros:atr_ktr:trees:K32:12,Celtis tetrandra Roxb.,Celtis tetrandra,Cannabaceae,Celtis,15.34117,74.37326,100.0,2025-12-02,Castlerock_Castlerock_Populwadi,50 by 10m vegetation plots and a 5 by 10m regeneration plot within
K47,ncf:ceros:atr_ktr:trees:K47,ncf:ceros:atr_ktr:trees:K47:29,Murraya koenigii (L.) Spreng.,Murraya koenigii,Rutaceae,Murraya,15.12541,74.48069,100.0,2025-12-06,Phansoli_Amboli_Kumbeli,50 by 10m vegetation plots and a 5 by 10m regeneration plot within
K30,ncf:ceros:atr_ktr:trees:K30,ncf:ceros:atr_ktr:trees:K30:17,Glycosmis pentaphylla (Retz.) Corrêa,Glycosmis pentaphylla,Rutaceae,Glycosmis,15.47372,74.33301,100.0,2025-12-01,Castlerock_Anmod_Meda,50 by 10m vegetation plots and a 5 by 10m regeneration plot within
K34,ncf:ceros:atr_ktr:trees:K34,ncf:ceros:atr_ktr:trees:K34:55,Oxyceros rugulosus (Thwaites) Tirveng.,Oxyceros rugulosus,Rubiaceae,Oxyceros,15.42029,74.32832,100.0,2025-12-02,Castlerock_Anmod_Anmod-East,50 by 10m vegetation plots and a 5 by 10m regeneration plot within
K11,ncf:ceros:atr_ktr:trees:K11,ncf:ceros:atr_ktr:trees:K11:21,Eugenia macrosepala Duthie,Eugenia macrosepala,Myrtaceae,Eugenia,15.24596,74.28135,100.0,2025-11-25,Kumbharwada_Diggi_Diggi,50 by 10m vegetation plots and a 5 by 10m regeneration plot within
K38,ncf:ceros:atr_ktr:trees:K38,ncf:ceros:atr_ktr:trees:K38:29,Miliusa tomentosa (Roxb.) J.Sinclair,Miliusa tomentosa,Annonaceae,Miliusa,15.16349,74.62148,100.0,2025-12-04,Kulgi_Kulgi_Kulgi-South,50 by 10m vegetation plots and a 5 by 10m regeneration plot within
K50,ncf:ceros:atr_ktr:trees:K50,ncf:ceros:atr_ktr:trees:K50:26,Lagerstroemia microcarpa Wight,Lagerstroemia microcarpa,Lythraceae,Lagerstroemia,15.02905,74.50175,100.0,2025-12-06,Gund_Ulavi_Ulavi,50 by 10m vegetation plots and a 5 by 10m regeneration plot within
K53,ncf:ceros:atr_ktr:trees:K53,ncf:ceros:atr_ktr:trees:K53:6,Caryota urens L.,Caryota urens,Arecaceae,Caryota,15.05536,74.53871,100.0,2025-12-07,Gund_Tammanagi_Shavale,50 by 10m vegetation plots and a 5 by 10m regeneration plot within
K10,ncf:ceros:atr_ktr:trees:K10,ncf:ceros:atr_ktr:trees:K10:5,Ardisia humilis Vahl,Ardisia humilis,Primulaceae,Ardisia,15.01108,74.35722,100.0,2025-11-24,Anshi_Badpoli_Badpoli,50 by 10m vegetation plots and a 5 by 10m regeneration plot within
K6,ncf:ceros:atr_ktr:trees:K6,ncf:ceros:atr_ktr:trees:K6:9,Casearia graveolens Dalzell,Casearia graveolens,Salicaceae,Casearia,15.01219,74.39533,100.0,2025-11-23,Anshi_Sawanth Matkarni_Sawanth Matkarni,50 by 10m vegetation plots and a 5 by 10m regeneration plot within
K24,ncf:ceros:atr_ktr:trees:K24,ncf:ceros:atr_ktr:trees:K24:15,Dracaena terniflora Roxb.,Dracaena elliptica,Asparagaceae,Dracaena,14.97144,74.31979,100.0,2025-11-29,Kadra_Bargadde_Sanake,50 by 10m vegetation plots and a 5 by 10m regeneration plot within
K53,ncf:ceros:atr_ktr:trees:K53,ncf:ceros:atr_ktr:trees:K53:31,Paramignya monophylla Wight,Paramignya monophylla,Rutaceae,Paramignya,15.05536,74.53871,100.0,2025-12-07,Gund_Tammanagi_Shavale,50 by 10m vegetation plots and a 5 by 10m regeneration plot within
K5,ncf:ceros:atr_ktr:trees:K5,ncf:ceros:atr_ktr:trees:K5:2,Aglaia elaeagnoidea (A.Juss.) Benth.,Aglaia elaeagnoidea,Meliaceae,Aglaia,14.98514,74.37265,100.0,2025-11-23,Anshi_Anshi_Anshi,50 by 10m vegetation plots and a 5 by 10m regeneration plot within
K2,ncf:ceros:atr_ktr:trees:K2,ncf:ceros:atr_ktr:trees:K2:1,Actinodaphne angustifolia (Blume) Nees,Actinodaphne angustifolia,Lauraceae,Actinodaphne,14.9607,74.37222,100.0,2025-11-22,Anshi_Badpoli_Digali,50 by 10m vegetation plots and a 5 by 10m regeneration plot within
K23,ncf:ceros:atr_ktr:trees:K23,ncf:ceros:atr_ktr:trees:K23:8,Glochidion heyneanum (Wight & Arn.) Wight,Glochidion heyneanum,Phyllanthaceae,Glochidion,14.92281,74.33555,100.0,2025-11-28,Kadra_Kadra_Kadra-West,50 by 10m vegetation plots and a 5 by 10m regeneration plot within
K25,ncf:ceros:atr_ktr:trees:K25,ncf:ceros:atr_ktr:trees:K25:47,Zanthoxylum rhetsa (Roxb.) DC.,Zanthoxylum rhetsa,Rutaceae,Zanthoxylum,14.95361,74.31835,100.0,2025-11-29,Kadra_Bargadde_Bargadde,50 by 10m vegetation plots and a 5 by 10m regeneration plot within
K49,ncf:ceros:atr_ktr:trees:K49,ncf:ceros:atr_ktr:trees:K49:38,Moullava spicata (Dalzell) Nicolson,Moullava spicata,Fabaceae,Moullava,15.0245,74.4809,100.0,2025-12-06,Gund_Marda_Shimpura Gudda,50 by 10m vegetation plots and a 5 by 10m regeneration plot within
K28,ncf:ceros:atr_ktr:trees:K28,ncf:ceros:atr_ktr:trees:K28:13,Cinnamomum Schaeff.,,Lauraceae,Cinnamomum,14.93541,74.35854,100.0,2025-11-30,Kadra_Kadra_Kadra-West,50 by 10m vegetation plots and a 5 by 10m regeneration plot within
K36,ncf:ceros:atr_ktr:trees:K36,ncf:ceros:atr_ktr:trees:K36:49,Myristica beddomei King,Myristica beddomei,Myristicaceae,Myristica,15.48777,74.28354,100.0,2025-12-03,Castlerock_Karambal_Vatla,50 by 10m vegetation plots and a 5 by 10m regeneration plot within
K3,ncf:ceros:atr_ktr:trees:K3,ncf:ceros:atr_ktr:trees:K3:26,Ficus drupacea Thunb.,Ficus drupacea,Moraceae,Ficus,15.02369,74.45427,100.0,2025-11-23,Anshi_Sawanth Matkarni_Sawanth Matkarni,50 by 10m vegetation plots and a 5 by 10m regeneration plot within
K13,ncf:ceros:atr_ktr:trees:K13,ncf:ceros:atr_ktr:trees:K13:34,Nothopegia castaneifolia (Roth) Ding Hou,Nothopegia castaneifolia,Anacardiaceae,Nothopegia,15.22005,74.39724,100.0,2025-11-26,Kumbharwada_Sulaveli_Vagheli,50 by 10m vegetation plots and a 5 by 10m regeneration plot within
K5,ncf:ceros:atr_ktr:trees:K5,ncf:ceros:atr_ktr:trees:K5:33,Memecylon talbotianum Brandis,Memecylon talbotianum,Melastomataceae,Memecylon,14.98514,74.37265,100.0,2025-11-23,Anshi_Anshi_Anshi,50 by 10m vegetation plots and a 5 by 10m regeneration plot within
K12,ncf:ceros:atr_ktr:trees:K12,ncf:ceros:atr_ktr:trees:K12:52,Uvaria hookeri King,Uvaria hookeri,Annonaceae,Uvaria,15.21126,74.348,100.0,2025-11-25,Kumbharwada_Terali_Patagudi,50 by 10m vegetation plots and a 5 by 10m regeneration plot within
K19,ncf:ceros:atr_ktr:trees:K19,ncf:ceros:atr_ktr:trees:K19:3,Allophylus cobbe (L.) Forsyth fil.,Allophylus cobbe,Sapindaceae,Allophylus,15.05663,74.45597,100.0,2025-11-27,Phansoli_Amboli_Amboli,50 by 10m vegetation plots and a 5 by 10m regeneration plot within
K26,ncf:ceros:atr_ktr:trees:K26,ncf:ceros:atr_ktr:trees:K26:25,Holigarna arnottiana Wall. ex Hook.fil.,Holigarna arnottiana,Anacardiaceae,Holigarna,14.94972,74.29521,100.0,2025-11-29,Kadra_Bargadde_Bargadde,50 by 10m vegetation plots and a 5 by 10m regeneration plot within
K29,ncf:ceros:atr_ktr:trees:K29,ncf:ceros:atr_ktr:trees:K29:36,Mallotus philippensis (Lam.) Müll.Arg.,Mallotus philippensis,Euphorbiaceae,Mallotus,15.4885,74.34842,100.0,2025-12-01,Castlerock_Anmod_Rangarook,50 by 10m vegetation plots and a 5 by 10m regeneration plot within
K37,ncf:ceros:atr_ktr:trees:K37,ncf:ceros:atr_ktr:trees:K37:29,Ziziphus rugosa Lam.,Ziziphus rugosa,Rhamnaceae,Ziziphus,15.15166,74.64497,100.0,2025-12-04,Kulgi_Kegdal_Gutti,50 by 10m vegetation plots and a 5 by 10m regeneration plot within
K23,ncf:ceros:atr_ktr:trees:K23,ncf:ceros:atr_ktr:trees:K23:9,Grewia tiliifolia Vahl,Grewia tiliifolia,Malvaceae,Grewia,14.92281,74.33555,100.0,2025-11-28,Kadra_Kadra_Kadra-West,50 by 10m vegetation plots and a 5 by 10m regeneration plot within
K12,ncf:ceros:atr_ktr:trees:K12,ncf:ceros:atr_ktr:trees:K12:51,Terminalia paniculata B.Heyne ex Roth,Terminalia paniculata,Combretaceae,Terminalia,15.21126,74.348,100.0,2025-11-25,Kumbharwada_Terali_Patagudi,50 by 10m vegetation plots and a 5 by 10m regeneration plot within
K34,ncf:ceros:atr_ktr:trees:K34,ncf:ceros:atr_ktr:trees:K34:3,Aglaia elaeagnoidea (A.Juss.) Benth.,Aglaia elaeagnoidea,Meliaceae,Aglaia,15.42029,74.32832,100.0,2025-12-02,Castlerock_Anmod_Anmod-East,50 by 10m vegetation plots and a 5 by 10m regeneration plot within
K14,ncf:ceros:atr_ktr:trees:K14,ncf:ceros:atr_ktr:trees:K14:45,Salacia beddomei Gamble,Salacia beddomei,Celastraceae,Salacia,15.21519,74.37618,100.0,2025-11-26,Kumbharwada_Sulaveli_Sulaveli,50 by 10m vegetation plots and a 5 by 10m regeneration plot within
K24,ncf:ceros:atr_ktr:trees:K24,ncf:ceros:atr_ktr:trees:K24:30,Lophopetalum wightianum Arn.,Lophopetalum wightianum,Celastraceae,Lophopetalum,14.97144,74.31979,100.0,2025-11-29,Kadra_Bargadde_Sanake,50 by 10m vegetation plots and a 5 by 10m regeneration plot within
K29,ncf:ceros:atr_ktr:trees:K29,ncf:ceros:atr_ktr:trees:K29:31,Ixora nigricans R.Br. ex Wight & Arn.,Ixora nigricans,Rubiaceae,Ixora,15.4885,74.34842,100.0,2025-12-01,Castlerock_Anmod_Rangarook,50 by 10m vegetation plots and a 5 by 10m regeneration plot within
K50,ncf:ceros:atr_ktr:trees:K50,ncf:ceros:atr_ktr:trees:K50:11,Caryota urens L.,Caryota urens,Arecaceae,Caryota,15.02905,74.50175,100.0,2025-12-06,Gund_Ulavi_Ulavi,50 by 10m vegetation plots and a 5 by 10m regeneration plot within
K56,ncf:ceros:atr_ktr:trees:K56,ncf:ceros:atr_ktr:trees:K56:4,Chromolaena odorata (L.) R.M.King & H.Rob.,Chromolaena odorata,Asteraceae,Chromolaena,15.09191,74.51578,100.0,2025-12-07,Phansoli_Avurli_Avurli,50 by 10m vegetation plots and a 5 by 10m regeneration plot within
K17,ncf:ceros:atr_ktr:trees:K17,ncf:ceros:atr_ktr:trees:K17:28,Gymnosporia rothiana (Walp.) M.A.Lawson,Gymnosporia rothiana,Celastraceae,Gymnosporia,15.11042,74.36691,100.0,2025-11-27,Kumbharwada_Kumbharwada_Kumbharwada,50 by 10m vegetation plots and a 5 by 10m regeneration plot within
K6,ncf:ceros:atr_ktr:trees:K6,ncf:ceros:atr_ktr:trees:K6:7,Calophyllum apetalum Willd.,Calophyllum apetalum,Calophyllaceae,Calophyllum,15.01219,74.39533,100.0,2025-11-23,Anshi_Sawanth Matkarni_Sawanth Matkarni,50 by 10m vegetation plots and a 5 by 10m regeneration plot within
K29,ncf:ceros:atr_ktr:trees:K29,ncf:ceros:atr_ktr:trees:K29:39,Mezoneuron cucullatum (Roxb.) Wight & Arn.,Mezoneuron cucullatum,Fabaceae,Mezoneuron,15.4885,74.34842,100.0,2025-12-01,Castlerock_Anmod_Rangarook,50 by 10m vegetation plots and a 5 by 10m regeneration plot within
K49,ncf:ceros:atr_ktr:trees:K49,ncf:ceros:atr_ktr:trees:K49:13,Careya arborea Roxb.,Careya arborea,Lecythidaceae,Careya,15.0245,74.4809,100.0,2025-12-06,Gund_Marda_Shimpura Gudda,50 by 10m vegetation plots and a 5 by 10m regeneration plot within
K21,ncf:ceros:atr_ktr:trees:K21,ncf:ceros:atr_ktr:trees:K21:2,Thespesia lampas (Cav.) Dalzell & A.Gibson,Azanza lampas,Malvaceae,Azanza,14.88869,74.43009,100.0,2025-11-28,Kadra_Kadra_Balemane,50 by 10m vegetation plots and a 5 by 10m regeneration plot within
K7,ncf:ceros:atr_ktr:trees:K7,ncf:ceros:atr_ktr:trees:K7:29,Garcinia gummi-gutta (L.) N.Robson,Garcinia gummi-gutta,Clusiaceae,Garcinia,15.09989,74.38199,100.0,2025-11-24,Anshi_Nujji_Jhalavali,50 by 10m vegetation plots and a 5 by 10m regeneration plot within
K36,ncf:ceros:atr_ktr:trees:K36,ncf:ceros:atr_ktr:trees:K36:57,Symplocos racemosa Roxb.,Symplocos racemosa,Symplocaceae,Symplocos,15.48777,74.28354,100.0,2025-12-03,Castlerock_Karambal_Vatla,50 by 10m vegetation plots and a 5 by 10m regeneration plot within
K49,ncf:ceros:atr_ktr:trees:K49,ncf:ceros:atr_ktr:trees:K49:16,Cassia fistula L.,Cassia fistula,Fabaceae,Cassia,15.0245,74.4809,100.0,2025-12-06,Gund_Marda_Shimpura Gudda,50 by 10m vegetation plots and a 5 by 10m regeneration plot within
K11,ncf:ceros:atr_ktr:trees:K11,ncf:ceros:atr_ktr:trees:K11:28,Hydnocarpus pentandrus (Buch.-Ham.) Oken,Hydnocarpus pentandrus,Achariaceae,Hydnocarpus,15.24596,74.28135,100.0,2025-11-25,Kumbharwada_Diggi_Diggi,50 by 10m vegetation plots and a 5 by 10m regeneration plot within
K55,ncf:ceros:atr_ktr:trees:K55,ncf:ceros:atr_ktr:trees:K55:32,Tabernaemontana alternifolia L.,Tabernaemontana alternifolia,Apocynaceae,Tabernaemontana,15.07023,74.53669,100.0,2025-12-07,Gund_Gund_Gund,50 by 10m vegetation plots and a 5 by 10m regeneration plot within
K45,ncf:ceros:atr_ktr:trees:K45,ncf:ceros:atr_ktr:trees:K45:9,Ficus exasperata Vahl,Ficus exasperata,Moraceae,Ficus,15.12909,74.59881,100.0,2025-12-05,Phansoli_Phansoli_Phansoli,50 by 10m vegetation plots and a 5 by 10m regeneration plot within
K18,ncf:ceros:atr_ktr:trees:K18,ncf:ceros:atr_ktr:trees:K18:9,Carallia brachiata (Lour.) Merr.,Carallia brachiata,Rhizophoraceae,Carallia,15.09507,74.42705,100.0,2025-11-27,Kumbharwada_Kumbharwada_Kalsai,50 by 10m vegetation plots and a 5 by 10m regeneration plot within
K21,ncf:ceros:atr_ktr:trees:K21,ncf:ceros:atr_ktr:trees:K21:8,Getonia floribunda Roxb.,Getonia floribunda,Combretaceae,Getonia,14.88869,74.43009,100.0,2025-11-28,Kadra_Kadra_Balemane,50 by 10m vegetation plots and a 5 by 10m regeneration plot within
K38,ncf:ceros:atr_ktr:trees:K38,ncf:ceros:atr_ktr:trees:K38:5,Careya arborea Roxb.,Careya arborea,Lecythidaceae,Careya,15.16349,74.62148,100.0,2025-12-04,Kulgi_Kulgi_Kulgi-South,50 by 10m vegetation plots and a 5 by 10m regeneration plot within
K1,ncf:ceros:atr_ktr:trees:K1,ncf:ceros:atr_ktr:trees:K1:5,Ardisia humilis Vahl,Ardisia humilis,Primulaceae,Ardisia,14.95109,74.37002,100.0,2025-11-22,Anshi_Anshi_Badpoli,50 by 10m vegetation plots and a 5 by 10m regeneration plot within
K34,ncf:ceros:atr_ktr:trees:K34,ncf:ceros:atr_ktr:trees:K34:41,Knema attenuata (Hook.fil. & Thomson) Warb.,Knema attenuata,Myristicaceae,Knema,15.42029,74.32832,100.0,2025-12-02,Castlerock_Anmod_Anmod-East,50 by 10m vegetation plots and a 5 by 10m regeneration plot within
K48,ncf:ceros:atr_ktr:trees:K48,ncf:ceros:atr_ktr:trees:K48:24,Mimusops elengi L.,Mimusops elengi,Sapotaceae,Mimusops,15.14195,74.46927,100.0,2025-12-06,Phansoli_Amboli_Kumbeli,50 by 10m vegetation plots and a 5 by 10m regeneration plot within
K15,ncf:ceros:atr_ktr:trees:K15,ncf:ceros:atr_ktr:trees:K15:18,Diospyros montana Roxb.,Diospyros montana,Ebenaceae,Diospyros,15.23219,74.34004,100.0,2025-11-26,Kumbharwada_Sulaveli_Sulaveli,50 by 10m vegetation plots and a 5 by 10m regeneration plot within
K33,ncf:ceros:atr_ktr:trees:K33,ncf:ceros:atr_ktr:trees:K33:19,Erycibe paniculata Roxb.,Erycibe paniculata,Convolvulaceae,Erycibe,15.38466,74.34508,100.0,2025-12-02,Castlerock_Castlerock_Kalambuli,50 by 10m vegetation plots and a 5 by 10m regeneration plot within
K27,ncf:ceros:atr_ktr:trees:K27,ncf:ceros:atr_ktr:trees:K27:45,Salacia beddomei Gamble,Salacia beddomei,Celastraceae,Salacia,14.92656,74.35452,100.0,2025-11-29,Kadra_Kadra_Kadra-West,50 by 10m vegetation plots and a 5 by 10m regeneration plot within
K22,ncf:ceros:atr_ktr:trees:K22,ncf:ceros:atr_ktr:trees:K22:14,Grewia tiliifolia Vahl,Grewia tiliifolia,Malvaceae,Grewia,14.87999,74.41013,100.0,2025-11-28,Kadra_Kadra_Balemane,50 by 10m vegetation plots and a 5 by 10m regeneration plot within
K20,ncf:ceros:atr_ktr:trees:K20,ncf:ceros:atr_ktr:trees:K20:5,Buchanania cochinchinensis (Lour.) Almeida,Buchanania cochinchinensis,Anacardiaceae,Buchanania,14.8929,74.46011,100.0,2025-11-28,Kadra_Kadra_Balemane,50 by 10m vegetation plots and a 5 by 10m regeneration plot within
K48,ncf:ceros:atr_ktr:trees:K48,ncf:ceros:atr_ktr:trees:K48:11,Catunaregam spinosa (Thunb.) Tirveng.,Catunaregam spinosa,Rubiaceae,Catunaregam,15.14195,74.46927,100.0,2025-12-06,Phansoli_Amboli_Kumbeli,50 by 10m vegetation plots and a 5 by 10m regeneration plot within
K19,ncf:ceros:atr_ktr:trees:K19,ncf:ceros:atr_ktr:trees:K19:50,Uvaria hookeri King,Uvaria hookeri,Annonaceae,Uvaria,15.05663,74.45597,100.0,2025-11-27,Phansoli_Amboli_Amboli,50 by 10m vegetation plots and a 5 by 10m regeneration plot within
K16,ncf:ceros:atr_ktr:trees:K16,ncf:ceros:atr_ktr:trees:K16:26,Ixora brachiata Roxb.,Ixora brachiata,Rubiaceae,Ixora,15.12424,74.32561,100.0,2025-11-27,Kumbharwada_Kundal_Keloli,50 by 10m vegetation plots and a 5 by 10m regeneration plot within
K7,ncf:ceros:atr_ktr:trees:K7,ncf:ceros:atr_ktr:trees:K7:12,Carissa inermis Vahl,Carissa inermis,Apocynaceae,Carissa,15.09989,74.38199,100.0,2025-11-24,Anshi_Nujji_Jhalavali,50 by 10m vegetation plots and a 5 by 10m regeneration plot within
K45,ncf:ceros:atr_ktr:trees:K45,ncf:ceros:atr_ktr:trees:K45:22,Murraya koenigii (L.) Spreng.,Murraya koenigii,Rutaceae,Murraya,15.12909,74.59881,100.0,2025-12-05,Phansoli_Phansoli_Phansoli,50 by 10m vegetation plots and a 5 by 10m regeneration plot within
K16,ncf:ceros:atr_ktr:trees:K16,ncf:ceros:atr_ktr:trees:K16:43,Tetrapilus dioicus (Roxb.) L.A.S.Johnson,Tetrapilus dioicus,Oleaceae,Tetrapilus,15.12424,74.32561,100.0,2025-11-27,Kumbharwada_Kundal_Keloli,50 by 10m vegetation plots and a 5 by 10m regeneration plot within
K26,ncf:ceros:atr_ktr:trees:K26,ncf:ceros:atr_ktr:trees:K26:20,Flemingia Roxb. ex W.T.Aiton,,Fabaceae,Flemingia,14.94972,74.29521,100.0,2025-11-29,Kadra_Bargadde_Bargadde,50 by 10m vegetation plots and a 5 by 10m regeneration plot within
K19,ncf:ceros:atr_ktr:trees:K19,ncf:ceros:atr_ktr:trees:K19:4,Alseodaphne semecarpifolia Nees,Alseodaphne semecarpifolia,Lauraceae,Alseodaphne,15.05663,74.45597,100.0,2025-11-27,Phansoli_Amboli_Amboli,50 by 10m vegetation plots and a 5 by 10m regeneration plot within
K11,ncf:ceros:atr_ktr:trees:K11,ncf:ceros:atr_ktr:trees:K11:18,Elaeagnus conferta Roxb.,Elaeagnus conferta,Elaeagnaceae,Elaeagnus,15.24596,74.28135,100.0,2025-11-25,Kumbharwada_Diggi_Diggi,50 by 10m vegetation plots and a 5 by 10m regeneration plot within
K24,ncf:ceros:atr_ktr:trees:K24,ncf:ceros:atr_ktr:trees:K24:1,Actinodaphne angustifolia (Blume) Nees,Actinodaphne angustifolia,Lauraceae,Actinodaphne,14.97144,74.31979,100.0,2025-11-29,Kadra_Bargadde_Sanake,50 by 10m vegetation plots and a 5 by 10m regeneration plot within
K14,ncf:ceros:atr_ktr:trees:K14,ncf:ceros:atr_ktr:trees:K14:31,Ixora brachiata Roxb.,Ixora brachiata,Rubiaceae,Ixora,15.21519,74.37618,100.0,2025-11-26,Kumbharwada_Sulaveli_Sulaveli,50 by 10m vegetation plots and a 5 by 10m regeneration plot within
K2,ncf:ceros:atr_ktr:trees:K2,ncf:ceros:atr_ktr:trees:K2:17,Erycibe paniculata Roxb.,Erycibe paniculata,Convolvulaceae,Erycibe,14.9607,74.37222,100.0,2025-11-22,Anshi_Badpoli_Digali,50 by 10m vegetation plots and a 5 by 10m regeneration plot within
K2,ncf:ceros:atr_ktr:trees:K2,ncf:ceros:atr_ktr:trees:K2:43,Sarcostigma kleinii Wight & Arn.,Sarcostigma kleinii,Icacinaceae,Sarcostigma,14.9607,74.37222,100.0,2025-11-22,Anshi_Badpoli_Digali,50 by 10m vegetation plots and a 5 by 10m regeneration plot within
K27,ncf:ceros:atr_ktr:trees:K27,ncf:ceros:atr_ktr:trees:K27:41,Paramignya monophylla Wight,Paramignya monophylla,Rutaceae,Paramignya,14.92656,74.35452,100.0,2025-11-29,Kadra_Kadra_Kadra-West,50 by 10m vegetation plots and a 5 by 10m regeneration plot within
K20,ncf:ceros:atr_ktr:trees:K20,ncf:ceros:atr_ktr:trees:K20:1,Antidesma acidum Retz.,Antidesma acidum,Phyllanthaceae,Antidesma,14.8929,74.46011,100.0,2025-11-28,Kadra_Kadra_Balemane,50 by 10m vegetation plots and a 5 by 10m regeneration plot within
K17,ncf:ceros:atr_ktr:trees:K17,ncf:ceros:atr_ktr:trees:K17:22,Flacourtia montana J.Graham,Flacourtia montana,Salicaceae,Flacourtia,15.11042,74.36691,100.0,2025-11-27,Kumbharwada_Kumbharwada_Kumbharwada,50 by 10m vegetation plots and a 5 by 10m regeneration plot within
K48,ncf:ceros:atr_ktr:trees:K48,ncf:ceros:atr_ktr:trees:K48:21,Mallotus philippensis (Lam.) Müll.Arg.,Mallotus philippensis,Euphorbiaceae,Mallotus,15.14195,74.46927,100.0,2025-12-06,Phansoli_Amboli_Kumbeli,50 by 10m vegetation plots and a 5 by 10m regeneration plot within
K48,ncf:ceros:atr_ktr:trees:K48,ncf:ceros:atr_ktr:trees:K48:27,Stereospermum colais (Buch.-Ham. ex Dillwyn) Mabb.,Stereospermum colais,Bignoniaceae,Stereospermum,15.14195,74.46927,100.0,2025-12-06,Phansoli_Amboli_Kumbeli,50 by 10m vegetation plots and a 5 by 10m regeneration plot within
K55,ncf:ceros:atr_ktr:trees:K55,ncf:ceros:atr_ktr:trees:K55:33,Xantolis tomentosa (Roxb.) Raf.,Xantolis tomentosa,Sapotaceae,Xantolis,15.07023,74.53669,100.0,2025-12-07,Gund_Gund_Gund,50 by 10m vegetation plots and a 5 by 10m regeneration plot within
K29,ncf:ceros:atr_ktr:trees:K29,ncf:ceros:atr_ktr:trees:K29:57,Terminalia elliptica Willd.,Terminalia elliptica,Combretaceae,Terminalia,15.4885,74.34842,100.0,2025-12-01,Castlerock_Anmod_Rangarook,50 by 10m vegetation plots and a 5 by 10m regeneration plot within
K35,ncf:ceros:atr_ktr:trees:K35,ncf:ceros:atr_ktr:trees:K35:35,Litsea ghatica C.J.Saldanha,Litsea ghatica,Lauraceae,Litsea,15.47685,74.30104,100.0,2025-12-03,Castlerock_Karambal_Vatla,50 by 10m vegetation plots and a 5 by 10m regeneration plot within
K43,ncf:ceros:atr_ktr:trees:K43,ncf:ceros:atr_ktr:trees:K43:11,Ecbolium viride (Forssk.) Alston,Ecbolium viride,Acanthaceae,Ecbolium,15.13126,74.6676,100.0,2025-12-05,Kulgi_Jamga_Jamga-East,50 by 10m vegetation plots and a 5 by 10m regeneration plot within
K28,ncf:ceros:atr_ktr:trees:K28,ncf:ceros:atr_ktr:trees:K28:26,Ficus callosa Willd.,Ficus callosa,Moraceae,Ficus,14.93541,74.35854,100.0,2025-11-30,Kadra_Kadra_Kadra-West,50 by 10m vegetation plots and a 5 by 10m regeneration plot within
K29,ncf:ceros:atr_ktr:trees:K29,ncf:ceros:atr_ktr:trees:K29:37,Memecylon talbotianum Brandis,Memecylon talbotianum,Melastomataceae,Memecylon,15.4885,74.34842,100.0,2025-12-01,Castlerock_Anmod_Rangarook,50 by 10m vegetation plots and a 5 by 10m regeneration plot within
K47,ncf:ceros:atr_ktr:trees:K47,ncf:ceros:atr_ktr:trees:K47:11,Catunaregam spinosa (Thunb.) Tirveng.,Catunaregam spinosa,Rubiaceae,Catunaregam,15.12541,74.48069,100.0,2025-12-06,Phansoli_Amboli_Kumbeli,50 by 10m vegetation plots and a 5 by 10m regeneration plot within
K14,ncf:ceros:atr_ktr:trees:K14,ncf:ceros:atr_ktr:trees:K14:11,Celtis timorensis Span.,Celtis timorensis,Cannabaceae,Celtis,15.21519,74.37618,100.0,2025-11-26,Kumbharwada_Sulaveli_Sulaveli,50 by 10m vegetation plots and a 5 by 10m regeneration plot within
K11,ncf:ceros:atr_ktr:trees:K11,ncf:ceros:atr_ktr:trees:K11:41,Nothopegia castaneifolia (Roth) Ding Hou,Nothopegia castaneifolia,Anacardiaceae,Nothopegia,15.24596,74.28135,100.0,2025-11-25,Kumbharwada_Diggi_Diggi,50 by 10m vegetation plots and a 5 by 10m regeneration plot within
K46,ncf:ceros:atr_ktr:trees:K46,ncf:ceros:atr_ktr:trees:K46:10,Helicteres isora L.,Helicteres isora,Malvaceae,Helicteres,15.14255,74.58648,100.0,2025-12-05,Phansoli_Phansoli_Phansoli,50 by 10m vegetation plots and a 5 by 10m regeneration plot within
K11,ncf:ceros:atr_ktr:trees:K11,ncf:ceros:atr_ktr:trees:K11:31,Knema attenuata (Hook.fil. & Thomson) Warb.,Knema attenuata,Myristicaceae,Knema,15.24596,74.28135,100.0,2025-11-25,Kumbharwada_Diggi_Diggi,50 by 10m vegetation plots and a 5 by 10m regeneration plot within
K39,ncf:ceros:atr_ktr:trees:K39,ncf:ceros:atr_ktr:trees:K39:12,Diospyros montana Roxb.,Diospyros montana,Ebenaceae,Diospyros,15.15024,74.62002,100.0,2025-12-04,Kulgi_Kulgi_Kulgi-South,50 by 10m vegetation plots and a 5 by 10m regeneration plot within
K16,ncf:ceros:atr_ktr:trees:K16,ncf:ceros:atr_ktr:trees:K16:14,Cryptocarya sheikelmudiyana A.K.H.Bachan & P.K.Fasila,Cryptocarya sheikelmudiyana,Lauraceae,Cryptocarya,15.12424,74.32561,100.0,2025-11-27,Kumbharwada_Kundal_Keloli,50 by 10m vegetation plots and a 5 by 10m regeneration plot within
K40,ncf:ceros:atr_ktr:trees:K40,ncf:ceros:atr_ktr:trees:K40:26,Terminalia paniculata B.Heyne ex Roth,Terminalia paniculata,Combretaceae,Terminalia,15.13301,74.62137,100.0,2025-12-04,Kulgi_Kulgi_Amgaon,50 by 10m vegetation plots and a 5 by 10m regeneration plot within
K42,ncf:ceros:atr_ktr:trees:K42,ncf:ceros:atr_ktr:trees:K42:6,Chromolaena odorata (L.) R.M.King & H.Rob.,Chromolaena odorata,Asteraceae,Chromolaena,15.1487,74.69531,100.0,2025-12-05,Kulgi_Kegdal_Kalabhavi,50 by 10m vegetation plots and a 5 by 10m regeneration plot within
K17,ncf:ceros:atr_ktr:trees:K17,ncf:ceros:atr_ktr:trees:K17:37,Memecylon talbotianum Brandis,Memecylon talbotianum,Melastomataceae,Memecylon,15.11042,74.36691,100.0,2025-11-27,Kumbharwada_Kumbharwada_Kumbharwada,50 by 10m vegetation plots and a 5 by 10m regeneration plot within
K22,ncf:ceros:atr_ktr:trees:K22,ncf:ceros:atr_ktr:trees:K22:21,Schleichera oleosa (Lour.) Oken,Schleichera oleosa,Sapindaceae,Schleichera,14.87999,74.41013,100.0,2025-11-28,Kadra_Kadra_Balemane,50 by 10m vegetation plots and a 5 by 10m regeneration plot within
K49,ncf:ceros:atr_ktr:trees:K49,ncf:ceros:atr_ktr:trees:K49:4,Alseodaphne semecarpifolia Nees,Alseodaphne semecarpifolia,Lauraceae,Alseodaphne,15.0245,74.4809,100.0,2025-12-06,Gund_Marda_Shimpura Gudda,50 by 10m vegetation plots and a 5 by 10m regeneration plot within
K48,ncf:ceros:atr_ktr:trees:K48,ncf:ceros:atr_ktr:trees:K48:25,Murraya koenigii (L.) Spreng.,Murraya koenigii,Rutaceae,Murraya,15.14195,74.46927,100.0,2025-12-06,Phansoli_Amboli_Kumbeli,50 by 10m vegetation plots and a 5 by 10m regeneration plot within
K1,ncf:ceros:atr_ktr:trees:K1,ncf:ceros:atr_ktr:trees:K1:18,Diospyros ebenum J.Koenig ex Retz.,Diospyros ebenum,Ebenaceae,Diospyros,14.95109,74.37002,100.0,2025-11-22,Anshi_Anshi_Badpoli,50 by 10m vegetation plots and a 5 by 10m regeneration plot within
K16,ncf:ceros:atr_ktr:trees:K16,ncf:ceros:atr_ktr:trees:K16:17,Diospyros montana Roxb.,Diospyros montana,Ebenaceae,Diospyros,15.12424,74.32561,100.0,2025-11-27,Kumbharwada_Kundal_Keloli,50 by 10m vegetation plots and a 5 by 10m regeneration plot within
K55,ncf:ceros:atr_ktr:trees:K55,ncf:ceros:atr_ktr:trees:K55:9,Chukrasia tabularis A.Juss.,Chukrasia tabularis,Meliaceae,Chukrasia,15.07023,74.53669,100.0,2025-12-07,Gund_Gund_Gund,50 by 10m vegetation plots and a 5 by 10m regeneration plot within
K29,ncf:ceros:atr_ktr:trees:K29,ncf:ceros:atr_ktr:trees:K29:42,Moullava spicata (Dalzell) Nicolson,Moullava spicata,Fabaceae,Moullava,15.4885,74.34842,100.0,2025-12-01,Castlerock_Anmod_Rangarook,50 by 10m vegetation plots and a 5 by 10m regeneration plot within
K54,ncf:ceros:atr_ktr:trees:K54,ncf:ceros:atr_ktr:trees:K54:3,Chromolaena odorata (L.) R.M.King & H.Rob.,Chromolaena odorata,Asteraceae,Chromolaena,15.06675,74.57376,100.0,2025-12-07,Gund_Tammanagi_Shavale,50 by 10m vegetation plots and a 5 by 10m regeneration plot within
K1,ncf:ceros:atr_ktr:trees:K1,ncf:ceros:atr_ktr:trees:K1:46,Canthium rheedei DC.,Canthium rheedei,Rubiaceae,Canthium,14.95109,74.37002,100.0,2025-11-22,Anshi_Anshi_Badpoli,50 by 10m vegetation plots and a 5 by 10m regeneration plot within
K16,ncf:ceros:atr_ktr:trees:K16,ncf:ceros:atr_ktr:trees:K16:5,Beilschmiedia dalzellii (Meisn.) Kosterm.,Beilschmiedia dalzellii,Lauraceae,Beilschmiedia,15.12424,74.32561,100.0,2025-11-27,Kumbharwada_Kundal_Keloli,50 by 10m vegetation plots and a 5 by 10m regeneration plot within
K43,ncf:ceros:atr_ktr:trees:K43,ncf:ceros:atr_ktr:trees:K43:5,Chromolaena odorata (L.) R.M.King & H.Rob.,Chromolaena odorata,Asteraceae,Chromolaena,15.13126,74.6676,100.0,2025-12-05,Kulgi_Jamga_Jamga-East,50 by 10m vegetation plots and a 5 by 10m regeneration plot within
K54,ncf:ceros:atr_ktr:trees:K54,ncf:ceros:atr_ktr:trees:K54:11,Lannea coromandelica (Houtt.) Merr.,Lannea coromandelica,Anacardiaceae,Lannea,15.06675,74.57376,100.0,2025-12-07,Gund_Tammanagi_Shavale,50 by 10m vegetation plots and a 5 by 10m regeneration plot within
K20,ncf:ceros:atr_ktr:trees:K20,ncf:ceros:atr_ktr:trees:K20:22,Margaritaria indica (Dalzell) Airy Shaw,Margaritaria indica,Phyllanthaceae,Margaritaria,14.8929,74.46011,100.0,2025-11-28,Kadra_Kadra_Balemane,50 by 10m vegetation plots and a 5 by 10m regeneration plot within
K33,ncf:ceros:atr_ktr:trees:K33,ncf:ceros:atr_ktr:trees:K33:51,Syzygium zeylanicum (L.) DC.,Syzygium zeylanicum,Myrtaceae,Syzygium,15.38466,74.34508,100.0,2025-12-02,Castlerock_Castlerock_Kalambuli,50 by 10m vegetation plots and a 5 by 10m regeneration plot within
K31,ncf:ceros:atr_ktr:trees:K31,ncf:ceros:atr_ktr:trees:K31:20,Diospyros candolleana Wight,Diospyros candolleana,Ebenaceae,Diospyros,15.32309,74.38428,100.0,2025-12-02,Castlerock_NA_Viral,50 by 10m vegetation plots and a 5 by 10m regeneration plot within
K42,ncf:ceros:atr_ktr:trees:K42,ncf:ceros:atr_ktr:trees:K42:7,Cordia dichotoma G.Forst.,Cordia dichotoma,Cordiaceae,Cordia,15.1487,74.69531,100.0,2025-12-05,Kulgi_Kegdal_Kalabhavi,50 by 10m vegetation plots and a 5 by 10m regeneration plot within
K29,ncf:ceros:atr_ktr:trees:K29,ncf:ceros:atr_ktr:trees:K29:50,Salacia beddomei Gamble,Salacia beddomei,Celastraceae,Salacia,15.4885,74.34842,100.0,2025-12-01,Castlerock_Anmod_Rangarook,50 by 10m vegetation plots and a 5 by 10m regeneration plot within
K36,ncf:ceros:atr_ktr:trees:K36,ncf:ceros:atr_ktr:trees:K36:58,Tetrastigma leucostaphylum (Dennst.) Alston,Tetrastigma leucostaphylum,Vitaceae,Tetrastigma,15.48777,74.28354,100.0,2025-12-03,Castlerock_Karambal_Vatla,50 by 10m vegetation plots and a 5 by 10m regeneration plot within
K4,ncf:ceros:atr_ktr:trees:K4,ncf:ceros:atr_ktr:trees:K4:11,Casearia graveolens Dalzell,Casearia graveolens,Salicaceae,Casearia,15.02334,74.4273,100.0,2025-11-23,Anshi_Sawanth Matkarni_Sawanth Matkarni,50 by 10m vegetation plots and a 5 by 10m regeneration plot within
K15,ncf:ceros:atr_ktr:trees:K15,ncf:ceros:atr_ktr:trees:K15:12,Clausena anisata (Willd.) Hook.fil.,Clausena anisata,Rutaceae,Clausena,15.23219,74.34004,100.0,2025-11-26,Kumbharwada_Sulaveli_Sulaveli,50 by 10m vegetation plots and a 5 by 10m regeneration plot within
K33,ncf:ceros:atr_ktr:trees:K33,ncf:ceros:atr_ktr:trees:K33:37,Mezoneuron cucullatum (Roxb.) Wight & Arn.,Mezoneuron cucullatum,Fabaceae,Mezoneuron,15.38466,74.34508,100.0,2025-12-02,Castlerock_Castlerock_Kalambuli,50 by 10m vegetation plots and a 5 by 10m regeneration plot within
K35,ncf:ceros:atr_ktr:trees:K35,ncf:ceros:atr_ktr:trees:K35:48,Psychotria dalzellii Hook.f.,Psychotria dalzellii,Rubiaceae,Psychotria,15.47685,74.30104,100.0,2025-12-03,Castlerock_Karambal_Vatla,50 by 10m vegetation plots and a 5 by 10m regeneration plot within
K56,ncf:ceros:atr_ktr:trees:K56,ncf:ceros:atr_ktr:trees:K56:17,Sterculia guttata Roxb.,Sterculia guttata,Malvaceae,Sterculia,15.09191,74.51578,100.0,2025-12-07,Phansoli_Avurli_Avurli,50 by 10m vegetation plots and a 5 by 10m regeneration plot within
K4,ncf:ceros:atr_ktr:trees:K4,ncf:ceros:atr_ktr:trees:K4:32,Luvunga sarmentosa (Blume) Kurz,Luvunga sarmentosa,Rutaceae,Luvunga,15.02334,74.4273,100.0,2025-11-23,Anshi_Sawanth Matkarni_Sawanth Matkarni,50 by 10m vegetation plots and a 5 by 10m regeneration plot within
K18,ncf:ceros:atr_ktr:trees:K18,ncf:ceros:atr_ktr:trees:K18:6,Ardisia humilis Vahl,Ardisia humilis,Primulaceae,Ardisia,15.09507,74.42705,100.0,2025-11-27,Kumbharwada_Kumbharwada_Kalsai,50 by 10m vegetation plots and a 5 by 10m regeneration plot within
K45,ncf:ceros:atr_ktr:trees:K45,ncf:ceros:atr_ktr:trees:K45:20,Microcos paniculata L.,Microcos paniculata,Malvaceae,Microcos,15.12909,74.59881,100.0,2025-12-05,Phansoli_Phansoli_Phansoli,50 by 10m vegetation plots and a 5 by 10m regeneration plot within
K17,ncf:ceros:atr_ktr:trees:K17,ncf:ceros:atr_ktr:trees:K17:31,Hydnocarpus pentandrus (Buch.-Ham.) Oken,Hydnocarpus pentandrus,Achariaceae,Hydnocarpus,15.11042,74.36691,100.0,2025-11-27,Kumbharwada_Kumbharwada_Kumbharwada,50 by 10m vegetation plots and a 5 by 10m regeneration plot within
K10,ncf:ceros:atr_ktr:trees:K10,ncf:ceros:atr_ktr:trees:K10:18,Glycosmis pentaphylla (Retz.) Corrêa,Glycosmis pentaphylla,Rutaceae,Glycosmis,15.01108,74.35722,100.0,2025-11-24,Anshi_Badpoli_Badpoli,50 by 10m vegetation plots and a 5 by 10m regeneration plot within
K12,ncf:ceros:atr_ktr:trees:K12,ncf:ceros:atr_ktr:trees:K12:47,Sterculia guttata Roxb.,Sterculia guttata,Malvaceae,Sterculia,15.21126,74.348,100.0,2025-11-25,Kumbharwada_Terali_Patagudi,50 by 10m vegetation plots and a 5 by 10m regeneration plot within
K53,ncf:ceros:atr_ktr:trees:K53,ncf:ceros:atr_ktr:trees:K53:5,Artabotrys zeylanicus Hook.f. & Thomson,Artabotrys zeylanicus,Annonaceae,Artabotrys,15.05536,74.53871,100.0,2025-12-07,Gund_Tammanagi_Shavale,50 by 10m vegetation plots and a 5 by 10m regeneration plot within
K6,ncf:ceros:atr_ktr:trees:K6,ncf:ceros:atr_ktr:trees:K6:50,Syzygium hemisphericum (Walp.) Alston,Syzygium hemisphericum,Myrtaceae,Syzygium,15.01219,74.39533,100.0,2025-11-23,Anshi_Sawanth Matkarni_Sawanth Matkarni,50 by 10m vegetation plots and a 5 by 10m regeneration plot within
K9,ncf:ceros:atr_ktr:trees:K9,ncf:ceros:atr_ktr:trees:K9:11,Diospyros paniculata Dalzell,Diospyros paniculata,Ebenaceae,Diospyros,15.04249,74.35,100.0,2025-11-24,Anshi_Badpoli_Lande,50 by 10m vegetation plots and a 5 by 10m regeneration plot within
K10,ncf:ceros:atr_ktr:trees:K10,ncf:ceros:atr_ktr:trees:K10:46,Terminalia paniculata B.Heyne ex Roth,Terminalia paniculata,Combretaceae,Terminalia,15.01108,74.35722,100.0,2025-11-24,Anshi_Badpoli_Badpoli,50 by 10m vegetation plots and a 5 by 10m regeneration plot within
K15,ncf:ceros:atr_ktr:trees:K15,ncf:ceros:atr_ktr:trees:K15:52,Xantolis tomentosa (Roxb.) Raf.,Xantolis tomentosa,Sapotaceae,Xantolis,15.23219,74.34004,100.0,2025-11-26,Kumbharwada_Sulaveli_Sulaveli,50 by 10m vegetation plots and a 5 by 10m regeneration plot within
K12,ncf:ceros:atr_ktr:trees:K12,ncf:ceros:atr_ktr:trees:K12:44,Canthium rheedei DC.,Canthium rheedei,Rubiaceae,Canthium,15.21126,74.348,100.0,2025-11-25,Kumbharwada_Terali_Patagudi,50 by 10m vegetation plots and a 5 by 10m regeneration plot within
K44,ncf:ceros:atr_ktr:trees:K44,ncf:ceros:atr_ktr:trees:K44:2,Piliostigma malabaricum (Roxb.) Benth.,Piliostigma malabaricum,Fabaceae,Piliostigma,15.1191,74.68068,100.0,2025-12-05,Kulgi_Kegdal_Amga-East,50 by 10m vegetation plots and a 5 by 10m regeneration plot within
K2,ncf:ceros:atr_ktr:trees:K2,ncf:ceros:atr_ktr:trees:K2:18,Eugenia macrosepala Duthie,Eugenia macrosepala,Myrtaceae,Eugenia,14.9607,74.37222,100.0,2025-11-22,Anshi_Badpoli_Digali,50 by 10m vegetation plots and a 5 by 10m regeneration plot within
K6,ncf:ceros:atr_ktr:trees:K6,ncf:ceros:atr_ktr:trees:K6:19,Erycibe paniculata Roxb.,Erycibe paniculata,Convolvulaceae,Erycibe,15.01219,74.39533,100.0,2025-11-23,Anshi_Sawanth Matkarni_Sawanth Matkarni,50 by 10m vegetation plots and a 5 by 10m regeneration plot within
K19,ncf:ceros:atr_ktr:trees:K19,ncf:ceros:atr_ktr:trees:K19:13,Dalbergia latifolia Roxb.,Dalbergia latifolia,Fabaceae,Dalbergia,15.05663,74.45597,100.0,2025-11-27,Phansoli_Amboli_Amboli,50 by 10m vegetation plots and a 5 by 10m regeneration plot within
K1,ncf:ceros:atr_ktr:trees:K1,ncf:ceros:atr_ktr:trees:K1:25,Flacourtia montana J.Graham,Flacourtia montana,Salicaceae,Flacourtia,14.95109,74.37002,100.0,2025-11-22,Anshi_Anshi_Badpoli,50 by 10m vegetation plots and a 5 by 10m regeneration plot within
K15,ncf:ceros:atr_ktr:trees:K15,ncf:ceros:atr_ktr:trees:K15:27,Gymnosporia rothiana (Walp.) M.A.Lawson,Gymnosporia rothiana,Celastraceae,Gymnosporia,15.23219,74.34004,100.0,2025-11-26,Kumbharwada_Sulaveli_Sulaveli,50 by 10m vegetation plots and a 5 by 10m regeneration plot within
K42,ncf:ceros:atr_ktr:trees:K42,ncf:ceros:atr_ktr:trees:K42:9,Cosmostigma cordatum (Poir.) M.R.Almeida,Cosmostigma cordatum,Apocynaceae,Cosmostigma,15.1487,74.69531,100.0,2025-12-05,Kulgi_Kegdal_Kalabhavi,50 by 10m vegetation plots and a 5 by 10m regeneration plot within
K45,ncf:ceros:atr_ktr:trees:K45,ncf:ceros:atr_ktr:trees:K45:15,Lepisanthes tetraphylla (Vahl) Radlk.,Lepisanthes tetraphylla,Sapindaceae,Lepisanthes,15.12909,74.59881,100.0,2025-12-05,Phansoli_Phansoli_Phansoli,50 by 10m vegetation plots and a 5 by 10m regeneration plot within
K51,ncf:ceros:atr_ktr:trees:K51,ncf:ceros:atr_ktr:trees:K51:13,Cinnamomum Schaeff.,,Lauraceae,Cinnamomum,15.03951,74.51396,100.0,2025-12-07,Gund_Marda_Marda,50 by 10m vegetation plots and a 5 by 10m regeneration plot within
K35,ncf:ceros:atr_ktr:trees:K35,ncf:ceros:atr_ktr:trees:K35:9,Cryptocarya sheikelmudiyana A.K.H.Bachan & P.K.Fasila,Cryptocarya sheikelmudiyana,Lauraceae,Cryptocarya,15.47685,74.30104,100.0,2025-12-03,Castlerock_Karambal_Vatla,50 by 10m vegetation plots and a 5 by 10m regeneration plot within
K20,ncf:ceros:atr_ktr:trees:K20,ncf:ceros:atr_ktr:trees:K20:23,Sterculia villosa Roxb.,Sterculia villosa,Malvaceae,Sterculia,14.8929,74.46011,100.0,2025-11-28,Kadra_Kadra_Balemane,50 by 10m vegetation plots and a 5 by 10m regeneration plot within
K4,ncf:ceros:atr_ktr:trees:K4,ncf:ceros:atr_ktr:trees:K4:13,Clausena anisata (Willd.) Hook.fil.,Clausena anisata,Rutaceae,Clausena,15.02334,74.4273,100.0,2025-11-23,Anshi_Sawanth Matkarni_Sawanth Matkarni,50 by 10m vegetation plots and a 5 by 10m regeneration plot within
K12,ncf:ceros:atr_ktr:trees:K12,ncf:ceros:atr_ktr:trees:K12:16,Diospyros montana Roxb.,Diospyros montana,Ebenaceae,Diospyros,15.21126,74.348,100.0,2025-11-25,Kumbharwada_Terali_Patagudi,50 by 10m vegetation plots and a 5 by 10m regeneration plot within
K6,ncf:ceros:atr_ktr:trees:K6,ncf:ceros:atr_ktr:trees:K6:14,Diospyros ferrea (Willd.) Bakh.,Diospyros ferrea,Ebenaceae,Diospyros,15.01219,74.39533,100.0,2025-11-23,Anshi_Sawanth Matkarni_Sawanth Matkarni,50 by 10m vegetation plots and a 5 by 10m regeneration plot within
K5,ncf:ceros:atr_ktr:trees:K5,ncf:ceros:atr_ktr:trees:K5:38,Tetrapilus dioicus (Roxb.) L.A.S.Johnson,Tetrapilus dioicus,Oleaceae,Tetrapilus,14.98514,74.37265,100.0,2025-11-23,Anshi_Anshi_Anshi,50 by 10m vegetation plots and a 5 by 10m regeneration plot within
K49,ncf:ceros:atr_ktr:trees:K49,ncf:ceros:atr_ktr:trees:K49:27,Garcinia indica (Thouars) Choisy,Garcinia indica,Clusiaceae,Garcinia,15.0245,74.4809,100.0,2025-12-06,Gund_Marda_Shimpura Gudda,50 by 10m vegetation plots and a 5 by 10m regeneration plot within
K41,ncf:ceros:atr_ktr:trees:K41,ncf:ceros:atr_ktr:trees:K41:3,Casearia tomentosa Roxb.,Casearia tomentosa,Salicaceae,Casearia,15.14435,74.67638,100.0,2025-12-05,Kulgi_Kegdal_Gutti,50 by 10m vegetation plots and a 5 by 10m regeneration plot within
K6,ncf:ceros:atr_ktr:trees:K6,ncf:ceros:atr_ktr:trees:K6:11,Cinnamomum malabatrum (Burm.fil.) J.Presl,Cinnamomum malabatrum,Lauraceae,Cinnamomum,15.01219,74.39533,100.0,2025-11-23,Anshi_Sawanth Matkarni_Sawanth Matkarni,50 by 10m vegetation plots and a 5 by 10m regeneration plot within
K35,ncf:ceros:atr_ktr:trees:K35,ncf:ceros:atr_ktr:trees:K35:45,Tetrapilus dioicus (Roxb.) L.A.S.Johnson,Tetrapilus dioicus,Oleaceae,Tetrapilus,15.47685,74.30104,100.0,2025-12-03,Castlerock_Karambal_Vatla,50 by 10m vegetation plots and a 5 by 10m regeneration plot within
K53,ncf:ceros:atr_ktr:trees:K53,ncf:ceros:atr_ktr:trees:K53:1,Actinodaphne angustifolia (Blume) Nees,Actinodaphne angustifolia,Lauraceae,Actinodaphne,15.05536,74.53871,100.0,2025-12-07,Gund_Tammanagi_Shavale,50 by 10m vegetation plots and a 5 by 10m regeneration plot within
K49,ncf:ceros:atr_ktr:trees:K49,ncf:ceros:atr_ktr:trees:K49:42,Margaritaria indica (Dalzell) Airy Shaw,Margaritaria indica,Phyllanthaceae,Margaritaria,15.0245,74.4809,100.0,2025-12-06,Gund_Marda_Shimpura Gudda,50 by 10m vegetation plots and a 5 by 10m regeneration plot within
K40,ncf:ceros:atr_ktr:trees:K40,ncf:ceros:atr_ktr:trees:K40:23,Syzygium cumini (L.) Skeels,Syzygium cumini,Myrtaceae,Syzygium,15.13301,74.62137,100.0,2025-12-04,Kulgi_Kulgi_Amgaon,50 by 10m vegetation plots and a 5 by 10m regeneration plot within
K28,ncf:ceros:atr_ktr:trees:K28,ncf:ceros:atr_ktr:trees:K28:49,Piper nigrum L.,Piper nigrum,Piperaceae,Piper,14.93541,74.35854,100.0,2025-11-30,Kadra_Kadra_Kadra-West,50 by 10m vegetation plots and a 5 by 10m regeneration plot within
K4,ncf:ceros:atr_ktr:trees:K4,ncf:ceros:atr_ktr:trees:K4:43,Rourea minor (Gaertn.) Alston,Rourea minor,Connaraceae,Rourea,15.02334,74.4273,100.0,2025-11-23,Anshi_Sawanth Matkarni_Sawanth Matkarni,50 by 10m vegetation plots and a 5 by 10m regeneration plot within
K28,ncf:ceros:atr_ktr:trees:K28,ncf:ceros:atr_ktr:trees:K28:47,Tetrapilus dioicus (Roxb.) L.A.S.Johnson,Tetrapilus dioicus,Oleaceae,Tetrapilus,14.93541,74.35854,100.0,2025-11-30,Kadra_Kadra_Kadra-West,50 by 10m vegetation plots and a 5 by 10m regeneration plot within
K4,ncf:ceros:atr_ktr:trees:K4,ncf:ceros:atr_ktr:trees:K4:15,Diospyros candolleana Wight,Diospyros candolleana,Ebenaceae,Diospyros,15.02334,74.4273,100.0,2025-11-23,Anshi_Sawanth Matkarni_Sawanth Matkarni,50 by 10m vegetation plots and a 5 by 10m regeneration plot within
K51,ncf:ceros:atr_ktr:trees:K51,ncf:ceros:atr_ktr:trees:K51:8,Beilschmiedia dalzellii (Meisn.) Kosterm.,Beilschmiedia dalzellii,Lauraceae,Beilschmiedia,15.03951,74.51396,100.0,2025-12-07,Gund_Marda_Marda,50 by 10m vegetation plots and a 5 by 10m regeneration plot within
K33,ncf:ceros:atr_ktr:trees:K33,ncf:ceros:atr_ktr:trees:K33:46,Psydrax dicoccos Gaertn.,Psydrax dicoccos,Rubiaceae,Psydrax,15.38466,74.34508,100.0,2025-12-02,Castlerock_Castlerock_Kalambuli,50 by 10m vegetation plots and a 5 by 10m regeneration plot within
K48,ncf:ceros:atr_ktr:trees:K48,ncf:ceros:atr_ktr:trees:K48:28,Syzygium cumini (L.) Skeels,Syzygium cumini,Myrtaceae,Syzygium,15.14195,74.46927,100.0,2025-12-06,Phansoli_Amboli_Kumbeli,50 by 10m vegetation plots and a 5 by 10m regeneration plot within
K7,ncf:ceros:atr_ktr:trees:K7,ncf:ceros:atr_ktr:trees:K7:31,Grewia umbellata Roxb.,Grewia laevigata,Malvaceae,Grewia,15.09989,74.38199,100.0,2025-11-24,Anshi_Nujji_Jhalavali,50 by 10m vegetation plots and a 5 by 10m regeneration plot within
K36,ncf:ceros:atr_ktr:trees:K36,ncf:ceros:atr_ktr:trees:K36:17,Chassalia curviflora (Wall.) Thwaites,Chassalia curviflora,Rubiaceae,Chassalia,15.48777,74.28354,100.0,2025-12-03,Castlerock_Karambal_Vatla,50 by 10m vegetation plots and a 5 by 10m regeneration plot within
K2,ncf:ceros:atr_ktr:trees:K2,ncf:ceros:atr_ktr:trees:K2:21,Getonia floribunda Roxb.,Getonia floribunda,Combretaceae,Getonia,14.9607,74.37222,100.0,2025-11-22,Anshi_Badpoli_Digali,50 by 10m vegetation plots and a 5 by 10m regeneration plot within
K12,ncf:ceros:atr_ktr:trees:K12,ncf:ceros:atr_ktr:trees:K12:2,Aporosa cardiosperma (Gaertn.) Merr.,Aporosa cardiosperma,Phyllanthaceae,Aporosa,15.21126,74.348,100.0,2025-11-25,Kumbharwada_Terali_Patagudi,50 by 10m vegetation plots and a 5 by 10m regeneration plot within
K16,ncf:ceros:atr_ktr:trees:K16,ncf:ceros:atr_ktr:trees:K16:16,Diospyros candolleana Wight,Diospyros candolleana,Ebenaceae,Diospyros,15.12424,74.32561,100.0,2025-11-27,Kumbharwada_Kundal_Keloli,50 by 10m vegetation plots and a 5 by 10m regeneration plot within
K4,ncf:ceros:atr_ktr:trees:K4,ncf:ceros:atr_ktr:trees:K4:6,Calamus rheedei Griff.,Calamus rheedei,Arecaceae,Calamus,15.02334,74.4273,100.0,2025-11-23,Anshi_Sawanth Matkarni_Sawanth Matkarni,50 by 10m vegetation plots and a 5 by 10m regeneration plot within
K49,ncf:ceros:atr_ktr:trees:K49,ncf:ceros:atr_ktr:trees:K49:20,Dillenia pentagyna Roxb.,Dillenia pentagyna,Dilleniaceae,Dillenia,15.0245,74.4809,100.0,2025-12-06,Gund_Marda_Shimpura Gudda,50 by 10m vegetation plots and a 5 by 10m regeneration plot within
K3,ncf:ceros:atr_ktr:trees:K3,ncf:ceros:atr_ktr:trees:K3:49,Orophea zeylanica Hook.f. & Thomson,Orophea zeylanica,Annonaceae,Orophea,15.02369,74.45427,100.0,2025-11-23,Anshi_Sawanth Matkarni_Sawanth Matkarni,50 by 10m vegetation plots and a 5 by 10m regeneration plot within
K5,ncf:ceros:atr_ktr:trees:K5,ncf:ceros:atr_ktr:trees:K5:37,Ochna obtusata DC.,Ochna obtusata,Ochnaceae,Ochna,14.98514,74.37265,100.0,2025-11-23,Anshi_Anshi_Anshi,50 by 10m vegetation plots and a 5 by 10m regeneration plot within
K52,ncf:ceros:atr_ktr:trees:K52,ncf:ceros:atr_ktr:trees:K52:7,Bridelia stipularis (L.) Blume,Bridelia stipularis,Phyllanthaceae,Bridelia,15.06448,74.52105,100.0,2025-12-07,Gund_Marda_Marda,50 by 10m vegetation plots and a 5 by 10m regeneration plot within
K35,ncf:ceros:atr_ktr:trees:K35,ncf:ceros:atr_ktr:trees:K35:28,Hydnocarpus pentandrus (Buch.-Ham.) Oken,Hydnocarpus pentandrus,Achariaceae,Hydnocarpus,15.47685,74.30104,100.0,2025-12-03,Castlerock_Karambal_Vatla,50 by 10m vegetation plots and a 5 by 10m regeneration plot within
K35,ncf:ceros:atr_ktr:trees:K35,ncf:ceros:atr_ktr:trees:K35:11,Dimocarpus longan Lour.,Dimocarpus longan,Sapindaceae,Dimocarpus,15.47685,74.30104,100.0,2025-12-03,Castlerock_Karambal_Vatla,50 by 10m vegetation plots and a 5 by 10m regeneration plot within
K21,ncf:ceros:atr_ktr:trees:K21,ncf:ceros:atr_ktr:trees:K21:11,Leea indica (Burm.fil.) Merr.,Leea indica,Vitaceae,Leea,14.88869,74.43009,100.0,2025-11-28,Kadra_Kadra_Balemane,50 by 10m vegetation plots and a 5 by 10m regeneration plot within
K16,ncf:ceros:atr_ktr:trees:K16,ncf:ceros:atr_ktr:trees:K16:42,Ochna obtusata DC.,Ochna obtusata,Ochnaceae,Ochna,15.12424,74.32561,100.0,2025-11-27,Kumbharwada_Kundal_Keloli,50 by 10m vegetation plots and a 5 by 10m regeneration plot within
K22,ncf:ceros:atr_ktr:trees:K22,ncf:ceros:atr_ktr:trees:K22:4,Catunaregam spinosa (Thunb.) Tirveng.,Catunaregam spinosa,Rubiaceae,Catunaregam,14.87999,74.41013,100.0,2025-11-28,Kadra_Kadra_Balemane,50 by 10m vegetation plots and a 5 by 10m regeneration plot within
K2,ncf:ceros:atr_ktr:trees:K2,ncf:ceros:atr_ktr:trees:K2:27,Ixora nigricans R.Br. ex Wight & Arn.,Ixora nigricans,Rubiaceae,Ixora,14.9607,74.37222,100.0,2025-11-22,Anshi_Badpoli_Digali,50 by 10m vegetation plots and a 5 by 10m regeneration plot within
K47,ncf:ceros:atr_ktr:trees:K47,ncf:ceros:atr_ktr:trees:K47:19,Glycosmis pentaphylla (Retz.) Corrêa,Glycosmis pentaphylla,Rutaceae,Glycosmis,15.12541,74.48069,100.0,2025-12-06,Phansoli_Amboli_Kumbeli,50 by 10m vegetation plots and a 5 by 10m regeneration plot within
K48,ncf:ceros:atr_ktr:trees:K48,ncf:ceros:atr_ktr:trees:K48:18,Getonia floribunda Roxb.,Getonia floribunda,Combretaceae,Getonia,15.14195,74.46927,100.0,2025-12-06,Phansoli_Amboli_Kumbeli,50 by 10m vegetation plots and a 5 by 10m regeneration plot within
K26,ncf:ceros:atr_ktr:trees:K26,ncf:ceros:atr_ktr:trees:K26:16,Dalbergia volubilis Roxb.,Dalbergia volubilis,Fabaceae,Dalbergia,14.94972,74.29521,100.0,2025-11-29,Kadra_Bargadde_Bargadde,50 by 10m vegetation plots and a 5 by 10m regeneration plot within
K8,ncf:ceros:atr_ktr:trees:K8,ncf:ceros:atr_ktr:trees:K8:37,Terminalia paniculata B.Heyne ex Roth,Terminalia paniculata,Combretaceae,Terminalia,15.04524,74.33066,100.0,2025-11-24,Anshi_Nujji_Nujji,50 by 10m vegetation plots and a 5 by 10m regeneration plot within
K46,ncf:ceros:atr_ktr:trees:K46,ncf:ceros:atr_ktr:trees:K46:5,Diospyros montana Roxb.,Diospyros montana,Ebenaceae,Diospyros,15.14255,74.58648,100.0,2025-12-05,Phansoli_Phansoli_Phansoli,50 by 10m vegetation plots and a 5 by 10m regeneration plot within
K18,ncf:ceros:atr_ktr:trees:K18,ncf:ceros:atr_ktr:trees:K18:25,Nothopegia castaneifolia (Roth) Ding Hou,Nothopegia castaneifolia,Anacardiaceae,Nothopegia,15.09507,74.42705,100.0,2025-11-27,Kumbharwada_Kumbharwada_Kalsai,50 by 10m vegetation plots and a 5 by 10m regeneration plot within
K53,ncf:ceros:atr_ktr:trees:K53,ncf:ceros:atr_ktr:trees:K53:38,Syzygium cumini (L.) Skeels,Syzygium cumini,Myrtaceae,Syzygium,15.05536,74.53871,100.0,2025-12-07,Gund_Tammanagi_Shavale,50 by 10m vegetation plots and a 5 by 10m regeneration plot within
K34,ncf:ceros:atr_ktr:trees:K34,ncf:ceros:atr_ktr:trees:K34:53,Nothopegia castaneifolia (Roth) Ding Hou,Nothopegia castaneifolia,Anacardiaceae,Nothopegia,15.42029,74.32832,100.0,2025-12-02,Castlerock_Anmod_Anmod-East,50 by 10m vegetation plots and a 5 by 10m regeneration plot within
K32,ncf:ceros:atr_ktr:trees:K32,ncf:ceros:atr_ktr:trees:K32:46,Murraya koenigii (L.) Spreng.,Murraya koenigii,Rutaceae,Murraya,15.34117,74.37326,100.0,2025-12-02,Castlerock_Castlerock_Populwadi,50 by 10m vegetation plots and a 5 by 10m regeneration plot within
K2,ncf:ceros:atr_ktr:trees:K2,ncf:ceros:atr_ktr:trees:K2:8,Calophyllum apetalum Willd.,Calophyllum apetalum,Calophyllaceae,Calophyllum,14.9607,74.37222,100.0,2025-11-22,Anshi_Badpoli_Digali,50 by 10m vegetation plots and a 5 by 10m regeneration plot within
K27,ncf:ceros:atr_ktr:trees:K27,ncf:ceros:atr_ktr:trees:K27:16,Diospyros candolleana Wight,Diospyros candolleana,Ebenaceae,Diospyros,14.92656,74.35452,100.0,2025-11-29,Kadra_Kadra_Kadra-West,50 by 10m vegetation plots and a 5 by 10m regeneration plot within
K33,ncf:ceros:atr_ktr:trees:K33,ncf:ceros:atr_ktr:trees:K33:36,Memecylon umbellatum Burm.fil.,Memecylon umbellatum,Melastomataceae,Memecylon,15.38466,74.34508,100.0,2025-12-02,Castlerock_Castlerock_Kalambuli,50 by 10m vegetation plots and a 5 by 10m regeneration plot within
K3,ncf:ceros:atr_ktr:trees:K3,ncf:ceros:atr_ktr:trees:K3:3,Ancistrocladus heyneanus Wall.,Ancistrocladus heyneanus,Ancistrocladaceae,Ancistrocladus,15.02369,74.45427,100.0,2025-11-23,Anshi_Sawanth Matkarni_Sawanth Matkarni,50 by 10m vegetation plots and a 5 by 10m regeneration plot within
K24,ncf:ceros:atr_ktr:trees:K24,ncf:ceros:atr_ktr:trees:K24:42,Sageraea laurina Dalzell,Sageraea laurina,Annonaceae,Sageraea,14.97144,74.31979,100.0,2025-11-29,Kadra_Bargadde_Sanake,50 by 10m vegetation plots and a 5 by 10m regeneration plot within
K23,ncf:ceros:atr_ktr:trees:K23,ncf:ceros:atr_ktr:trees:K23:17,Mezoneuron cucullatum (Roxb.) Wight & Arn.,Mezoneuron cucullatum,Fabaceae,Mezoneuron,14.92281,74.33555,100.0,2025-11-28,Kadra_Kadra_Kadra-West,50 by 10m vegetation plots and a 5 by 10m regeneration plot within
K51,ncf:ceros:atr_ktr:trees:K51,ncf:ceros:atr_ktr:trees:K51:38,Tetrapilus dioicus (Roxb.) L.A.S.Johnson,Tetrapilus dioicus,Oleaceae,Tetrapilus,15.03951,74.51396,100.0,2025-12-07,Gund_Marda_Marda,50 by 10m vegetation plots and a 5 by 10m regeneration plot within
K3,ncf:ceros:atr_ktr:trees:K3,ncf:ceros:atr_ktr:trees:K3:58,Xantolis tomentosa (Roxb.) Raf.,Xantolis tomentosa,Sapotaceae,Xantolis,15.02369,74.45427,100.0,2025-11-23,Anshi_Sawanth Matkarni_Sawanth Matkarni,50 by 10m vegetation plots and a 5 by 10m regeneration plot within
K32,ncf:ceros:atr_ktr:trees:K32,ncf:ceros:atr_ktr:trees:K32:23,Ficus tsjakela Burm.fil.,Ficus tsjakela,Moraceae,Ficus,15.34117,74.37326,100.0,2025-12-02,Castlerock_Castlerock_Populwadi,50 by 10m vegetation plots and a 5 by 10m regeneration plot within
K19,ncf:ceros:atr_ktr:trees:K19,ncf:ceros:atr_ktr:trees:K19:27,Leea indica (Burm.fil.) Merr.,Leea indica,Vitaceae,Leea,15.05663,74.45597,100.0,2025-11-27,Phansoli_Amboli_Amboli,50 by 10m vegetation plots and a 5 by 10m regeneration plot within
K28,ncf:ceros:atr_ktr:trees:K28,ncf:ceros:atr_ktr:trees:K28:23,Dracaena terniflora Roxb.,Dracaena elliptica,Asparagaceae,Dracaena,14.93541,74.35854,100.0,2025-11-30,Kadra_Kadra_Kadra-West,50 by 10m vegetation plots and a 5 by 10m regeneration plot within
K55,ncf:ceros:atr_ktr:trees:K55,ncf:ceros:atr_ktr:trees:K55:3,Alseodaphne semecarpifolia Nees,Alseodaphne semecarpifolia,Lauraceae,Alseodaphne,15.07023,74.53669,100.0,2025-12-07,Gund_Gund_Gund,50 by 10m vegetation plots and a 5 by 10m regeneration plot within
K30,ncf:ceros:atr_ktr:trees:K30,ncf:ceros:atr_ktr:trees:K30:8,Cinnamomum Schaeff.,,Lauraceae,Cinnamomum,15.47372,74.33301,100.0,2025-12-01,Castlerock_Anmod_Meda,50 by 10m vegetation plots and a 5 by 10m regeneration plot within
K4,ncf:ceros:atr_ktr:trees:K4,ncf:ceros:atr_ktr:trees:K4:31,Litsea nigrescens Gamble,Litsea oleoides,Lauraceae,Litsea,15.02334,74.4273,100.0,2025-11-23,Anshi_Sawanth Matkarni_Sawanth Matkarni,50 by 10m vegetation plots and a 5 by 10m regeneration plot within
K16,ncf:ceros:atr_ktr:trees:K16,ncf:ceros:atr_ktr:trees:K16:2,Aglaia elaeagnoidea (A.Juss.) Benth.,Aglaia elaeagnoidea,Meliaceae,Aglaia,15.12424,74.32561,100.0,2025-11-27,Kumbharwada_Kundal_Keloli,50 by 10m vegetation plots and a 5 by 10m regeneration plot within
K25,ncf:ceros:atr_ktr:trees:K25,ncf:ceros:atr_ktr:trees:K25:8,Caryota urens L.,Caryota urens,Arecaceae,Caryota,14.95361,74.31835,100.0,2025-11-29,Kadra_Bargadde_Bargadde,50 by 10m vegetation plots and a 5 by 10m regeneration plot within
K31,ncf:ceros:atr_ktr:trees:K31,ncf:ceros:atr_ktr:trees:K31:17,Clausena anisata (Willd.) Hook.fil.,Clausena anisata,Rutaceae,Clausena,15.32309,74.38428,100.0,2025-12-02,Castlerock_NA_Viral,50 by 10m vegetation plots and a 5 by 10m regeneration plot within
K1,ncf:ceros:atr_ktr:trees:K1,ncf:ceros:atr_ktr:trees:K1:17,Diospyros ferrea (Willd.) Bakh.,Diospyros ferrea,Ebenaceae,Diospyros,14.95109,74.37002,100.0,2025-11-22,Anshi_Anshi_Badpoli,50 by 10m vegetation plots and a 5 by 10m regeneration plot within
K5,ncf:ceros:atr_ktr:trees:K5,ncf:ceros:atr_ktr:trees:K5:7,Bridelia retusa (L.) A.Juss.,Bridelia retusa,Phyllanthaceae,Bridelia,14.98514,74.37265,100.0,2025-11-23,Anshi_Anshi_Anshi,50 by 10m vegetation plots and a 5 by 10m regeneration plot within
K40,ncf:ceros:atr_ktr:trees:K40,ncf:ceros:atr_ktr:trees:K40:9,Diospyros montana Roxb.,Diospyros montana,Ebenaceae,Diospyros,15.13301,74.62137,100.0,2025-12-04,Kulgi_Kulgi_Amgaon,50 by 10m vegetation plots and a 5 by 10m regeneration plot within
K37,ncf:ceros:atr_ktr:trees:K37,ncf:ceros:atr_ktr:trees:K37:13,Getonia floribunda Roxb.,Getonia floribunda,Combretaceae,Getonia,15.15166,74.64497,100.0,2025-12-04,Kulgi_Kegdal_Gutti,50 by 10m vegetation plots and a 5 by 10m regeneration plot within
K10,ncf:ceros:atr_ktr:trees:K10,ncf:ceros:atr_ktr:trees:K10:16,Flacourtia montana J.Graham,Flacourtia montana,Salicaceae,Flacourtia,15.01108,74.35722,100.0,2025-11-24,Anshi_Badpoli_Badpoli,50 by 10m vegetation plots and a 5 by 10m regeneration plot within
K10,ncf:ceros:atr_ktr:trees:K10,ncf:ceros:atr_ktr:trees:K10:45,Syzygium hemisphericum (Walp.) Alston,Syzygium hemisphericum,Myrtaceae,Syzygium,15.01108,74.35722,100.0,2025-11-24,Anshi_Badpoli_Badpoli,50 by 10m vegetation plots and a 5 by 10m regeneration plot within
K22,ncf:ceros:atr_ktr:trees:K22,ncf:ceros:atr_ktr:trees:K22:28,Xylia xylocarpa (Roxb.) W.Theob.,Xylia xylocarpa,Fabaceae,Xylia,14.87999,74.41013,100.0,2025-11-28,Kadra_Kadra_Balemane,50 by 10m vegetation plots and a 5 by 10m regeneration plot within
K35,ncf:ceros:atr_ktr:trees:K35,ncf:ceros:atr_ktr:trees:K35:38,Machilus glaucescens (Nees) Wight,Machilus glaucescens,Lauraceae,Machilus,15.47685,74.30104,100.0,2025-12-03,Castlerock_Karambal_Vatla,50 by 10m vegetation plots and a 5 by 10m regeneration plot within
K2,ncf:ceros:atr_ktr:trees:K2,ncf:ceros:atr_ktr:trees:K2:35,Myristica beddomei King,Myristica beddomei,Myristicaceae,Myristica,14.9607,74.37222,100.0,2025-11-22,Anshi_Badpoli_Digali,50 by 10m vegetation plots and a 5 by 10m regeneration plot within
K5,ncf:ceros:atr_ktr:trees:K5,ncf:ceros:atr_ktr:trees:K5:43,Rourea minor (Gaertn.) Alston,Rourea minor,Connaraceae,Rourea,14.98514,74.37265,100.0,2025-11-23,Anshi_Anshi_Anshi,50 by 10m vegetation plots and a 5 by 10m regeneration plot within
K15,ncf:ceros:atr_ktr:trees:K15,ncf:ceros:atr_ktr:trees:K15:30,Hydnocarpus pentandrus (Buch.-Ham.) Oken,Hydnocarpus pentandrus,Achariaceae,Hydnocarpus,15.23219,74.34004,100.0,2025-11-26,Kumbharwada_Sulaveli_Sulaveli,50 by 10m vegetation plots and a 5 by 10m regeneration plot within
K34,ncf:ceros:atr_ktr:trees:K34,ncf:ceros:atr_ktr:trees:K34:65,Sterculia guttata Roxb.,Sterculia guttata,Malvaceae,Sterculia,15.42029,74.32832,100.0,2025-12-02,Castlerock_Anmod_Anmod-East,50 by 10m vegetation plots and a 5 by 10m regeneration plot within
K34,ncf:ceros:atr_ktr:trees:K34,ncf:ceros:atr_ktr:trees:K34:42,Lagerstroemia microcarpa Wight,Lagerstroemia microcarpa,Lythraceae,Lagerstroemia,15.42029,74.32832,100.0,2025-12-02,Castlerock_Anmod_Anmod-East,50 by 10m vegetation plots and a 5 by 10m regeneration plot within
K14,ncf:ceros:atr_ktr:trees:K14,ncf:ceros:atr_ktr:trees:K14:4,Beilschmiedia dalzellii (Meisn.) Kosterm.,Beilschmiedia dalzellii,Lauraceae,Beilschmiedia,15.21519,74.37618,100.0,2025-11-26,Kumbharwada_Sulaveli_Sulaveli,50 by 10m vegetation plots and a 5 by 10m regeneration plot within
K25,ncf:ceros:atr_ktr:trees:K25,ncf:ceros:atr_ktr:trees:K25:13,Eranthemum L.,,Acanthaceae,Eranthemum,14.95361,74.31835,100.0,2025-11-29,Kadra_Bargadde_Bargadde,50 by 10m vegetation plots and a 5 by 10m regeneration plot within
K1,ncf:ceros:atr_ktr:trees:K1,ncf:ceros:atr_ktr:trees:K1:1,Actinodaphne angustifolia (Blume) Nees,Actinodaphne angustifolia,Lauraceae,Actinodaphne,14.95109,74.37002,100.0,2025-11-22,Anshi_Anshi_Badpoli,50 by 10m vegetation plots and a 5 by 10m regeneration plot within
K34,ncf:ceros:atr_ktr:trees:K34,ncf:ceros:atr_ktr:trees:K34:13,Casearia graveolens Dalzell,Casearia graveolens,Salicaceae,Casearia,15.42029,74.32832,100.0,2025-12-02,Castlerock_Anmod_Anmod-East,50 by 10m vegetation plots and a 5 by 10m regeneration plot within
K8,ncf:ceros:atr_ktr:trees:K8,ncf:ceros:atr_ktr:trees:K8:1,Actinodaphne angustifolia (Blume) Nees,Actinodaphne angustifolia,Lauraceae,Actinodaphne,15.04524,74.33066,100.0,2025-11-24,Anshi_Nujji_Nujji,50 by 10m vegetation plots and a 5 by 10m regeneration plot within
K24,ncf:ceros:atr_ktr:trees:K24,ncf:ceros:atr_ktr:trees:K24:24,Hopea ponga (Dennst.) Mabb.,Hopea ponga,Dipterocarpaceae,Hopea,14.97144,74.31979,100.0,2025-11-29,Kadra_Bargadde_Sanake,50 by 10m vegetation plots and a 5 by 10m regeneration plot within
K35,ncf:ceros:atr_ktr:trees:K35,ncf:ceros:atr_ktr:trees:K35:31,Lagerstroemia microcarpa Wight,Lagerstroemia microcarpa,Lythraceae,Lagerstroemia,15.47685,74.30104,100.0,2025-12-03,Castlerock_Karambal_Vatla,50 by 10m vegetation plots and a 5 by 10m regeneration plot within
K36,ncf:ceros:atr_ktr:trees:K36,ncf:ceros:atr_ktr:trees:K36:52,Piper nigrum L.,Piper nigrum,Piperaceae,Piper,15.48777,74.28354,100.0,2025-12-03,Castlerock_Karambal_Vatla,50 by 10m vegetation plots and a 5 by 10m regeneration plot within
K55,ncf:ceros:atr_ktr:trees:K55,ncf:ceros:atr_ktr:trees:K55:11,Clausena anisata (Willd.) Hook.fil.,Clausena anisata,Rutaceae,Clausena,15.07023,74.53669,100.0,2025-12-07,Gund_Gund_Gund,50 by 10m vegetation plots and a 5 by 10m regeneration plot within
K39,ncf:ceros:atr_ktr:trees:K39,ncf:ceros:atr_ktr:trees:K39:27,Phyllanthus emblica L.,Emblica officinalis,Phyllanthaceae,Emblica,15.15024,74.62002,100.0,2025-12-04,Kulgi_Kulgi_Kulgi-South,50 by 10m vegetation plots and a 5 by 10m regeneration plot within
K21,ncf:ceros:atr_ktr:trees:K21,ncf:ceros:atr_ktr:trees:K21:3,Careya arborea Roxb.,Careya arborea,Lecythidaceae,Careya,14.88869,74.43009,100.0,2025-11-28,Kadra_Kadra_Balemane,50 by 10m vegetation plots and a 5 by 10m regeneration plot within
K3,ncf:ceros:atr_ktr:trees:K3,ncf:ceros:atr_ktr:trees:K3:46,Mimusops elengi L.,Mimusops elengi,Sapotaceae,Mimusops,15.02369,74.45427,100.0,2025-11-23,Anshi_Sawanth Matkarni_Sawanth Matkarni,50 by 10m vegetation plots and a 5 by 10m regeneration plot within
K9,ncf:ceros:atr_ktr:trees:K9,ncf:ceros:atr_ktr:trees:K9:2,Aphanamixis polystachya (Wall.) R.Parker,Aphanamixis polystachya,Meliaceae,Aphanamixis,15.04249,74.35,100.0,2025-11-24,Anshi_Badpoli_Lande,50 by 10m vegetation plots and a 5 by 10m regeneration plot within
K11,ncf:ceros:atr_ktr:trees:K11,ncf:ceros:atr_ktr:trees:K11:5,Beilschmiedia dalzellii (Meisn.) Kosterm.,Beilschmiedia dalzellii,Lauraceae,Beilschmiedia,15.24596,74.28135,100.0,2025-11-25,Kumbharwada_Diggi_Diggi,50 by 10m vegetation plots and a 5 by 10m regeneration plot within
K34,ncf:ceros:atr_ktr:trees:K34,ncf:ceros:atr_ktr:trees:K34:47,Mangifera indica L.,Mangifera indica,Anacardiaceae,Mangifera,15.42029,74.32832,100.0,2025-12-02,Castlerock_Anmod_Anmod-East,50 by 10m vegetation plots and a 5 by 10m regeneration plot within
K22,ncf:ceros:atr_ktr:trees:K22,ncf:ceros:atr_ktr:trees:K22:9,Dillenia pentagyna Roxb.,Dillenia pentagyna,Dilleniaceae,Dillenia,14.87999,74.41013,100.0,2025-11-28,Kadra_Kadra_Balemane,50 by 10m vegetation plots and a 5 by 10m regeneration plot within
K27,ncf:ceros:atr_ktr:trees:K27,ncf:ceros:atr_ktr:trees:K27:26,Grewia umbellata Roxb.,Grewia laevigata,Malvaceae,Grewia,14.92656,74.35452,100.0,2025-11-29,Kadra_Kadra_Kadra-West,50 by 10m vegetation plots and a 5 by 10m regeneration plot within
K53,ncf:ceros:atr_ktr:trees:K53,ncf:ceros:atr_ktr:trees:K53:36,Sterculia guttata Roxb.,Sterculia guttata,Malvaceae,Sterculia,15.05536,74.53871,100.0,2025-12-07,Gund_Tammanagi_Shavale,50 by 10m vegetation plots and a 5 by 10m regeneration plot within
K17,ncf:ceros:atr_ktr:trees:K17,ncf:ceros:atr_ktr:trees:K17:38,Memecylon umbellatum Burm.fil.,Memecylon umbellatum,Melastomataceae,Memecylon,15.11042,74.36691,100.0,2025-11-27,Kumbharwada_Kumbharwada_Kumbharwada,50 by 10m vegetation plots and a 5 by 10m regeneration plot within
K36,ncf:ceros:atr_ktr:trees:K36,ncf:ceros:atr_ktr:trees:K36:12,Careya arborea Roxb.,Careya arborea,Lecythidaceae,Careya,15.48777,74.28354,100.0,2025-12-03,Castlerock_Karambal_Vatla,50 by 10m vegetation plots and a 5 by 10m regeneration plot within
K28,ncf:ceros:atr_ktr:trees:K28,ncf:ceros:atr_ktr:trees:K28:24,Erycibe paniculata Roxb.,Erycibe paniculata,Convolvulaceae,Erycibe,14.93541,74.35854,100.0,2025-11-30,Kadra_Kadra_Kadra-West,50 by 10m vegetation plots and a 5 by 10m regeneration plot within
K33,ncf:ceros:atr_ktr:trees:K33,ncf:ceros:atr_ktr:trees:K33:4,Bridelia stipularis (L.) Blume,Bridelia stipularis,Phyllanthaceae,Bridelia,15.38466,74.34508,100.0,2025-12-02,Castlerock_Castlerock_Kalambuli,50 by 10m vegetation plots and a 5 by 10m regeneration plot within
K48,ncf:ceros:atr_ktr:trees:K48,ncf:ceros:atr_ktr:trees:K48:9,Casearia graveolens Dalzell,Casearia graveolens,Salicaceae,Casearia,15.14195,74.46927,100.0,2025-12-06,Phansoli_Amboli_Kumbeli,50 by 10m vegetation plots and a 5 by 10m regeneration plot within
K28,ncf:ceros:atr_ktr:trees:K28,ncf:ceros:atr_ktr:trees:K28:33,Ixora brachiata Roxb.,Ixora brachiata,Rubiaceae,Ixora,14.93541,74.35854,100.0,2025-11-30,Kadra_Kadra_Kadra-West,50 by 10m vegetation plots and a 5 by 10m regeneration plot within
K5,ncf:ceros:atr_ktr:trees:K5,ncf:ceros:atr_ktr:trees:K5:42,Psydrax dicoccos Gaertn.,Psydrax dicoccos,Rubiaceae,Psydrax,14.98514,74.37265,100.0,2025-11-23,Anshi_Anshi_Anshi,50 by 10m vegetation plots and a 5 by 10m regeneration plot within
K34,ncf:ceros:atr_ktr:trees:K34,ncf:ceros:atr_ktr:trees:K34:14,Casearia Jacq.,,Salicaceae,Casearia,15.42029,74.32832,100.0,2025-12-02,Castlerock_Anmod_Anmod-East,50 by 10m vegetation plots and a 5 by 10m regeneration plot within
K53,ncf:ceros:atr_ktr:trees:K53,ncf:ceros:atr_ktr:trees:K53:39,Tabernaemontana alternifolia L.,Tabernaemontana alternifolia,Apocynaceae,Tabernaemontana,15.05536,74.53871,100.0,2025-12-07,Gund_Tammanagi_Shavale,50 by 10m vegetation plots and a 5 by 10m regeneration plot within
K39,ncf:ceros:atr_ktr:trees:K39,ncf:ceros:atr_ktr:trees:K39:14,Flacourtia indica (Burm.fil.) Merr.,Flacourtia indica,Salicaceae,Flacourtia,15.15024,74.62002,100.0,2025-12-04,Kulgi_Kulgi_Kulgi-South,50 by 10m vegetation plots and a 5 by 10m regeneration plot within
K50,ncf:ceros:atr_ktr:trees:K50,ncf:ceros:atr_ktr:trees:K50:10,Capparis rheedei DC.,Capparis rheedei,Capparaceae,Capparis,15.02905,74.50175,100.0,2025-12-06,Gund_Ulavi_Ulavi,50 by 10m vegetation plots and a 5 by 10m regeneration plot within
K19,ncf:ceros:atr_ktr:trees:K19,ncf:ceros:atr_ktr:trees:K19:43,Sterculia guttata Roxb.,Sterculia guttata,Malvaceae,Sterculia,15.05663,74.45597,100.0,2025-11-27,Phansoli_Amboli_Amboli,50 by 10m vegetation plots and a 5 by 10m regeneration plot within
K29,ncf:ceros:atr_ktr:trees:K29,ncf:ceros:atr_ktr:trees:K29:5,Carallia brachiata (Lour.) Merr.,Carallia brachiata,Rhizophoraceae,Carallia,15.4885,74.34842,100.0,2025-12-01,Castlerock_Anmod_Rangarook,50 by 10m vegetation plots and a 5 by 10m regeneration plot within
K7,ncf:ceros:atr_ktr:trees:K7,ncf:ceros:atr_ktr:trees:K7:34,Hopea ponga (Dennst.) Mabb.,Hopea ponga,Dipterocarpaceae,Hopea,15.09989,74.38199,100.0,2025-11-24,Anshi_Nujji_Jhalavali,50 by 10m vegetation plots and a 5 by 10m regeneration plot within
K51,ncf:ceros:atr_ktr:trees:K51,ncf:ceros:atr_ktr:trees:K51:37,Nothopegia castaneifolia (Roth) Ding Hou,Nothopegia castaneifolia,Anacardiaceae,Nothopegia,15.03951,74.51396,100.0,2025-12-07,Gund_Marda_Marda,50 by 10m vegetation plots and a 5 by 10m regeneration plot within
K37,ncf:ceros:atr_ktr:trees:K37,ncf:ceros:atr_ktr:trees:K37:12,Diospyros montana Roxb.,Diospyros montana,Ebenaceae,Diospyros,15.15166,74.64497,100.0,2025-12-04,Kulgi_Kegdal_Gutti,50 by 10m vegetation plots and a 5 by 10m regeneration plot within
K41,ncf:ceros:atr_ktr:trees:K41,ncf:ceros:atr_ktr:trees:K41:19,Xylia xylocarpa (Roxb.) W.Theob.,Xylia xylocarpa,Fabaceae,Xylia,15.14435,74.67638,100.0,2025-12-05,Kulgi_Kegdal_Gutti,50 by 10m vegetation plots and a 5 by 10m regeneration plot within
K4,ncf:ceros:atr_ktr:trees:K4,ncf:ceros:atr_ktr:trees:K4:29,Leea indica (Burm.fil.) Merr.,Leea indica,Vitaceae,Leea,15.02334,74.4273,100.0,2025-11-23,Anshi_Sawanth Matkarni_Sawanth Matkarni,50 by 10m vegetation plots and a 5 by 10m regeneration plot within
K2,ncf:ceros:atr_ktr:trees:K2,ncf:ceros:atr_ktr:trees:K2:38,Piper nigrum L.,Piper nigrum,Piperaceae,Piper,14.9607,74.37222,100.0,2025-11-22,Anshi_Badpoli_Digali,50 by 10m vegetation plots and a 5 by 10m regeneration plot within
K33,ncf:ceros:atr_ktr:trees:K33,ncf:ceros:atr_ktr:trees:K33:44,Paramignya monophylla Wight,Paramignya monophylla,Rutaceae,Paramignya,15.38466,74.34508,100.0,2025-12-02,Castlerock_Castlerock_Kalambuli,50 by 10m vegetation plots and a 5 by 10m regeneration plot within
K33,ncf:ceros:atr_ktr:trees:K33,ncf:ceros:atr_ktr:trees:K33:55,Xantolis tomentosa (Roxb.) Raf.,Xantolis tomentosa,Sapotaceae,Xantolis,15.38466,74.34508,100.0,2025-12-02,Castlerock_Castlerock_Kalambuli,50 by 10m vegetation plots and a 5 by 10m regeneration plot within
K5,ncf:ceros:atr_ktr:trees:K5,ncf:ceros:atr_ktr:trees:K5:8,Bridelia stipularis (L.) Blume,Bridelia stipularis,Phyllanthaceae,Bridelia,14.98514,74.37265,100.0,2025-11-23,Anshi_Anshi_Anshi,50 by 10m vegetation plots and a 5 by 10m regeneration plot within
K47,ncf:ceros:atr_ktr:trees:K47,ncf:ceros:atr_ktr:trees:K47:7,Bombax ceiba L.,Bombax ceiba,Malvaceae,Bombax,15.12541,74.48069,100.0,2025-12-06,Phansoli_Amboli_Kumbeli,50 by 10m vegetation plots and a 5 by 10m regeneration plot within
K35,ncf:ceros:atr_ktr:trees:K35,ncf:ceros:atr_ktr:trees:K35:37,Luvunga sarmentosa (Blume) Kurz,Luvunga sarmentosa,Rutaceae,Luvunga,15.47685,74.30104,100.0,2025-12-03,Castlerock_Karambal_Vatla,50 by 10m vegetation plots and a 5 by 10m regeneration plot within
K10,ncf:ceros:atr_ktr:trees:K10,ncf:ceros:atr_ktr:trees:K10:20,Gymnosporia rothiana (Walp.) M.A.Lawson,Gymnosporia rothiana,Celastraceae,Gymnosporia,15.01108,74.35722,100.0,2025-11-24,Anshi_Badpoli_Badpoli,50 by 10m vegetation plots and a 5 by 10m regeneration plot within
K5,ncf:ceros:atr_ktr:trees:K5,ncf:ceros:atr_ktr:trees:K5:30,Macaranga peltata (Roxb.) Müll.Arg.,Macaranga peltata,Euphorbiaceae,Macaranga,14.98514,74.37265,100.0,2025-11-23,Anshi_Anshi_Anshi,50 by 10m vegetation plots and a 5 by 10m regeneration plot within
K4,ncf:ceros:atr_ktr:trees:K4,ncf:ceros:atr_ktr:trees:K4:12,Cinnamomum malabatrum (Burm.fil.) J.Presl,Cinnamomum malabatrum,Lauraceae,Cinnamomum,15.02334,74.4273,100.0,2025-11-23,Anshi_Sawanth Matkarni_Sawanth Matkarni,50 by 10m vegetation plots and a 5 by 10m regeneration plot within
K15,ncf:ceros:atr_ktr:trees:K15,ncf:ceros:atr_ktr:trees:K15:45,Psydrax dicoccos Gaertn.,Psydrax dicoccos,Rubiaceae,Psydrax,15.23219,74.34004,100.0,2025-11-26,Kumbharwada_Sulaveli_Sulaveli,50 by 10m vegetation plots and a 5 by 10m regeneration plot within
K7,ncf:ceros:atr_ktr:trees:K7,ncf:ceros:atr_ktr:trees:K7:46,Oxyceros rugulosus (Thwaites) Tirveng.,Oxyceros rugulosus,Rubiaceae,Oxyceros,15.09989,74.38199,100.0,2025-11-24,Anshi_Nujji_Jhalavali,50 by 10m vegetation plots and a 5 by 10m regeneration plot within
K30,ncf:ceros:atr_ktr:trees:K30,ncf:ceros:atr_ktr:trees:K30:13,Elaeagnus conferta Roxb.,Elaeagnus conferta,Elaeagnaceae,Elaeagnus,15.47372,74.33301,100.0,2025-12-01,Castlerock_Anmod_Meda,50 by 10m vegetation plots and a 5 by 10m regeneration plot within
K8,ncf:ceros:atr_ktr:trees:K8,ncf:ceros:atr_ktr:trees:K8:20,Gymnosporia rothiana (Walp.) M.A.Lawson,Gymnosporia rothiana,Celastraceae,Gymnosporia,15.04524,74.33066,100.0,2025-11-24,Anshi_Nujji_Nujji,50 by 10m vegetation plots and a 5 by 10m regeneration plot within
K35,ncf:ceros:atr_ktr:trees:K35,ncf:ceros:atr_ktr:trees:K35:21,Ficus hispida L.fil.,Ficus hispida,Moraceae,Ficus,15.47685,74.30104,100.0,2025-12-03,Castlerock_Karambal_Vatla,50 by 10m vegetation plots and a 5 by 10m regeneration plot within
K34,ncf:ceros:atr_ktr:trees:K34,ncf:ceros:atr_ktr:trees:K34:17,Cinnamomum Schaeff.,,Lauraceae,Cinnamomum,15.42029,74.32832,100.0,2025-12-02,Castlerock_Anmod_Anmod-East,50 by 10m vegetation plots and a 5 by 10m regeneration plot within
K6,ncf:ceros:atr_ktr:trees:K6,ncf:ceros:atr_ktr:trees:K6:3,Aporosa cardiosperma (Gaertn.) Merr.,Aporosa cardiosperma,Phyllanthaceae,Aporosa,15.01219,74.39533,100.0,2025-11-23,Anshi_Sawanth Matkarni_Sawanth Matkarni,50 by 10m vegetation plots and a 5 by 10m regeneration plot within
K40,ncf:ceros:atr_ktr:trees:K40,ncf:ceros:atr_ktr:trees:K40:10,Flemingia Roxb. ex W.T.Aiton,,Fabaceae,Flemingia,15.13301,74.62137,100.0,2025-12-04,Kulgi_Kulgi_Amgaon,50 by 10m vegetation plots and a 5 by 10m regeneration plot within
K36,ncf:ceros:atr_ktr:trees:K36,ncf:ceros:atr_ktr:trees:K36:26,Diospyros montana Roxb.,Diospyros montana,Ebenaceae,Diospyros,15.48777,74.28354,100.0,2025-12-03,Castlerock_Karambal_Vatla,50 by 10m vegetation plots and a 5 by 10m regeneration plot within
K50,ncf:ceros:atr_ktr:trees:K50,ncf:ceros:atr_ktr:trees:K50:39,Sterculia guttata Roxb.,Sterculia guttata,Malvaceae,Sterculia,15.02905,74.50175,100.0,2025-12-06,Gund_Ulavi_Ulavi,50 by 10m vegetation plots and a 5 by 10m regeneration plot within
K34,ncf:ceros:atr_ktr:trees:K34,ncf:ceros:atr_ktr:trees:K34:54,Tetrapilus dioicus (Roxb.) L.A.S.Johnson,Tetrapilus dioicus,Oleaceae,Tetrapilus,15.42029,74.32832,100.0,2025-12-02,Castlerock_Anmod_Anmod-East,50 by 10m vegetation plots and a 5 by 10m regeneration plot within
K37,ncf:ceros:atr_ktr:trees:K37,ncf:ceros:atr_ktr:trees:K37:23,Tabernaemontana alternifolia L.,Tabernaemontana alternifolia,Apocynaceae,Tabernaemontana,15.15166,74.64497,100.0,2025-12-04,Kulgi_Kegdal_Gutti,50 by 10m vegetation plots and a 5 by 10m regeneration plot within
K33,ncf:ceros:atr_ktr:trees:K33,ncf:ceros:atr_ktr:trees:K33:42,Ochna obtusata DC.,Ochna obtusata,Ochnaceae,Ochna,15.38466,74.34508,100.0,2025-12-02,Castlerock_Castlerock_Kalambuli,50 by 10m vegetation plots and a 5 by 10m regeneration plot within
K30,ncf:ceros:atr_ktr:trees:K30,ncf:ceros:atr_ktr:trees:K30:1,Allophylus cobbe (L.) Forsyth fil.,Allophylus cobbe,Sapindaceae,Allophylus,15.47372,74.33301,100.0,2025-12-01,Castlerock_Anmod_Meda,50 by 10m vegetation plots and a 5 by 10m regeneration plot within
K1,ncf:ceros:atr_ktr:trees:K1,ncf:ceros:atr_ktr:trees:K1:4,Aporosa cardiosperma (Gaertn.) Merr.,Aporosa cardiosperma,Phyllanthaceae,Aporosa,14.95109,74.37002,100.0,2025-11-22,Anshi_Anshi_Badpoli,50 by 10m vegetation plots and a 5 by 10m regeneration plot within
K19,ncf:ceros:atr_ktr:trees:K19,ncf:ceros:atr_ktr:trees:K19:21,Glycosmis pentaphylla (Retz.) Corrêa,Glycosmis pentaphylla,Rutaceae,Glycosmis,15.05663,74.45597,100.0,2025-11-27,Phansoli_Amboli_Amboli,50 by 10m vegetation plots and a 5 by 10m regeneration plot within
K9,ncf:ceros:atr_ktr:trees:K9,ncf:ceros:atr_ktr:trees:K9:25,Litsea ghatica C.J.Saldanha,Litsea ghatica,Lauraceae,Litsea,15.04249,74.35,100.0,2025-11-24,Anshi_Badpoli_Lande,50 by 10m vegetation plots and a 5 by 10m regeneration plot within
K34,ncf:ceros:atr_ktr:trees:K34,ncf:ceros:atr_ktr:trees:K34:67,Tabernaemontana alternifolia L.,Tabernaemontana alternifolia,Apocynaceae,Tabernaemontana,15.42029,74.32832,100.0,2025-12-02,Castlerock_Anmod_Anmod-East,50 by 10m vegetation plots and a 5 by 10m regeneration plot within
K38,ncf:ceros:atr_ktr:trees:K38,ncf:ceros:atr_ktr:trees:K38:31,Sapindus trifoliatus L.,Sapindus trifoliatus,Sapindaceae,Sapindus,15.16349,74.62148,100.0,2025-12-04,Kulgi_Kulgi_Kulgi-South,50 by 10m vegetation plots and a 5 by 10m regeneration plot within
K12,ncf:ceros:atr_ktr:trees:K12,ncf:ceros:atr_ktr:trees:K12:6,Calophyllum apetalum Willd.,Calophyllum apetalum,Calophyllaceae,Calophyllum,15.21126,74.348,100.0,2025-11-25,Kumbharwada_Terali_Patagudi,50 by 10m vegetation plots and a 5 by 10m regeneration plot within
K25,ncf:ceros:atr_ktr:trees:K25,ncf:ceros:atr_ktr:trees:K25:27,Microcos paniculata L.,Microcos paniculata,Malvaceae,Microcos,14.95361,74.31835,100.0,2025-11-29,Kadra_Bargadde_Bargadde,50 by 10m vegetation plots and a 5 by 10m regeneration plot within
K56,ncf:ceros:atr_ktr:trees:K56,ncf:ceros:atr_ktr:trees:K56:11,Glycosmis pentaphylla (Retz.) Corrêa,Glycosmis pentaphylla,Rutaceae,Glycosmis,15.09191,74.51578,100.0,2025-12-07,Phansoli_Avurli_Avurli,50 by 10m vegetation plots and a 5 by 10m regeneration plot within
K39,ncf:ceros:atr_ktr:trees:K39,ncf:ceros:atr_ktr:trees:K39:13,Embelia tsjeriam-cottam (Roem. & Schult.) A.DC.,Embelia tsjeriam-cottam,Primulaceae,Embelia,15.15024,74.62002,100.0,2025-12-04,Kulgi_Kulgi_Kulgi-South,50 by 10m vegetation plots and a 5 by 10m regeneration plot within
K47,ncf:ceros:atr_ktr:trees:K47,ncf:ceros:atr_ktr:trees:K47:6,Artocarpus gomezianus Wall. ex Trécul,Artocarpus gomezianus,Moraceae,Artocarpus,15.12541,74.48069,100.0,2025-12-06,Phansoli_Amboli_Kumbeli,50 by 10m vegetation plots and a 5 by 10m regeneration plot within
K13,ncf:ceros:atr_ktr:trees:K13,ncf:ceros:atr_ktr:trees:K13:42,Terminalia chebula Retz.,Terminalia chebula,Combretaceae,Terminalia,15.22005,74.39724,100.0,2025-11-26,Kumbharwada_Sulaveli_Vagheli,50 by 10m vegetation plots and a 5 by 10m regeneration plot within
K7,ncf:ceros:atr_ktr:trees:K7,ncf:ceros:atr_ktr:trees:K7:8,Beilschmiedia dalzellii (Meisn.) Kosterm.,Beilschmiedia dalzellii,Lauraceae,Beilschmiedia,15.09989,74.38199,100.0,2025-11-24,Anshi_Nujji_Jhalavali,50 by 10m vegetation plots and a 5 by 10m regeneration plot within
K7,ncf:ceros:atr_ktr:trees:K7,ncf:ceros:atr_ktr:trees:K7:28,Flacourtia montana J.Graham,Flacourtia montana,Salicaceae,Flacourtia,15.09989,74.38199,100.0,2025-11-24,Anshi_Nujji_Jhalavali,50 by 10m vegetation plots and a 5 by 10m regeneration plot within
K34,ncf:ceros:atr_ktr:trees:K34,ncf:ceros:atr_ktr:trees:K34:12,Caryota urens L.,Caryota urens,Arecaceae,Caryota,15.42029,74.32832,100.0,2025-12-02,Castlerock_Anmod_Anmod-East,50 by 10m vegetation plots and a 5 by 10m regeneration plot within
K54,ncf:ceros:atr_ktr:trees:K54,ncf:ceros:atr_ktr:trees:K54:14,Microcos paniculata L.,Microcos paniculata,Malvaceae,Microcos,15.06675,74.57376,100.0,2025-12-07,Gund_Tammanagi_Shavale,50 by 10m vegetation plots and a 5 by 10m regeneration plot within
K42,ncf:ceros:atr_ktr:trees:K42,ncf:ceros:atr_ktr:trees:K42:3,Careya arborea Roxb.,Careya arborea,Lecythidaceae,Careya,15.1487,74.69531,100.0,2025-12-05,Kulgi_Kegdal_Kalabhavi,50 by 10m vegetation plots and a 5 by 10m regeneration plot within
K20,ncf:ceros:atr_ktr:trees:K20,ncf:ceros:atr_ktr:trees:K20:6,Careya arborea Roxb.,Careya arborea,Lecythidaceae,Careya,14.8929,74.46011,100.0,2025-11-28,Kadra_Kadra_Balemane,50 by 10m vegetation plots and a 5 by 10m regeneration plot within
K17,ncf:ceros:atr_ktr:trees:K17,ncf:ceros:atr_ktr:trees:K17:3,Aporosa cardiosperma (Gaertn.) Merr.,Aporosa cardiosperma,Phyllanthaceae,Aporosa,15.11042,74.36691,100.0,2025-11-27,Kumbharwada_Kumbharwada_Kumbharwada,50 by 10m vegetation plots and a 5 by 10m regeneration plot within
K10,ncf:ceros:atr_ktr:trees:K10,ncf:ceros:atr_ktr:trees:K10:48,Uvaria hookeri King,Uvaria hookeri,Annonaceae,Uvaria,15.01108,74.35722,100.0,2025-11-24,Anshi_Badpoli_Badpoli,50 by 10m vegetation plots and a 5 by 10m regeneration plot within
K13,ncf:ceros:atr_ktr:trees:K13,ncf:ceros:atr_ktr:trees:K13:10,Diospyros candolleana Wight,Diospyros candolleana,Ebenaceae,Diospyros,15.22005,74.39724,100.0,2025-11-26,Kumbharwada_Sulaveli_Vagheli,50 by 10m vegetation plots and a 5 by 10m regeneration plot within
K16,ncf:ceros:atr_ktr:trees:K16,ncf:ceros:atr_ktr:trees:K16:3,Aphanamixis polystachya (Wall.) R.Parker,Aphanamixis polystachya,Meliaceae,Aphanamixis,15.12424,74.32561,100.0,2025-11-27,Kumbharwada_Kundal_Keloli,50 by 10m vegetation plots and a 5 by 10m regeneration plot within
K1,ncf:ceros:atr_ktr:trees:K1,ncf:ceros:atr_ktr:trees:K1:40,Nothapodytes nimmoniana (J.Graham) Mabb.,Nothapodytes nimmoniana,Icacinaceae,Nothapodytes,14.95109,74.37002,100.0,2025-11-22,Anshi_Anshi_Badpoli,50 by 10m vegetation plots and a 5 by 10m regeneration plot within
K37,ncf:ceros:atr_ktr:trees:K37,ncf:ceros:atr_ktr:trees:K37:22,Strychnos nux-vomica L.,Strychnos nux-vomica,Loganiaceae,Strychnos,15.15166,74.64497,100.0,2025-12-04,Kulgi_Kegdal_Gutti,50 by 10m vegetation plots and a 5 by 10m regeneration plot within
K16,ncf:ceros:atr_ktr:trees:K16,ncf:ceros:atr_ktr:trees:K16:34,Nothapodytes nimmoniana (J.Graham) Mabb.,Nothapodytes nimmoniana,Icacinaceae,Nothapodytes,15.12424,74.32561,100.0,2025-11-27,Kumbharwada_Kundal_Keloli,50 by 10m vegetation plots and a 5 by 10m regeneration plot within
K54,ncf:ceros:atr_ktr:trees:K54,ncf:ceros:atr_ktr:trees:K54:23,Tectona grandis L.f.,Tectona grandis,Lamiaceae,Tectona,15.06675,74.57376,100.0,2025-12-07,Gund_Tammanagi_Shavale,50 by 10m vegetation plots and a 5 by 10m regeneration plot within
K28,ncf:ceros:atr_ktr:trees:K28,ncf:ceros:atr_ktr:trees:K28:25,Eugenia macrosepala Duthie,Eugenia macrosepala,Myrtaceae,Eugenia,14.93541,74.35854,100.0,2025-11-30,Kadra_Kadra_Kadra-West,50 by 10m vegetation plots and a 5 by 10m regeneration plot within
K34,ncf:ceros:atr_ktr:trees:K34,ncf:ceros:atr_ktr:trees:K34:27,Dysoxylum gotadhora (Buch.-Ham.) Mabb.,Dysoxylum gotadhora,Meliaceae,Dysoxylum,15.42029,74.32832,100.0,2025-12-02,Castlerock_Anmod_Anmod-East,50 by 10m vegetation plots and a 5 by 10m regeneration plot within
K16,ncf:ceros:atr_ktr:trees:K16,ncf:ceros:atr_ktr:trees:K16:25,Holigarna grahamii (Wight) Kurz,Holigarna grahamii,Anacardiaceae,Holigarna,15.12424,74.32561,100.0,2025-11-27,Kumbharwada_Kundal_Keloli,50 by 10m vegetation plots and a 5 by 10m regeneration plot within
K30,ncf:ceros:atr_ktr:trees:K30,ncf:ceros:atr_ktr:trees:K30:24,Litsea ghatica C.J.Saldanha,Litsea ghatica,Lauraceae,Litsea,15.47372,74.33301,100.0,2025-12-01,Castlerock_Anmod_Meda,50 by 10m vegetation plots and a 5 by 10m regeneration plot within
K28,ncf:ceros:atr_ktr:trees:K28,ncf:ceros:atr_ktr:trees:K28:60,Tetrastigma leucostaphylum (Dennst.) Alston,Tetrastigma leucostaphylum,Vitaceae,Tetrastigma,14.93541,74.35854,100.0,2025-11-30,Kadra_Kadra_Kadra-West,50 by 10m vegetation plots and a 5 by 10m regeneration plot within
K36,ncf:ceros:atr_ktr:trees:K36,ncf:ceros:atr_ktr:trees:K36:13,Carissa inermis Vahl,Carissa inermis,Apocynaceae,Carissa,15.48777,74.28354,100.0,2025-12-03,Castlerock_Karambal_Vatla,50 by 10m vegetation plots and a 5 by 10m regeneration plot within
K24,ncf:ceros:atr_ktr:trees:K24,ncf:ceros:atr_ktr:trees:K24:36,Pavetta L.,,Rubiaceae,Pavetta,14.97144,74.31979,100.0,2025-11-29,Kadra_Bargadde_Sanake,50 by 10m vegetation plots and a 5 by 10m regeneration plot within
K12,ncf:ceros:atr_ktr:trees:K12,ncf:ceros:atr_ktr:trees:K12:7,Carissa inermis Vahl,Carissa inermis,Apocynaceae,Carissa,15.21126,74.348,100.0,2025-11-25,Kumbharwada_Terali_Patagudi,50 by 10m vegetation plots and a 5 by 10m regeneration plot within
K19,ncf:ceros:atr_ktr:trees:K19,ncf:ceros:atr_ktr:trees:K19:40,Sapindus trifoliatus L.,Sapindus trifoliatus,Sapindaceae,Sapindus,15.05663,74.45597,100.0,2025-11-27,Phansoli_Amboli_Amboli,50 by 10m vegetation plots and a 5 by 10m regeneration plot within
K16,ncf:ceros:atr_ktr:trees:K16,ncf:ceros:atr_ktr:trees:K16:9,Calophyllum apetalum Willd.,Calophyllum apetalum,Calophyllaceae,Calophyllum,15.12424,74.32561,100.0,2025-11-27,Kumbharwada_Kundal_Keloli,50 by 10m vegetation plots and a 5 by 10m regeneration plot within
K26,ncf:ceros:atr_ktr:trees:K26,ncf:ceros:atr_ktr:trees:K26:1,Actinodaphne angustifolia (Blume) Nees,Actinodaphne angustifolia,Lauraceae,Actinodaphne,14.94972,74.29521,100.0,2025-11-29,Kadra_Bargadde_Bargadde,50 by 10m vegetation plots and a 5 by 10m regeneration plot within
K36,ncf:ceros:atr_ktr:trees:K36,ncf:ceros:atr_ktr:trees:K36:19,Clausena anisata (Willd.) Hook.fil.,Clausena anisata,Rutaceae,Clausena,15.48777,74.28354,100.0,2025-12-03,Castlerock_Karambal_Vatla,50 by 10m vegetation plots and a 5 by 10m regeneration plot within
K33,ncf:ceros:atr_ktr:trees:K33,ncf:ceros:atr_ktr:trees:K33:22,Glycosmis pentaphylla (Retz.) Corrêa,Glycosmis pentaphylla,Rutaceae,Glycosmis,15.38466,74.34508,100.0,2025-12-02,Castlerock_Castlerock_Kalambuli,50 by 10m vegetation plots and a 5 by 10m regeneration plot within
K52,ncf:ceros:atr_ktr:trees:K52,ncf:ceros:atr_ktr:trees:K52:21,Glycosmis pentaphylla (Retz.) Corrêa,Glycosmis pentaphylla,Rutaceae,Glycosmis,15.06448,74.52105,100.0,2025-12-07,Gund_Marda_Marda,50 by 10m vegetation plots and a 5 by 10m regeneration plot within
K50,ncf:ceros:atr_ktr:trees:K50,ncf:ceros:atr_ktr:trees:K50:30,Nothapodytes nimmoniana (J.Graham) Mabb.,Nothapodytes nimmoniana,Icacinaceae,Nothapodytes,15.02905,74.50175,100.0,2025-12-06,Gund_Ulavi_Ulavi,50 by 10m vegetation plots and a 5 by 10m regeneration plot within
K13,ncf:ceros:atr_ktr:trees:K13,ncf:ceros:atr_ktr:trees:K13:37,Psychotria dalzellii Hook.f.,Psychotria dalzellii,Rubiaceae,Psychotria,15.22005,74.39724,100.0,2025-11-26,Kumbharwada_Sulaveli_Vagheli,50 by 10m vegetation plots and a 5 by 10m regeneration plot within
K50,ncf:ceros:atr_ktr:trees:K50,ncf:ceros:atr_ktr:trees:K50:8,Artocarpus gomezianus Wall. ex Trécul,Artocarpus gomezianus,Moraceae,Artocarpus,15.02905,74.50175,100.0,2025-12-06,Gund_Ulavi_Ulavi,50 by 10m vegetation plots and a 5 by 10m regeneration plot within
K16,ncf:ceros:atr_ktr:trees:K16,ncf:ceros:atr_ktr:trees:K16:21,Flacourtia montana J.Graham,Flacourtia montana,Salicaceae,Flacourtia,15.12424,74.32561,100.0,2025-11-27,Kumbharwada_Kundal_Keloli,50 by 10m vegetation plots and a 5 by 10m regeneration plot within
K4,ncf:ceros:atr_ktr:trees:K4,ncf:ceros:atr_ktr:trees:K4:14,Desmos chinensis Lour.,Desmos chinensis,Annonaceae,Desmos,15.02334,74.4273,100.0,2025-11-23,Anshi_Sawanth Matkarni_Sawanth Matkarni,50 by 10m vegetation plots and a 5 by 10m regeneration plot within
K24,ncf:ceros:atr_ktr:trees:K24,ncf:ceros:atr_ktr:trees:K24:48,Terminalia elliptica Willd.,Terminalia elliptica,Combretaceae,Terminalia,14.97144,74.31979,100.0,2025-11-29,Kadra_Bargadde_Sanake,50 by 10m vegetation plots and a 5 by 10m regeneration plot within
K10,ncf:ceros:atr_ktr:trees:K10,ncf:ceros:atr_ktr:trees:K10:11,Cinnamomum Schaeff.,,Lauraceae,Cinnamomum,15.01108,74.35722,100.0,2025-11-24,Anshi_Badpoli_Badpoli,50 by 10m vegetation plots and a 5 by 10m regeneration plot within
K46,ncf:ceros:atr_ktr:trees:K46,ncf:ceros:atr_ktr:trees:K46:16,Moullava spicata (Dalzell) Nicolson,Moullava spicata,Fabaceae,Moullava,15.14255,74.58648,100.0,2025-12-05,Phansoli_Phansoli_Phansoli,50 by 10m vegetation plots and a 5 by 10m regeneration plot within
K1,ncf:ceros:atr_ktr:trees:K1,ncf:ceros:atr_ktr:trees:K1:31,Gymnosporia rothiana (Walp.) M.A.Lawson,Gymnosporia rothiana,Celastraceae,Gymnosporia,14.95109,74.37002,100.0,2025-11-22,Anshi_Anshi_Badpoli,50 by 10m vegetation plots and a 5 by 10m regeneration plot within
K22,ncf:ceros:atr_ktr:trees:K22,ncf:ceros:atr_ktr:trees:K22:5,Chromolaena odorata (L.) R.M.King & H.Rob.,Chromolaena odorata,Asteraceae,Chromolaena,14.87999,74.41013,100.0,2025-11-28,Kadra_Kadra_Balemane,50 by 10m vegetation plots and a 5 by 10m regeneration plot within
K29,ncf:ceros:atr_ktr:trees:K29,ncf:ceros:atr_ktr:trees:K29:30,Ixora brachiata Roxb.,Ixora brachiata,Rubiaceae,Ixora,15.4885,74.34842,100.0,2025-12-01,Castlerock_Anmod_Rangarook,50 by 10m vegetation plots and a 5 by 10m regeneration plot within
K26,ncf:ceros:atr_ktr:trees:K26,ncf:ceros:atr_ktr:trees:K26:33,Tetrapilus dioicus (Roxb.) L.A.S.Johnson,Tetrapilus dioicus,Oleaceae,Tetrapilus,14.94972,74.29521,100.0,2025-11-29,Kadra_Bargadde_Bargadde,50 by 10m vegetation plots and a 5 by 10m regeneration plot within
K15,ncf:ceros:atr_ktr:trees:K15,ncf:ceros:atr_ktr:trees:K15:6,Calamus rheedei Griff.,Calamus rheedei,Arecaceae,Calamus,15.23219,74.34004,100.0,2025-11-26,Kumbharwada_Sulaveli_Sulaveli,50 by 10m vegetation plots and a 5 by 10m regeneration plot within
K39,ncf:ceros:atr_ktr:trees:K39,ncf:ceros:atr_ktr:trees:K39:31,Tabernaemontana alternifolia L.,Tabernaemontana alternifolia,Apocynaceae,Tabernaemontana,15.15024,74.62002,100.0,2025-12-04,Kulgi_Kulgi_Kulgi-South,50 by 10m vegetation plots and a 5 by 10m regeneration plot within
K32,ncf:ceros:atr_ktr:trees:K32,ncf:ceros:atr_ktr:trees:K32:44,Mezoneuron cucullatum (Roxb.) Wight & Arn.,Mezoneuron cucullatum,Fabaceae,Mezoneuron,15.34117,74.37326,100.0,2025-12-02,Castlerock_Castlerock_Populwadi,50 by 10m vegetation plots and a 5 by 10m regeneration plot within
K26,ncf:ceros:atr_ktr:trees:K26,ncf:ceros:atr_ktr:trees:K26:24,Holarrhena pubescens (Buch.-Ham.) Wall. ex G.Don,Holarrhena pubescens,Apocynaceae,Holarrhena,14.94972,74.29521,100.0,2025-11-29,Kadra_Bargadde_Bargadde,50 by 10m vegetation plots and a 5 by 10m regeneration plot within
K6,ncf:ceros:atr_ktr:trees:K6,ncf:ceros:atr_ktr:trees:K6:27,Holigarna grahamii (Wight) Kurz,Holigarna grahamii,Anacardiaceae,Holigarna,15.01219,74.39533,100.0,2025-11-23,Anshi_Sawanth Matkarni_Sawanth Matkarni,50 by 10m vegetation plots and a 5 by 10m regeneration plot within
K6,ncf:ceros:atr_ktr:trees:K6,ncf:ceros:atr_ktr:trees:K6:45,Canthium rheedei DC.,Canthium rheedei,Rubiaceae,Canthium,15.01219,74.39533,100.0,2025-11-23,Anshi_Sawanth Matkarni_Sawanth Matkarni,50 by 10m vegetation plots and a 5 by 10m regeneration plot within
K51,ncf:ceros:atr_ktr:trees:K51,ncf:ceros:atr_ktr:trees:K51:41,Sterculia guttata Roxb.,Sterculia guttata,Malvaceae,Sterculia,15.03951,74.51396,100.0,2025-12-07,Gund_Marda_Marda,50 by 10m vegetation plots and a 5 by 10m regeneration plot within
K6,ncf:ceros:atr_ktr:trees:K6,ncf:ceros:atr_ktr:trees:K6:49,Symplocos racemosa Roxb.,Symplocos racemosa,Symplocaceae,Symplocos,15.01219,74.39533,100.0,2025-11-23,Anshi_Sawanth Matkarni_Sawanth Matkarni,50 by 10m vegetation plots and a 5 by 10m regeneration plot within
K9,ncf:ceros:atr_ktr:trees:K9,ncf:ceros:atr_ktr:trees:K9:10,Diospyros candolleana Wight,Diospyros candolleana,Ebenaceae,Diospyros,15.04249,74.35,100.0,2025-11-24,Anshi_Badpoli_Lande,50 by 10m vegetation plots and a 5 by 10m regeneration plot within
K16,ncf:ceros:atr_ktr:trees:K16,ncf:ceros:atr_ktr:trees:K16:28,Lagerstroemia microcarpa Wight,Lagerstroemia microcarpa,Lythraceae,Lagerstroemia,15.12424,74.32561,100.0,2025-11-27,Kumbharwada_Kundal_Keloli,50 by 10m vegetation plots and a 5 by 10m regeneration plot within
K20,ncf:ceros:atr_ktr:trees:K20,ncf:ceros:atr_ktr:trees:K20:19,Miliusa tomentosa (Roxb.) J.Sinclair,Miliusa tomentosa,Annonaceae,Miliusa,14.8929,74.46011,100.0,2025-11-28,Kadra_Kadra_Balemane,50 by 10m vegetation plots and a 5 by 10m regeneration plot within
K3,ncf:ceros:atr_ktr:trees:K3,ncf:ceros:atr_ktr:trees:K3:38,Knema attenuata (Hook.fil. & Thomson) Warb.,Knema attenuata,Myristicaceae,Knema,15.02369,74.45427,100.0,2025-11-23,Anshi_Sawanth Matkarni_Sawanth Matkarni,50 by 10m vegetation plots and a 5 by 10m regeneration plot within
K17,ncf:ceros:atr_ktr:trees:K17,ncf:ceros:atr_ktr:trees:K17:30,Hopea ponga (Dennst.) Mabb.,Hopea ponga,Dipterocarpaceae,Hopea,15.11042,74.36691,100.0,2025-11-27,Kumbharwada_Kumbharwada_Kumbharwada,50 by 10m vegetation plots and a 5 by 10m regeneration plot within
K56,ncf:ceros:atr_ktr:trees:K56,ncf:ceros:atr_ktr:trees:K56:22,Terminalia paniculata B.Heyne ex Roth,Terminalia paniculata,Combretaceae,Terminalia,15.09191,74.51578,100.0,2025-12-07,Phansoli_Avurli_Avurli,50 by 10m vegetation plots and a 5 by 10m regeneration plot within
K18,ncf:ceros:atr_ktr:trees:K18,ncf:ceros:atr_ktr:trees:K18:23,Nothapodytes nimmoniana (J.Graham) Mabb.,Nothapodytes nimmoniana,Icacinaceae,Nothapodytes,15.09507,74.42705,100.0,2025-11-27,Kumbharwada_Kumbharwada_Kalsai,50 by 10m vegetation plots and a 5 by 10m regeneration plot within
K17,ncf:ceros:atr_ktr:trees:K17,ncf:ceros:atr_ktr:trees:K17:17,Diospyros ferrea (Willd.) Bakh.,Diospyros ferrea,Ebenaceae,Diospyros,15.11042,74.36691,100.0,2025-11-27,Kumbharwada_Kumbharwada_Kumbharwada,50 by 10m vegetation plots and a 5 by 10m regeneration plot within
K51,ncf:ceros:atr_ktr:trees:K51,ncf:ceros:atr_ktr:trees:K51:48,Xylia xylocarpa (Roxb.) W.Theob.,Xylia xylocarpa,Fabaceae,Xylia,15.03951,74.51396,100.0,2025-12-07,Gund_Marda_Marda,50 by 10m vegetation plots and a 5 by 10m regeneration plot within
K7,ncf:ceros:atr_ktr:trees:K7,ncf:ceros:atr_ktr:trees:K7:16,Cinnamomum malabatrum (Burm.fil.) J.Presl,Cinnamomum malabatrum,Lauraceae,Cinnamomum,15.09989,74.38199,100.0,2025-11-24,Anshi_Nujji_Jhalavali,50 by 10m vegetation plots and a 5 by 10m regeneration plot within
K27,ncf:ceros:atr_ktr:trees:K27,ncf:ceros:atr_ktr:trees:K27:40,Tetrapilus dioicus (Roxb.) L.A.S.Johnson,Tetrapilus dioicus,Oleaceae,Tetrapilus,14.92656,74.35452,100.0,2025-11-29,Kadra_Kadra_Kadra-West,50 by 10m vegetation plots and a 5 by 10m regeneration plot within
K32,ncf:ceros:atr_ktr:trees:K32,ncf:ceros:atr_ktr:trees:K32:56,Scutia myrtina (Burm.fil.) Kurz,Scutia myrtina,Rhamnaceae,Scutia,15.34117,74.37326,100.0,2025-12-02,Castlerock_Castlerock_Populwadi,50 by 10m vegetation plots and a 5 by 10m regeneration plot within
K29,ncf:ceros:atr_ktr:trees:K29,ncf:ceros:atr_ktr:trees:K29:53,Symplocos racemosa Roxb.,Symplocos racemosa,Symplocaceae,Symplocos,15.4885,74.34842,100.0,2025-12-01,Castlerock_Anmod_Rangarook,50 by 10m vegetation plots and a 5 by 10m regeneration plot within
K12,ncf:ceros:atr_ktr:trees:K12,ncf:ceros:atr_ktr:trees:K12:9,Chukrasia tabularis A.Juss.,Chukrasia tabularis,Meliaceae,Chukrasia,15.21126,74.348,100.0,2025-11-25,Kumbharwada_Terali_Patagudi,50 by 10m vegetation plots and a 5 by 10m regeneration plot within
K42,ncf:ceros:atr_ktr:trees:K42,ncf:ceros:atr_ktr:trees:K42:24,Polyalthia fragrans (Dalzell) Hook.f. & Thomson,Monoon fragrans,Annonaceae,Monoon,15.1487,74.69531,100.0,2025-12-05,Kulgi_Kegdal_Kalabhavi,50 by 10m vegetation plots and a 5 by 10m regeneration plot within
K30,ncf:ceros:atr_ktr:trees:K30,ncf:ceros:atr_ktr:trees:K30:28,Memecylon umbellatum Burm.fil.,Memecylon umbellatum,Melastomataceae,Memecylon,15.47372,74.33301,100.0,2025-12-01,Castlerock_Anmod_Meda,50 by 10m vegetation plots and a 5 by 10m regeneration plot within
K43,ncf:ceros:atr_ktr:trees:K43,ncf:ceros:atr_ktr:trees:K43:2,Careya arborea Roxb.,Careya arborea,Lecythidaceae,Careya,15.13126,74.6676,100.0,2025-12-05,Kulgi_Jamga_Jamga-East,50 by 10m vegetation plots and a 5 by 10m regeneration plot within
K31,ncf:ceros:atr_ktr:trees:K31,ncf:ceros:atr_ktr:trees:K31:55,Sapindus trifoliatus L.,Sapindus trifoliatus,Sapindaceae,Sapindus,15.32309,74.38428,100.0,2025-12-02,Castlerock_NA_Viral,50 by 10m vegetation plots and a 5 by 10m regeneration plot within
K2,ncf:ceros:atr_ktr:trees:K2,ncf:ceros:atr_ktr:trees:K2:10,Caryota urens L.,Caryota urens,Arecaceae,Caryota,14.9607,74.37222,100.0,2025-11-22,Anshi_Badpoli_Digali,50 by 10m vegetation plots and a 5 by 10m regeneration plot within
K3,ncf:ceros:atr_ktr:trees:K3,ncf:ceros:atr_ktr:trees:K3:47,Nothopegia castaneifolia (Roth) Ding Hou,Nothopegia castaneifolia,Anacardiaceae,Nothopegia,15.02369,74.45427,100.0,2025-11-23,Anshi_Sawanth Matkarni_Sawanth Matkarni,50 by 10m vegetation plots and a 5 by 10m regeneration plot within
K29,ncf:ceros:atr_ktr:trees:K29,ncf:ceros:atr_ktr:trees:K29:44,Tetrapilus dioicus (Roxb.) L.A.S.Johnson,Tetrapilus dioicus,Oleaceae,Tetrapilus,15.4885,74.34842,100.0,2025-12-01,Castlerock_Anmod_Rangarook,50 by 10m vegetation plots and a 5 by 10m regeneration plot within
K15,ncf:ceros:atr_ktr:trees:K15,ncf:ceros:atr_ktr:trees:K15:15,Cryptocarya sheikelmudiyana A.K.H.Bachan & P.K.Fasila,Cryptocarya sheikelmudiyana,Lauraceae,Cryptocarya,15.23219,74.34004,100.0,2025-11-26,Kumbharwada_Sulaveli_Sulaveli,50 by 10m vegetation plots and a 5 by 10m regeneration plot within
K15,ncf:ceros:atr_ktr:trees:K15,ncf:ceros:atr_ktr:trees:K15:20,Dracaena terniflora Roxb.,Dracaena elliptica,Asparagaceae,Dracaena,15.23219,74.34004,100.0,2025-11-26,Kumbharwada_Sulaveli_Sulaveli,50 by 10m vegetation plots and a 5 by 10m regeneration plot within
K50,ncf:ceros:atr_ktr:trees:K50,ncf:ceros:atr_ktr:trees:K50:18,Elaeagnus conferta Roxb.,Elaeagnus conferta,Elaeagnaceae,Elaeagnus,15.02905,74.50175,100.0,2025-12-06,Gund_Ulavi_Ulavi,50 by 10m vegetation plots and a 5 by 10m regeneration plot within
K51,ncf:ceros:atr_ktr:trees:K51,ncf:ceros:atr_ktr:trees:K51:26,Knema attenuata (Hook.fil. & Thomson) Warb.,Knema attenuata,Myristicaceae,Knema,15.03951,74.51396,100.0,2025-12-07,Gund_Marda_Marda,50 by 10m vegetation plots and a 5 by 10m regeneration plot within
K27,ncf:ceros:atr_ktr:trees:K27,ncf:ceros:atr_ktr:trees:K27:3,Aglaia lawii (Wight) C.J.Saldanha,Aglaia lawii,Meliaceae,Aglaia,14.92656,74.35452,100.0,2025-11-29,Kadra_Kadra_Kadra-West,50 by 10m vegetation plots and a 5 by 10m regeneration plot within
K10,ncf:ceros:atr_ktr:trees:K10,ncf:ceros:atr_ktr:trees:K10:6,Calamus thwaitesii Becc.,Calamus thwaitesii,Arecaceae,Calamus,15.01108,74.35722,100.0,2025-11-24,Anshi_Badpoli_Badpoli,50 by 10m vegetation plots and a 5 by 10m regeneration plot within
K9,ncf:ceros:atr_ktr:trees:K9,ncf:ceros:atr_ktr:trees:K9:29,Nothapodytes nimmoniana (J.Graham) Mabb.,Nothapodytes nimmoniana,Icacinaceae,Nothapodytes,15.04249,74.35,100.0,2025-11-24,Anshi_Badpoli_Lande,50 by 10m vegetation plots and a 5 by 10m regeneration plot within
K51,ncf:ceros:atr_ktr:trees:K51,ncf:ceros:atr_ktr:trees:K51:31,Mallotus philippensis (Lam.) Müll.Arg.,Mallotus philippensis,Euphorbiaceae,Mallotus,15.03951,74.51396,100.0,2025-12-07,Gund_Marda_Marda,50 by 10m vegetation plots and a 5 by 10m regeneration plot within
K20,ncf:ceros:atr_ktr:trees:K20,ncf:ceros:atr_ktr:trees:K20:21,Ochna obtusata DC.,Ochna obtusata,Ochnaceae,Ochna,14.8929,74.46011,100.0,2025-11-28,Kadra_Kadra_Balemane,50 by 10m vegetation plots and a 5 by 10m regeneration plot within
K1,ncf:ceros:atr_ktr:trees:K1,ncf:ceros:atr_ktr:trees:K1:26,Garcinia gummi-gutta (L.) N.Robson,Garcinia gummi-gutta,Clusiaceae,Garcinia,14.95109,74.37002,100.0,2025-11-22,Anshi_Anshi_Badpoli,50 by 10m vegetation plots and a 5 by 10m regeneration plot within
K45,ncf:ceros:atr_ktr:trees:K45,ncf:ceros:atr_ktr:trees:K45:24,Sapindus trifoliatus L.,Sapindus trifoliatus,Sapindaceae,Sapindus,15.12909,74.59881,100.0,2025-12-05,Phansoli_Phansoli_Phansoli,50 by 10m vegetation plots and a 5 by 10m regeneration plot within
K31,ncf:ceros:atr_ktr:trees:K31,ncf:ceros:atr_ktr:trees:K31:6,Artocarpus gomezianus Wall. ex Trécul,Artocarpus gomezianus,Moraceae,Artocarpus,15.32309,74.38428,100.0,2025-12-02,Castlerock_NA_Viral,50 by 10m vegetation plots and a 5 by 10m regeneration plot within
K26,ncf:ceros:atr_ktr:trees:K26,ncf:ceros:atr_ktr:trees:K26:2,Allophylus cobbe (L.) Forsyth fil.,Allophylus cobbe,Sapindaceae,Allophylus,14.94972,74.29521,100.0,2025-11-29,Kadra_Bargadde_Bargadde,50 by 10m vegetation plots and a 5 by 10m regeneration plot within
K31,ncf:ceros:atr_ktr:trees:K31,ncf:ceros:atr_ktr:trees:K31:47,Murraya koenigii (L.) Spreng.,Murraya koenigii,Rutaceae,Murraya,15.32309,74.38428,100.0,2025-12-02,Castlerock_NA_Viral,50 by 10m vegetation plots and a 5 by 10m regeneration plot within
K16,ncf:ceros:atr_ktr:trees:K16,ncf:ceros:atr_ktr:trees:K16:15,Dichapetalum gelonioides (Roxb.) Engl.,Dichapetalum gelonioides,Dichapetalaceae,Dichapetalum,15.12424,74.32561,100.0,2025-11-27,Kumbharwada_Kundal_Keloli,50 by 10m vegetation plots and a 5 by 10m regeneration plot within
K3,ncf:ceros:atr_ktr:trees:K3,ncf:ceros:atr_ktr:trees:K3:15,Casearia championii Thwaites,Casearia championii,Salicaceae,Casearia,15.02369,74.45427,100.0,2025-11-23,Anshi_Sawanth Matkarni_Sawanth Matkarni,50 by 10m vegetation plots and a 5 by 10m regeneration plot within
K41,ncf:ceros:atr_ktr:trees:K41,ncf:ceros:atr_ktr:trees:K41:10,Grewia tiliifolia Vahl,Grewia tiliifolia,Malvaceae,Grewia,15.14435,74.67638,100.0,2025-12-05,Kulgi_Kegdal_Gutti,50 by 10m vegetation plots and a 5 by 10m regeneration plot within
K32,ncf:ceros:atr_ktr:trees:K32,ncf:ceros:atr_ktr:trees:K32:58,Tabernaemontana alternifolia L.,Tabernaemontana alternifolia,Apocynaceae,Tabernaemontana,15.34117,74.37326,100.0,2025-12-02,Castlerock_Castlerock_Populwadi,50 by 10m vegetation plots and a 5 by 10m regeneration plot within
K17,ncf:ceros:atr_ktr:trees:K17,ncf:ceros:atr_ktr:trees:K17:16,Dimocarpus longan Lour.,Dimocarpus longan,Sapindaceae,Dimocarpus,15.11042,74.36691,100.0,2025-11-27,Kumbharwada_Kumbharwada_Kumbharwada,50 by 10m vegetation plots and a 5 by 10m regeneration plot within
K19,ncf:ceros:atr_ktr:trees:K19,ncf:ceros:atr_ktr:trees:K19:34,Murraya koenigii (L.) Spreng.,Murraya koenigii,Rutaceae,Murraya,15.05663,74.45597,100.0,2025-11-27,Phansoli_Amboli_Amboli,50 by 10m vegetation plots and a 5 by 10m regeneration plot within
K31,ncf:ceros:atr_ktr:trees:K31,ncf:ceros:atr_ktr:trees:K31:28,Garcinia indica (Thouars) Choisy,Garcinia indica,Clusiaceae,Garcinia,15.32309,74.38428,100.0,2025-12-02,Castlerock_NA_Viral,50 by 10m vegetation plots and a 5 by 10m regeneration plot within
K39,ncf:ceros:atr_ktr:trees:K39,ncf:ceros:atr_ktr:trees:K39:20,Mallotus philippensis (Lam.) Müll.Arg.,Mallotus philippensis,Euphorbiaceae,Mallotus,15.15024,74.62002,100.0,2025-12-04,Kulgi_Kulgi_Kulgi-South,50 by 10m vegetation plots and a 5 by 10m regeneration plot within
K32,ncf:ceros:atr_ktr:trees:K32,ncf:ceros:atr_ktr:trees:K32:29,Grewia umbellata Roxb.,Grewia laevigata,Malvaceae,Grewia,15.34117,74.37326,100.0,2025-12-02,Castlerock_Castlerock_Populwadi,50 by 10m vegetation plots and a 5 by 10m regeneration plot within
K8,ncf:ceros:atr_ktr:trees:K8,ncf:ceros:atr_ktr:trees:K8:4,Ardisia humilis Vahl,Ardisia humilis,Primulaceae,Ardisia,15.04524,74.33066,100.0,2025-11-24,Anshi_Nujji_Nujji,50 by 10m vegetation plots and a 5 by 10m regeneration plot within
K23,ncf:ceros:atr_ktr:trees:K23,ncf:ceros:atr_ktr:trees:K23:21,Stereospermum chelonoides (L.fil.) DC.,Stereospermum chelonoides,Bignoniaceae,Stereospermum,14.92281,74.33555,100.0,2025-11-28,Kadra_Kadra_Kadra-West,50 by 10m vegetation plots and a 5 by 10m regeneration plot within
K40,ncf:ceros:atr_ktr:trees:K40,ncf:ceros:atr_ktr:trees:K40:15,Ipomoea campanulata L.,Stictocardia campanulata,Convolvulaceae,Stictocardia,15.13301,74.62137,100.0,2025-12-04,Kulgi_Kulgi_Amgaon,50 by 10m vegetation plots and a 5 by 10m regeneration plot within
K23,ncf:ceros:atr_ktr:trees:K23,ncf:ceros:atr_ktr:trees:K23:19,Smythea bombaiensis (Dalzell) S.P.Banerjee & P.K.Mukh.,Ventilago bombaiensis,Rhamnaceae,Ventilago,14.92281,74.33555,100.0,2025-11-28,Kadra_Kadra_Kadra-West,50 by 10m vegetation plots and a 5 by 10m regeneration plot within
K36,ncf:ceros:atr_ktr:trees:K36,ncf:ceros:atr_ktr:trees:K36:43,Litsea nigrescens Gamble,Litsea oleoides,Lauraceae,Litsea,15.48777,74.28354,100.0,2025-12-03,Castlerock_Karambal_Vatla,50 by 10m vegetation plots and a 5 by 10m regeneration plot within
K17,ncf:ceros:atr_ktr:trees:K17,ncf:ceros:atr_ktr:trees:K17:41,Murraya paniculata (L.) Jacq.,Murraya paniculata,Rutaceae,Murraya,15.11042,74.36691,100.0,2025-11-27,Kumbharwada_Kumbharwada_Kumbharwada,50 by 10m vegetation plots and a 5 by 10m regeneration plot within
K14,ncf:ceros:atr_ktr:trees:K14,ncf:ceros:atr_ktr:trees:K14:9,Casearia graveolens Dalzell,Casearia graveolens,Salicaceae,Casearia,15.21519,74.37618,100.0,2025-11-26,Kumbharwada_Sulaveli_Sulaveli,50 by 10m vegetation plots and a 5 by 10m regeneration plot within
K41,ncf:ceros:atr_ktr:trees:K41,ncf:ceros:atr_ktr:trees:K41:9,Flacourtia indica (Burm.fil.) Merr.,Flacourtia indica,Salicaceae,Flacourtia,15.14435,74.67638,100.0,2025-12-05,Kulgi_Kegdal_Gutti,50 by 10m vegetation plots and a 5 by 10m regeneration plot within
K22,ncf:ceros:atr_ktr:trees:K22,ncf:ceros:atr_ktr:trees:K22:7,Cryptolepis buchananii R.Br. ex Roem. & Schult.,Cryptolepis buchananii,Apocynaceae,Cryptolepis,14.87999,74.41013,100.0,2025-11-28,Kadra_Kadra_Balemane,50 by 10m vegetation plots and a 5 by 10m regeneration plot within
K30,ncf:ceros:atr_ktr:trees:K30,ncf:ceros:atr_ktr:trees:K30:34,Psychotria dalzellii Hook.f.,Psychotria dalzellii,Rubiaceae,Psychotria,15.47372,74.33301,100.0,2025-12-01,Castlerock_Anmod_Meda,50 by 10m vegetation plots and a 5 by 10m regeneration plot within
K42,ncf:ceros:atr_ktr:trees:K42,ncf:ceros:atr_ktr:trees:K42:32,Ziziphus rugosa Lam.,Ziziphus rugosa,Rhamnaceae,Ziziphus,15.1487,74.69531,100.0,2025-12-05,Kulgi_Kegdal_Kalabhavi,50 by 10m vegetation plots and a 5 by 10m regeneration plot within
K49,ncf:ceros:atr_ktr:trees:K49,ncf:ceros:atr_ktr:trees:K49:46,Smilax zeylanica L.,Smilax zeylanica,Smilacaceae,Smilax,15.0245,74.4809,100.0,2025-12-06,Gund_Marda_Shimpura Gudda,50 by 10m vegetation plots and a 5 by 10m regeneration plot within
K32,ncf:ceros:atr_ktr:trees:K32,ncf:ceros:atr_ktr:trees:K32:36,Litsea coriacea (Nees) Hook.fil.,Litsea coriacea,Lauraceae,Litsea,15.34117,74.37326,100.0,2025-12-02,Castlerock_Castlerock_Populwadi,50 by 10m vegetation plots and a 5 by 10m regeneration plot within
K25,ncf:ceros:atr_ktr:trees:K25,ncf:ceros:atr_ktr:trees:K25:33,Schleichera oleosa (Lour.) Oken,Schleichera oleosa,Sapindaceae,Schleichera,14.95361,74.31835,100.0,2025-11-29,Kadra_Bargadde_Bargadde,50 by 10m vegetation plots and a 5 by 10m regeneration plot within
K45,ncf:ceros:atr_ktr:trees:K45,ncf:ceros:atr_ktr:trees:K45:26,Strychnos nux-vomica L.,Strychnos nux-vomica,Loganiaceae,Strychnos,15.12909,74.59881,100.0,2025-12-05,Phansoli_Phansoli_Phansoli,50 by 10m vegetation plots and a 5 by 10m regeneration plot within
K36,ncf:ceros:atr_ktr:trees:K36,ncf:ceros:atr_ktr:trees:K36:56,Scutia myrtina (Burm.fil.) Kurz,Scutia myrtina,Rhamnaceae,Scutia,15.48777,74.28354,100.0,2025-12-03,Castlerock_Karambal_Vatla,50 by 10m vegetation plots and a 5 by 10m regeneration plot within
K33,ncf:ceros:atr_ktr:trees:K33,ncf:ceros:atr_ktr:trees:K33:14,Dillenia pentagyna Roxb.,Dillenia pentagyna,Dilleniaceae,Dillenia,15.38466,74.34508,100.0,2025-12-02,Castlerock_Castlerock_Kalambuli,50 by 10m vegetation plots and a 5 by 10m regeneration plot within
K27,ncf:ceros:atr_ktr:trees:K27,ncf:ceros:atr_ktr:trees:K27:38,Nothopegia beddomei Gamble,Nothopegia beddomei,Anacardiaceae,Nothopegia,14.92656,74.35452,100.0,2025-11-29,Kadra_Kadra_Kadra-West,50 by 10m vegetation plots and a 5 by 10m regeneration plot within
K37,ncf:ceros:atr_ktr:trees:K37,ncf:ceros:atr_ktr:trees:K37:1,Acacia Mill.,,Fabaceae,Acacia,15.15166,74.64497,100.0,2025-12-04,Kulgi_Kegdal_Gutti,50 by 10m vegetation plots and a 5 by 10m regeneration plot within
K32,ncf:ceros:atr_ktr:trees:K32,ncf:ceros:atr_ktr:trees:K32:41,Nothapodytes nimmoniana (J.Graham) Mabb.,Nothapodytes nimmoniana,Icacinaceae,Nothapodytes,15.34117,74.37326,100.0,2025-12-02,Castlerock_Castlerock_Populwadi,50 by 10m vegetation plots and a 5 by 10m regeneration plot within
K4,ncf:ceros:atr_ktr:trees:K4,ncf:ceros:atr_ktr:trees:K4:16,Diploclisia glaucescens (Blume) Diels,Diploclisia glaucescens,Menispermaceae,Diploclisia,15.02334,74.4273,100.0,2025-11-23,Anshi_Sawanth Matkarni_Sawanth Matkarni,50 by 10m vegetation plots and a 5 by 10m regeneration plot within
K10,ncf:ceros:atr_ktr:trees:K10,ncf:ceros:atr_ktr:trees:K10:25,Ixora nigricans R.Br. ex Wight & Arn.,Ixora nigricans,Rubiaceae,Ixora,15.01108,74.35722,100.0,2025-11-24,Anshi_Badpoli_Badpoli,50 by 10m vegetation plots and a 5 by 10m regeneration plot within
K53,ncf:ceros:atr_ktr:trees:K53,ncf:ceros:atr_ktr:trees:K53:26,Lepisanthes tetraphylla (Vahl) Radlk.,Lepisanthes tetraphylla,Sapindaceae,Lepisanthes,15.05536,74.53871,100.0,2025-12-07,Gund_Tammanagi_Shavale,50 by 10m vegetation plots and a 5 by 10m regeneration plot within
K47,ncf:ceros:atr_ktr:trees:K47,ncf:ceros:atr_ktr:trees:K47:45,Xylia xylocarpa (Roxb.) W.Theob.,Xylia xylocarpa,Fabaceae,Xylia,15.12541,74.48069,100.0,2025-12-06,Phansoli_Amboli_Kumbeli,50 by 10m vegetation plots and a 5 by 10m regeneration plot within
K14,ncf:ceros:atr_ktr:trees:K14,ncf:ceros:atr_ktr:trees:K14:7,Calamus thwaitesii Becc.,Calamus thwaitesii,Arecaceae,Calamus,15.21519,74.37618,100.0,2025-11-26,Kumbharwada_Sulaveli_Sulaveli,50 by 10m vegetation plots and a 5 by 10m regeneration plot within
K1,ncf:ceros:atr_ktr:trees:K1,ncf:ceros:atr_ktr:trees:K1:45,Tetrapilus dioicus (Roxb.) L.A.S.Johnson,Tetrapilus dioicus,Oleaceae,Tetrapilus,14.95109,74.37002,100.0,2025-11-22,Anshi_Anshi_Badpoli,50 by 10m vegetation plots and a 5 by 10m regeneration plot within
K24,ncf:ceros:atr_ktr:trees:K24,ncf:ceros:atr_ktr:trees:K24:27,Ixora nigricans R.Br. ex Wight & Arn.,Ixora nigricans,Rubiaceae,Ixora,14.97144,74.31979,100.0,2025-11-29,Kadra_Bargadde_Sanake,50 by 10m vegetation plots and a 5 by 10m regeneration plot within
K5,ncf:ceros:atr_ktr:trees:K5,ncf:ceros:atr_ktr:trees:K5:34,Memecylon umbellatum Burm.fil.,Memecylon umbellatum,Melastomataceae,Memecylon,14.98514,74.37265,100.0,2025-11-23,Anshi_Anshi_Anshi,50 by 10m vegetation plots and a 5 by 10m regeneration plot within
K32,ncf:ceros:atr_ktr:trees:K32,ncf:ceros:atr_ktr:trees:K32:5,Artocarpus gomezianus Wall. ex Trécul,Artocarpus gomezianus,Moraceae,Artocarpus,15.34117,74.37326,100.0,2025-12-02,Castlerock_Castlerock_Populwadi,50 by 10m vegetation plots and a 5 by 10m regeneration plot within
K15,ncf:ceros:atr_ktr:trees:K15,ncf:ceros:atr_ktr:trees:K15:44,Psychotria dalzellii Hook.f.,Psychotria dalzellii,Rubiaceae,Psychotria,15.23219,74.34004,100.0,2025-11-26,Kumbharwada_Sulaveli_Sulaveli,50 by 10m vegetation plots and a 5 by 10m regeneration plot within
K23,ncf:ceros:atr_ktr:trees:K23,ncf:ceros:atr_ktr:trees:K23:13,Lagerstroemia microcarpa Wight,Lagerstroemia microcarpa,Lythraceae,Lagerstroemia,14.92281,74.33555,100.0,2025-11-28,Kadra_Kadra_Kadra-West,50 by 10m vegetation plots and a 5 by 10m regeneration plot within
K1,ncf:ceros:atr_ktr:trees:K1,ncf:ceros:atr_ktr:trees:K1:47,Pothos scandens L.,Pothos scandens,Araceae,Pothos,14.95109,74.37002,100.0,2025-11-22,Anshi_Anshi_Badpoli,50 by 10m vegetation plots and a 5 by 10m regeneration plot within
K24,ncf:ceros:atr_ktr:trees:K24,ncf:ceros:atr_ktr:trees:K24:39,Pothos scandens L.,Pothos scandens,Araceae,Pothos,14.97144,74.31979,100.0,2025-11-29,Kadra_Bargadde_Sanake,50 by 10m vegetation plots and a 5 by 10m regeneration plot within
K44,ncf:ceros:atr_ktr:trees:K44,ncf:ceros:atr_ktr:trees:K44:22,Terminalia elliptica Willd.,Terminalia elliptica,Combretaceae,Terminalia,15.1191,74.68068,100.0,2025-12-05,Kulgi_Kegdal_Amga-East,50 by 10m vegetation plots and a 5 by 10m regeneration plot within
K9,ncf:ceros:atr_ktr:trees:K9,ncf:ceros:atr_ktr:trees:K9:4,Ardisia humilis Vahl,Ardisia humilis,Primulaceae,Ardisia,15.04249,74.35,100.0,2025-11-24,Anshi_Badpoli_Lande,50 by 10m vegetation plots and a 5 by 10m regeneration plot within
K36,ncf:ceros:atr_ktr:trees:K36,ncf:ceros:atr_ktr:trees:K36:27,Diploclisia glaucescens (Blume) Diels,Diploclisia glaucescens,Menispermaceae,Diploclisia,15.48777,74.28354,100.0,2025-12-03,Castlerock_Karambal_Vatla,50 by 10m vegetation plots and a 5 by 10m regeneration plot within
K50,ncf:ceros:atr_ktr:trees:K50,ncf:ceros:atr_ktr:trees:K50:7,Artabotrys zeylanicus Hook.f. & Thomson,Artabotrys zeylanicus,Annonaceae,Artabotrys,15.02905,74.50175,100.0,2025-12-06,Gund_Ulavi_Ulavi,50 by 10m vegetation plots and a 5 by 10m regeneration plot within
K16,ncf:ceros:atr_ktr:trees:K16,ncf:ceros:atr_ktr:trees:K16:48,Scutia myrtina (Burm.fil.) Kurz,Scutia myrtina,Rhamnaceae,Scutia,15.12424,74.32561,100.0,2025-11-27,Kumbharwada_Kundal_Keloli,50 by 10m vegetation plots and a 5 by 10m regeneration plot within
K25,ncf:ceros:atr_ktr:trees:K25,ncf:ceros:atr_ktr:trees:K25:36,Strobilanthes ixiocephala Benth.,Strobilanthes ixiocephala,Acanthaceae,Strobilanthes,14.95361,74.31835,100.0,2025-11-29,Kadra_Bargadde_Bargadde,50 by 10m vegetation plots and a 5 by 10m regeneration plot within
K40,ncf:ceros:atr_ktr:trees:K40,ncf:ceros:atr_ktr:trees:K40:5,Chromolaena odorata (L.) R.M.King & H.Rob.,Chromolaena odorata,Asteraceae,Chromolaena,15.13301,74.62137,100.0,2025-12-04,Kulgi_Kulgi_Amgaon,50 by 10m vegetation plots and a 5 by 10m regeneration plot within
K34,ncf:ceros:atr_ktr:trees:K34,ncf:ceros:atr_ktr:trees:K34:15,Chassalia curviflora (Wall.) Thwaites,Chassalia curviflora,Rubiaceae,Chassalia,15.42029,74.32832,100.0,2025-12-02,Castlerock_Anmod_Anmod-East,50 by 10m vegetation plots and a 5 by 10m regeneration plot within
K9,ncf:ceros:atr_ktr:trees:K9,ncf:ceros:atr_ktr:trees:K9:14,Flacourtia montana J.Graham,Flacourtia montana,Salicaceae,Flacourtia,15.04249,74.35,100.0,2025-11-24,Anshi_Badpoli_Lande,50 by 10m vegetation plots and a 5 by 10m regeneration plot within
K36,ncf:ceros:atr_ktr:trees:K36,ncf:ceros:atr_ktr:trees:K36:3,Ardisia humilis Vahl,Ardisia humilis,Primulaceae,Ardisia,15.48777,74.28354,100.0,2025-12-03,Castlerock_Karambal_Vatla,50 by 10m vegetation plots and a 5 by 10m regeneration plot within
K36,ncf:ceros:atr_ktr:trees:K36,ncf:ceros:atr_ktr:trees:K36:32,Garcinia morella (Gaertn.) Desr.,Garcinia morella,Clusiaceae,Garcinia,15.48777,74.28354,100.0,2025-12-03,Castlerock_Karambal_Vatla,50 by 10m vegetation plots and a 5 by 10m regeneration plot within
K56,ncf:ceros:atr_ktr:trees:K56,ncf:ceros:atr_ktr:trees:K56:21,Terminalia bellirica (Gaertn.) Roxb.,Terminalia bellirica,Combretaceae,Terminalia,15.09191,74.51578,100.0,2025-12-07,Phansoli_Avurli_Avurli,50 by 10m vegetation plots and a 5 by 10m regeneration plot within
K37,ncf:ceros:atr_ktr:trees:K37,ncf:ceros:atr_ktr:trees:K37:15,Grewia serrulata DC.,Grewia serrulata,Malvaceae,Grewia,15.15166,74.64497,100.0,2025-12-04,Kulgi_Kegdal_Gutti,50 by 10m vegetation plots and a 5 by 10m regeneration plot within
K7,ncf:ceros:atr_ktr:trees:K7,ncf:ceros:atr_ktr:trees:K7:33,Holigarna grahamii (Wight) Kurz,Holigarna grahamii,Anacardiaceae,Holigarna,15.09989,74.38199,100.0,2025-11-24,Anshi_Nujji_Jhalavali,50 by 10m vegetation plots and a 5 by 10m regeneration plot within
K13,ncf:ceros:atr_ktr:trees:K13,ncf:ceros:atr_ktr:trees:K13:12,Diospyros paniculata Dalzell,Diospyros paniculata,Ebenaceae,Diospyros,15.22005,74.39724,100.0,2025-11-26,Kumbharwada_Sulaveli_Vagheli,50 by 10m vegetation plots and a 5 by 10m regeneration plot within
K23,ncf:ceros:atr_ktr:trees:K23,ncf:ceros:atr_ktr:trees:K23:25,Terminalia paniculata B.Heyne ex Roth,Terminalia paniculata,Combretaceae,Terminalia,14.92281,74.33555,100.0,2025-11-28,Kadra_Kadra_Kadra-West,50 by 10m vegetation plots and a 5 by 10m regeneration plot within
K13,ncf:ceros:atr_ktr:trees:K13,ncf:ceros:atr_ktr:trees:K13:45,Xantolis tomentosa (Roxb.) Raf.,Xantolis tomentosa,Sapotaceae,Xantolis,15.22005,74.39724,100.0,2025-11-26,Kumbharwada_Sulaveli_Vagheli,50 by 10m vegetation plots and a 5 by 10m regeneration plot within
K50,ncf:ceros:atr_ktr:trees:K50,ncf:ceros:atr_ktr:trees:K50:42,Tetrastigma leucostaphylum (Dennst.) Alston,Tetrastigma leucostaphylum,Vitaceae,Tetrastigma,15.02905,74.50175,100.0,2025-12-06,Gund_Ulavi_Ulavi,50 by 10m vegetation plots and a 5 by 10m regeneration plot within
K6,ncf:ceros:atr_ktr:trees:K6,ncf:ceros:atr_ktr:trees:K6:23,Glycosmis pentaphylla (Retz.) Corrêa,Glycosmis pentaphylla,Rutaceae,Glycosmis,15.01219,74.39533,100.0,2025-11-23,Anshi_Sawanth Matkarni_Sawanth Matkarni,50 by 10m vegetation plots and a 5 by 10m regeneration plot within
K5,ncf:ceros:atr_ktr:trees:K5,ncf:ceros:atr_ktr:trees:K5:3,Allophylus cobbe (L.) Forsyth fil.,Allophylus cobbe,Sapindaceae,Allophylus,14.98514,74.37265,100.0,2025-11-23,Anshi_Anshi_Anshi,50 by 10m vegetation plots and a 5 by 10m regeneration plot within
K9,ncf:ceros:atr_ktr:trees:K9,ncf:ceros:atr_ktr:trees:K9:19,Gymnosporia rothiana (Walp.) M.A.Lawson,Gymnosporia rothiana,Celastraceae,Gymnosporia,15.04249,74.35,100.0,2025-11-24,Anshi_Badpoli_Lande,50 by 10m vegetation plots and a 5 by 10m regeneration plot within
K33,ncf:ceros:atr_ktr:trees:K33,ncf:ceros:atr_ktr:trees:K33:8,Carallia brachiata (Lour.) Merr.,Carallia brachiata,Rhizophoraceae,Carallia,15.38466,74.34508,100.0,2025-12-02,Castlerock_Castlerock_Kalambuli,50 by 10m vegetation plots and a 5 by 10m regeneration plot within
K49,ncf:ceros:atr_ktr:trees:K49,ncf:ceros:atr_ktr:trees:K49:35,Memecylon talbotianum Brandis,Memecylon talbotianum,Melastomataceae,Memecylon,15.0245,74.4809,100.0,2025-12-06,Gund_Marda_Shimpura Gudda,50 by 10m vegetation plots and a 5 by 10m regeneration plot within
K40,ncf:ceros:atr_ktr:trees:K40,ncf:ceros:atr_ktr:trees:K40:21,Murraya koenigii (L.) Spreng.,Murraya koenigii,Rutaceae,Murraya,15.13301,74.62137,100.0,2025-12-04,Kulgi_Kulgi_Amgaon,50 by 10m vegetation plots and a 5 by 10m regeneration plot within
K17,ncf:ceros:atr_ktr:trees:K17,ncf:ceros:atr_ktr:trees:K17:57,Scutia myrtina (Burm.fil.) Kurz,Scutia myrtina,Rhamnaceae,Scutia,15.11042,74.36691,100.0,2025-11-27,Kumbharwada_Kumbharwada_Kumbharwada,50 by 10m vegetation plots and a 5 by 10m regeneration plot within
K52,ncf:ceros:atr_ktr:trees:K52,ncf:ceros:atr_ktr:trees:K52:13,Cinnamomum Schaeff.,,Lauraceae,Cinnamomum,15.06448,74.52105,100.0,2025-12-07,Gund_Marda_Marda,50 by 10m vegetation plots and a 5 by 10m regeneration plot within
K17,ncf:ceros:atr_ktr:trees:K17,ncf:ceros:atr_ktr:trees:K17:35,Leea indica (Burm.fil.) Merr.,Leea indica,Vitaceae,Leea,15.11042,74.36691,100.0,2025-11-27,Kumbharwada_Kumbharwada_Kumbharwada,50 by 10m vegetation plots and a 5 by 10m regeneration plot within
K48,ncf:ceros:atr_ktr:trees:K48,ncf:ceros:atr_ktr:trees:K48:19,Glycosmis pentaphylla (Retz.) Corrêa,Glycosmis pentaphylla,Rutaceae,Glycosmis,15.14195,74.46927,100.0,2025-12-06,Phansoli_Amboli_Kumbeli,50 by 10m vegetation plots and a 5 by 10m regeneration plot within
K10,ncf:ceros:atr_ktr:trees:K10,ncf:ceros:atr_ktr:trees:K10:36,Microcos paniculata L.,Microcos paniculata,Malvaceae,Microcos,15.01108,74.35722,100.0,2025-11-24,Anshi_Badpoli_Badpoli,50 by 10m vegetation plots and a 5 by 10m regeneration plot within
K24,ncf:ceros:atr_ktr:trees:K24,ncf:ceros:atr_ktr:trees:K24:37,Piper nigrum L.,Piper nigrum,Piperaceae,Piper,14.97144,74.31979,100.0,2025-11-29,Kadra_Bargadde_Sanake,50 by 10m vegetation plots and a 5 by 10m regeneration plot within
K14,ncf:ceros:atr_ktr:trees:K14,ncf:ceros:atr_ktr:trees:K14:36,Memecylon talbotianum Brandis,Memecylon talbotianum,Melastomataceae,Memecylon,15.21519,74.37618,100.0,2025-11-26,Kumbharwada_Sulaveli_Sulaveli,50 by 10m vegetation plots and a 5 by 10m regeneration plot within
K15,ncf:ceros:atr_ktr:trees:K15,ncf:ceros:atr_ktr:trees:K15:1,Aglaia elaeagnoidea (A.Juss.) Benth.,Aglaia elaeagnoidea,Meliaceae,Aglaia,15.23219,74.34004,100.0,2025-11-26,Kumbharwada_Sulaveli_Sulaveli,50 by 10m vegetation plots and a 5 by 10m regeneration plot within
K23,ncf:ceros:atr_ktr:trees:K23,ncf:ceros:atr_ktr:trees:K23:5,Diospyros montana Roxb.,Diospyros montana,Ebenaceae,Diospyros,14.92281,74.33555,100.0,2025-11-28,Kadra_Kadra_Kadra-West,50 by 10m vegetation plots and a 5 by 10m regeneration plot within
K39,ncf:ceros:atr_ktr:trees:K39,ncf:ceros:atr_ktr:trees:K39:2,Albizia odoratissima (L.f.) Benth.,Albizia odoratissima,Fabaceae,Albizia,15.15024,74.62002,100.0,2025-12-04,Kulgi_Kulgi_Kulgi-South,50 by 10m vegetation plots and a 5 by 10m regeneration plot within
K8,ncf:ceros:atr_ktr:trees:K8,ncf:ceros:atr_ktr:trees:K8:15,Dysoxylum ficiforme (Wight) Gamble,Dysoxylum ficiforme,Meliaceae,Dysoxylum,15.04524,74.33066,100.0,2025-11-24,Anshi_Nujji_Nujji,50 by 10m vegetation plots and a 5 by 10m regeneration plot within
K47,ncf:ceros:atr_ktr:trees:K47,ncf:ceros:atr_ktr:trees:K47:46,Ziziphus oenopolia (L.) Mill.,Ziziphus oenopolia,Rhamnaceae,Ziziphus,15.12541,74.48069,100.0,2025-12-06,Phansoli_Amboli_Kumbeli,50 by 10m vegetation plots and a 5 by 10m regeneration plot within
K35,ncf:ceros:atr_ktr:trees:K35,ncf:ceros:atr_ktr:trees:K35:55,Uvaria hookeri King,Uvaria hookeri,Annonaceae,Uvaria,15.47685,74.30104,100.0,2025-12-03,Castlerock_Karambal_Vatla,50 by 10m vegetation plots and a 5 by 10m regeneration plot within
K1,ncf:ceros:atr_ktr:trees:K1,ncf:ceros:atr_ktr:trees:K1:8,Calamus thwaitesii Becc.,Calamus thwaitesii,Arecaceae,Calamus,14.95109,74.37002,100.0,2025-11-22,Anshi_Anshi_Badpoli,50 by 10m vegetation plots and a 5 by 10m regeneration plot within
K22,ncf:ceros:atr_ktr:trees:K22,ncf:ceros:atr_ktr:trees:K22:18,Macaranga peltata (Roxb.) Müll.Arg.,Macaranga peltata,Euphorbiaceae,Macaranga,14.87999,74.41013,100.0,2025-11-28,Kadra_Kadra_Balemane,50 by 10m vegetation plots and a 5 by 10m regeneration plot within
K47,ncf:ceros:atr_ktr:trees:K47,ncf:ceros:atr_ktr:trees:K47:1,Actinodaphne angustifolia (Blume) Nees,Actinodaphne angustifolia,Lauraceae,Actinodaphne,15.12541,74.48069,100.0,2025-12-06,Phansoli_Amboli_Kumbeli,50 by 10m vegetation plots and a 5 by 10m regeneration plot within
K9,ncf:ceros:atr_ktr:trees:K9,ncf:ceros:atr_ktr:trees:K9:38,Symplocos racemosa Roxb.,Symplocos racemosa,Symplocaceae,Symplocos,15.04249,74.35,100.0,2025-11-24,Anshi_Badpoli_Lande,50 by 10m vegetation plots and a 5 by 10m regeneration plot within
K20,ncf:ceros:atr_ktr:trees:K20,ncf:ceros:atr_ktr:trees:K20:11,Getonia floribunda Roxb.,Getonia floribunda,Combretaceae,Getonia,14.8929,74.46011,100.0,2025-11-28,Kadra_Kadra_Balemane,50 by 10m vegetation plots and a 5 by 10m regeneration plot within
K4,ncf:ceros:atr_ktr:trees:K4,ncf:ceros:atr_ktr:trees:K4:39,Nothopegia castaneifolia (Roth) Ding Hou,Nothopegia castaneifolia,Anacardiaceae,Nothopegia,15.02334,74.4273,100.0,2025-11-23,Anshi_Sawanth Matkarni_Sawanth Matkarni,50 by 10m vegetation plots and a 5 by 10m regeneration plot within
K46,ncf:ceros:atr_ktr:trees:K46,ncf:ceros:atr_ktr:trees:K46:23,Ziziphus rugosa Lam.,Ziziphus rugosa,Rhamnaceae,Ziziphus,15.14255,74.58648,100.0,2025-12-05,Phansoli_Phansoli_Phansoli,50 by 10m vegetation plots and a 5 by 10m regeneration plot within
K45,ncf:ceros:atr_ktr:trees:K45,ncf:ceros:atr_ktr:trees:K45:13,Ixora nigricans R.Br. ex Wight & Arn.,Ixora nigricans,Rubiaceae,Ixora,15.12909,74.59881,100.0,2025-12-05,Phansoli_Phansoli_Phansoli,50 by 10m vegetation plots and a 5 by 10m regeneration plot within
K47,ncf:ceros:atr_ktr:trees:K47,ncf:ceros:atr_ktr:trees:K47:38,Syzygium cumini (L.) Skeels,Syzygium cumini,Myrtaceae,Syzygium,15.12541,74.48069,100.0,2025-12-06,Phansoli_Amboli_Kumbeli,50 by 10m vegetation plots and a 5 by 10m regeneration plot within
K20,ncf:ceros:atr_ktr:trees:K20,ncf:ceros:atr_ktr:trees:K20:12,Glochidion heyneanum (Wight & Arn.) Wight,Glochidion heyneanum,Phyllanthaceae,Glochidion,14.8929,74.46011,100.0,2025-11-28,Kadra_Kadra_Balemane,50 by 10m vegetation plots and a 5 by 10m regeneration plot within
K24,ncf:ceros:atr_ktr:trees:K24,ncf:ceros:atr_ktr:trees:K24:44,Salacia beddomei Gamble,Salacia beddomei,Celastraceae,Salacia,14.97144,74.31979,100.0,2025-11-29,Kadra_Bargadde_Sanake,50 by 10m vegetation plots and a 5 by 10m regeneration plot within
K49,ncf:ceros:atr_ktr:trees:K49,ncf:ceros:atr_ktr:trees:K49:33,Ixora brachiata Roxb.,Ixora brachiata,Rubiaceae,Ixora,15.0245,74.4809,100.0,2025-12-06,Gund_Marda_Shimpura Gudda,50 by 10m vegetation plots and a 5 by 10m regeneration plot within
K32,ncf:ceros:atr_ktr:trees:K32,ncf:ceros:atr_ktr:trees:K32:55,Heptapleurum venulosum (Wight & Arn.) Seem.,Heptapleurum venulosum,Araliaceae,Heptapleurum,15.34117,74.37326,100.0,2025-12-02,Castlerock_Castlerock_Populwadi,50 by 10m vegetation plots and a 5 by 10m regeneration plot within
K8,ncf:ceros:atr_ktr:trees:K8,ncf:ceros:atr_ktr:trees:K8:18,Flacourtia montana J.Graham,Flacourtia montana,Salicaceae,Flacourtia,15.04524,74.33066,100.0,2025-11-24,Anshi_Nujji_Nujji,50 by 10m vegetation plots and a 5 by 10m regeneration plot within
K52,ncf:ceros:atr_ktr:trees:K52,ncf:ceros:atr_ktr:trees:K52:6,Beilschmiedia dalzellii (Meisn.) Kosterm.,Beilschmiedia dalzellii,Lauraceae,Beilschmiedia,15.06448,74.52105,100.0,2025-12-07,Gund_Marda_Marda,50 by 10m vegetation plots and a 5 by 10m regeneration plot within
K27,ncf:ceros:atr_ktr:trees:K27,ncf:ceros:atr_ktr:trees:K27:13,Dalbergia rubiginosa Roxb.,Dalbergia rubiginosa,Fabaceae,Dalbergia,14.92656,74.35452,100.0,2025-11-29,Kadra_Kadra_Kadra-West,50 by 10m vegetation plots and a 5 by 10m regeneration plot within
K47,ncf:ceros:atr_ktr:trees:K47,ncf:ceros:atr_ktr:trees:K47:10,Casearia tomentosa Roxb.,Casearia tomentosa,Salicaceae,Casearia,15.12541,74.48069,100.0,2025-12-06,Phansoli_Amboli_Kumbeli,50 by 10m vegetation plots and a 5 by 10m regeneration plot within
K17,ncf:ceros:atr_ktr:trees:K17,ncf:ceros:atr_ktr:trees:K17:48,Pavetta L.,,Rubiaceae,Pavetta,15.11042,74.36691,100.0,2025-11-27,Kumbharwada_Kumbharwada_Kumbharwada,50 by 10m vegetation plots and a 5 by 10m regeneration plot within
K47,ncf:ceros:atr_ktr:trees:K47,ncf:ceros:atr_ktr:trees:K47:22,Leea indica (Burm.fil.) Merr.,Leea indica,Vitaceae,Leea,15.12541,74.48069,100.0,2025-12-06,Phansoli_Amboli_Kumbeli,50 by 10m vegetation plots and a 5 by 10m regeneration plot within
K14,ncf:ceros:atr_ktr:trees:K14,ncf:ceros:atr_ktr:trees:K14:21,Elaeagnus conferta Roxb.,Elaeagnus conferta,Elaeagnaceae,Elaeagnus,15.21519,74.37618,100.0,2025-11-26,Kumbharwada_Sulaveli_Sulaveli,50 by 10m vegetation plots and a 5 by 10m regeneration plot within
K34,ncf:ceros:atr_ktr:trees:K34,ncf:ceros:atr_ktr:trees:K34:52,Myristica beddomei King,Myristica beddomei,Myristicaceae,Myristica,15.42029,74.32832,100.0,2025-12-02,Castlerock_Anmod_Anmod-East,50 by 10m vegetation plots and a 5 by 10m regeneration plot within
K4,ncf:ceros:atr_ktr:trees:K4,ncf:ceros:atr_ktr:trees:K4:34,Mallotus philippensis (Lam.) Müll.Arg.,Mallotus philippensis,Euphorbiaceae,Mallotus,15.02334,74.4273,100.0,2025-11-23,Anshi_Sawanth Matkarni_Sawanth Matkarni,50 by 10m vegetation plots and a 5 by 10m regeneration plot within
K31,ncf:ceros:atr_ktr:trees:K31,ncf:ceros:atr_ktr:trees:K31:18,Connarus monocarpus (L.) Wight & Arn.,,Connaraceae,,15.32309,74.38428,100.0,2025-12-02,Castlerock_NA_Viral,50 by 10m vegetation plots and a 5 by 10m regeneration plot within
K37,ncf:ceros:atr_ktr:trees:K37,ncf:ceros:atr_ktr:trees:K37:5,Catunaregam spinosa (Thunb.) Tirveng.,Catunaregam spinosa,Rubiaceae,Catunaregam,15.15166,74.64497,100.0,2025-12-04,Kulgi_Kegdal_Gutti,50 by 10m vegetation plots and a 5 by 10m regeneration plot within
K17,ncf:ceros:atr_ktr:trees:K17,ncf:ceros:atr_ktr:trees:K17:15,Connarus monocarpus (L.) Wight & Arn.,,Connaraceae,,15.11042,74.36691,100.0,2025-11-27,Kumbharwada_Kumbharwada_Kumbharwada,50 by 10m vegetation plots and a 5 by 10m regeneration plot within
K22,ncf:ceros:atr_ktr:trees:K22,ncf:ceros:atr_ktr:trees:K22:25,Tectona grandis L.f.,Tectona grandis,Lamiaceae,Tectona,14.87999,74.41013,100.0,2025-11-28,Kadra_Kadra_Balemane,50 by 10m vegetation plots and a 5 by 10m regeneration plot within
K17,ncf:ceros:atr_ktr:trees:K17,ncf:ceros:atr_ktr:trees:K17:33,Ixora nigricans R.Br. ex Wight & Arn.,Ixora nigricans,Rubiaceae,Ixora,15.11042,74.36691,100.0,2025-11-27,Kumbharwada_Kumbharwada_Kumbharwada,50 by 10m vegetation plots and a 5 by 10m regeneration plot within
K7,ncf:ceros:atr_ktr:trees:K7,ncf:ceros:atr_ktr:trees:K7:51,Sterculia guttata Roxb.,Sterculia guttata,Malvaceae,Sterculia,15.09989,74.38199,100.0,2025-11-24,Anshi_Nujji_Jhalavali,50 by 10m vegetation plots and a 5 by 10m regeneration plot within
K27,ncf:ceros:atr_ktr:trees:K27,ncf:ceros:atr_ktr:trees:K27:18,Diploclisia glaucescens (Blume) Diels,Diploclisia glaucescens,Menispermaceae,Diploclisia,14.92656,74.35452,100.0,2025-11-29,Kadra_Kadra_Kadra-West,50 by 10m vegetation plots and a 5 by 10m regeneration plot within
K45,ncf:ceros:atr_ktr:trees:K45,ncf:ceros:atr_ktr:trees:K45:23,Paramignya monophylla Wight,Paramignya monophylla,Rutaceae,Paramignya,15.12909,74.59881,100.0,2025-12-05,Phansoli_Phansoli_Phansoli,50 by 10m vegetation plots and a 5 by 10m regeneration plot within
K28,ncf:ceros:atr_ktr:trees:K28,ncf:ceros:atr_ktr:trees:K28:15,Dalbergia rubiginosa Roxb.,Dalbergia rubiginosa,Fabaceae,Dalbergia,14.93541,74.35854,100.0,2025-11-30,Kadra_Kadra_Kadra-West,50 by 10m vegetation plots and a 5 by 10m regeneration plot within
K55,ncf:ceros:atr_ktr:trees:K55,ncf:ceros:atr_ktr:trees:K55:1,Actinodaphne angustifolia (Blume) Nees,Actinodaphne angustifolia,Lauraceae,Actinodaphne,15.07023,74.53669,100.0,2025-12-07,Gund_Gund_Gund,50 by 10m vegetation plots and a 5 by 10m regeneration plot within
K53,ncf:ceros:atr_ktr:trees:K53,ncf:ceros:atr_ktr:trees:K53:43,Ventilago denticulata Willd.,Ventilago denticulata,Rhamnaceae,Ventilago,15.05536,74.53871,100.0,2025-12-07,Gund_Tammanagi_Shavale,50 by 10m vegetation plots and a 5 by 10m regeneration plot within
K22,ncf:ceros:atr_ktr:trees:K22,ncf:ceros:atr_ktr:trees:K22:17,Lagerstroemia microcarpa Wight,Lagerstroemia microcarpa,Lythraceae,Lagerstroemia,14.87999,74.41013,100.0,2025-11-28,Kadra_Kadra_Balemane,50 by 10m vegetation plots and a 5 by 10m regeneration plot within
K49,ncf:ceros:atr_ktr:trees:K49,ncf:ceros:atr_ktr:trees:K49:7,Beilschmiedia dalzellii (Meisn.) Kosterm.,Beilschmiedia dalzellii,Lauraceae,Beilschmiedia,15.0245,74.4809,100.0,2025-12-06,Gund_Marda_Shimpura Gudda,50 by 10m vegetation plots and a 5 by 10m regeneration plot within
K50,ncf:ceros:atr_ktr:trees:K50,ncf:ceros:atr_ktr:trees:K50:37,Tetrapilus dioicus (Roxb.) L.A.S.Johnson,Tetrapilus dioicus,Oleaceae,Tetrapilus,15.02905,74.50175,100.0,2025-12-06,Gund_Ulavi_Ulavi,50 by 10m vegetation plots and a 5 by 10m regeneration plot within
K29,ncf:ceros:atr_ktr:trees:K29,ncf:ceros:atr_ktr:trees:K29:12,Connarus wightii Hook.fil.,Connarus wightii,Connaraceae,Connarus,15.4885,74.34842,100.0,2025-12-01,Castlerock_Anmod_Rangarook,50 by 10m vegetation plots and a 5 by 10m regeneration plot within
K34,ncf:ceros:atr_ktr:trees:K34,ncf:ceros:atr_ktr:trees:K34:9,Beilschmiedia dalzellii (Meisn.) Kosterm.,Beilschmiedia dalzellii,Lauraceae,Beilschmiedia,15.42029,74.32832,100.0,2025-12-02,Castlerock_Anmod_Anmod-East,50 by 10m vegetation plots and a 5 by 10m regeneration plot within
K50,ncf:ceros:atr_ktr:trees:K50,ncf:ceros:atr_ktr:trees:K50:13,Donella lanceolata (Blume) Aubrév.,Donella lanceolata,Sapotaceae,Donella,15.02905,74.50175,100.0,2025-12-06,Gund_Ulavi_Ulavi,50 by 10m vegetation plots and a 5 by 10m regeneration plot within
K32,ncf:ceros:atr_ktr:trees:K32,ncf:ceros:atr_ktr:trees:K32:50,Psychotria dalzellii Hook.f.,Psychotria dalzellii,Rubiaceae,Psychotria,15.34117,74.37326,100.0,2025-12-02,Castlerock_Castlerock_Populwadi,50 by 10m vegetation plots and a 5 by 10m regeneration plot within
K18,ncf:ceros:atr_ktr:trees:K18,ncf:ceros:atr_ktr:trees:K18:29,Syzygium cumini (L.) Skeels,Syzygium cumini,Myrtaceae,Syzygium,15.09507,74.42705,100.0,2025-11-27,Kumbharwada_Kumbharwada_Kalsai,50 by 10m vegetation plots and a 5 by 10m regeneration plot within
K31,ncf:ceros:atr_ktr:trees:K31,ncf:ceros:atr_ktr:trees:K31:54,Rourea minor (Gaertn.) Alston,Rourea minor,Connaraceae,Rourea,15.32309,74.38428,100.0,2025-12-02,Castlerock_NA_Viral,50 by 10m vegetation plots and a 5 by 10m regeneration plot within
K23,ncf:ceros:atr_ktr:trees:K23,ncf:ceros:atr_ktr:trees:K23:22,Strobilanthes ixiocephala Benth.,Strobilanthes ixiocephala,Acanthaceae,Strobilanthes,14.92281,74.33555,100.0,2025-11-28,Kadra_Kadra_Kadra-West,50 by 10m vegetation plots and a 5 by 10m regeneration plot within
K12,ncf:ceros:atr_ktr:trees:K12,ncf:ceros:atr_ktr:trees:K12:38,Memecylon umbellatum Burm.fil.,Memecylon umbellatum,Melastomataceae,Memecylon,15.21126,74.348,100.0,2025-11-25,Kumbharwada_Terali_Patagudi,50 by 10m vegetation plots and a 5 by 10m regeneration plot within
K49,ncf:ceros:atr_ktr:trees:K49,ncf:ceros:atr_ktr:trees:K49:3,Allophylus cobbe (L.) Forsyth fil.,Allophylus cobbe,Sapindaceae,Allophylus,15.0245,74.4809,100.0,2025-12-06,Gund_Marda_Shimpura Gudda,50 by 10m vegetation plots and a 5 by 10m regeneration plot within
K33,ncf:ceros:atr_ktr:trees:K33,ncf:ceros:atr_ktr:trees:K33:25,Hopea ponga (Dennst.) Mabb.,Hopea ponga,Dipterocarpaceae,Hopea,15.38466,74.34508,100.0,2025-12-02,Castlerock_Castlerock_Kalambuli,50 by 10m vegetation plots and a 5 by 10m regeneration plot within
K19,ncf:ceros:atr_ktr:trees:K19,ncf:ceros:atr_ktr:trees:K19:28,Litsea coriacea (Nees) Hook.fil.,Litsea coriacea,Lauraceae,Litsea,15.05663,74.45597,100.0,2025-11-27,Phansoli_Amboli_Amboli,50 by 10m vegetation plots and a 5 by 10m regeneration plot within
K5,ncf:ceros:atr_ktr:trees:K5,ncf:ceros:atr_ktr:trees:K5:23,Gymnosporia rothiana (Walp.) M.A.Lawson,Gymnosporia rothiana,Celastraceae,Gymnosporia,14.98514,74.37265,100.0,2025-11-23,Anshi_Anshi_Anshi,50 by 10m vegetation plots and a 5 by 10m regeneration plot within
K7,ncf:ceros:atr_ktr:trees:K7,ncf:ceros:atr_ktr:trees:K7:20,Dimocarpus longan Lour.,Dimocarpus longan,Sapindaceae,Dimocarpus,15.09989,74.38199,100.0,2025-11-24,Anshi_Nujji_Jhalavali,50 by 10m vegetation plots and a 5 by 10m regeneration plot within
K36,ncf:ceros:atr_ktr:trees:K36,ncf:ceros:atr_ktr:trees:K36:2,Aporosa cardiosperma (Gaertn.) Merr.,Aporosa cardiosperma,Phyllanthaceae,Aporosa,15.48777,74.28354,100.0,2025-12-03,Castlerock_Karambal_Vatla,50 by 10m vegetation plots and a 5 by 10m regeneration plot within
K2,ncf:ceros:atr_ktr:trees:K2,ncf:ceros:atr_ktr:trees:K2:31,Luvunga sarmentosa (Blume) Kurz,Luvunga sarmentosa,Rutaceae,Luvunga,14.9607,74.37222,100.0,2025-11-22,Anshi_Badpoli_Digali,50 by 10m vegetation plots and a 5 by 10m regeneration plot within
K15,ncf:ceros:atr_ktr:trees:K15,ncf:ceros:atr_ktr:trees:K15:14,Connarus wightii Hook.fil.,Connarus wightii,Connaraceae,Connarus,15.23219,74.34004,100.0,2025-11-26,Kumbharwada_Sulaveli_Sulaveli,50 by 10m vegetation plots and a 5 by 10m regeneration plot within
K52,ncf:ceros:atr_ktr:trees:K52,ncf:ceros:atr_ktr:trees:K52:18,Diospyros paniculata Dalzell,Diospyros paniculata,Ebenaceae,Diospyros,15.06448,74.52105,100.0,2025-12-07,Gund_Marda_Marda,50 by 10m vegetation plots and a 5 by 10m regeneration plot within
K1,ncf:ceros:atr_ktr:trees:K1,ncf:ceros:atr_ktr:trees:K1:32,Holigarna arnottiana Wall. ex Hook.fil.,Holigarna arnottiana,Anacardiaceae,Holigarna,14.95109,74.37002,100.0,2025-11-22,Anshi_Anshi_Badpoli,50 by 10m vegetation plots and a 5 by 10m regeneration plot within
K12,ncf:ceros:atr_ktr:trees:K12,ncf:ceros:atr_ktr:trees:K12:39,Murraya koenigii (L.) Spreng.,Murraya koenigii,Rutaceae,Murraya,15.21126,74.348,100.0,2025-11-25,Kumbharwada_Terali_Patagudi,50 by 10m vegetation plots and a 5 by 10m regeneration plot within
K51,ncf:ceros:atr_ktr:trees:K51,ncf:ceros:atr_ktr:trees:K51:21,Gnetum edule (Willd.) Blume,Gnetum edule,Gnetaceae,Gnetum,15.03951,74.51396,100.0,2025-12-07,Gund_Marda_Marda,50 by 10m vegetation plots and a 5 by 10m regeneration plot within
K5,ncf:ceros:atr_ktr:trees:K5,ncf:ceros:atr_ktr:trees:K5:21,Glochidion hohenackeri (Müll.Arg.) Bedd.,Glochidion hohenackeri,Phyllanthaceae,Glochidion,14.98514,74.37265,100.0,2025-11-23,Anshi_Anshi_Anshi,50 by 10m vegetation plots and a 5 by 10m regeneration plot within
K51,ncf:ceros:atr_ktr:trees:K51,ncf:ceros:atr_ktr:trees:K51:35,Moullava spicata (Dalzell) Nicolson,Moullava spicata,Fabaceae,Moullava,15.03951,74.51396,100.0,2025-12-07,Gund_Marda_Marda,50 by 10m vegetation plots and a 5 by 10m regeneration plot within
K10,ncf:ceros:atr_ktr:trees:K10,ncf:ceros:atr_ktr:trees:K10:14,Diospyros montana Roxb.,Diospyros montana,Ebenaceae,Diospyros,15.01108,74.35722,100.0,2025-11-24,Anshi_Badpoli_Badpoli,50 by 10m vegetation plots and a 5 by 10m regeneration plot within
K19,ncf:ceros:atr_ktr:trees:K19,ncf:ceros:atr_ktr:trees:K19:9,Caryota urens L.,Caryota urens,Arecaceae,Caryota,15.05663,74.45597,100.0,2025-11-27,Phansoli_Amboli_Amboli,50 by 10m vegetation plots and a 5 by 10m regeneration plot within
K48,ncf:ceros:atr_ktr:trees:K48,ncf:ceros:atr_ktr:trees:K48:20,Heynea trijuga Roxb.,Heynea trijuga,Meliaceae,Heynea,15.14195,74.46927,100.0,2025-12-06,Phansoli_Amboli_Kumbeli,50 by 10m vegetation plots and a 5 by 10m regeneration plot within
K51,ncf:ceros:atr_ktr:trees:K51,ncf:ceros:atr_ktr:trees:K51:3,Aglaia lawii (Wight) C.J.Saldanha,Aglaia lawii,Meliaceae,Aglaia,15.03951,74.51396,100.0,2025-12-07,Gund_Marda_Marda,50 by 10m vegetation plots and a 5 by 10m regeneration plot within
K19,ncf:ceros:atr_ktr:trees:K19,ncf:ceros:atr_ktr:trees:K19:2,Ailanthus triphysa (Dennst.) Alston,Ailanthus triphysa,Simaroubaceae,Ailanthus,15.05663,74.45597,100.0,2025-11-27,Phansoli_Amboli_Amboli,50 by 10m vegetation plots and a 5 by 10m regeneration plot within
K53,ncf:ceros:atr_ktr:trees:K53,ncf:ceros:atr_ktr:trees:K53:37,Strychnos nux-vomica L.,Strychnos nux-vomica,Loganiaceae,Strychnos,15.05536,74.53871,100.0,2025-12-07,Gund_Tammanagi_Shavale,50 by 10m vegetation plots and a 5 by 10m regeneration plot within
K47,ncf:ceros:atr_ktr:trees:K47,ncf:ceros:atr_ktr:trees:K47:34,Smilax L.,,Smilacaceae,Smilax,15.12541,74.48069,100.0,2025-12-06,Phansoli_Amboli_Kumbeli,50 by 10m vegetation plots and a 5 by 10m regeneration plot within
K34,ncf:ceros:atr_ktr:trees:K34,ncf:ceros:atr_ktr:trees:K34:2,Aglaia lawii (Wight) C.J.Saldanha,Aglaia lawii,Meliaceae,Aglaia,15.42029,74.32832,100.0,2025-12-02,Castlerock_Anmod_Anmod-East,50 by 10m vegetation plots and a 5 by 10m regeneration plot within
K28,ncf:ceros:atr_ktr:trees:K28,ncf:ceros:atr_ktr:trees:K28:61,Vitex altissima L.f.,Vitex altissima,Lamiaceae,Vitex,14.93541,74.35854,100.0,2025-11-30,Kadra_Kadra_Kadra-West,50 by 10m vegetation plots and a 5 by 10m regeneration plot within
K36,ncf:ceros:atr_ktr:trees:K36,ncf:ceros:atr_ktr:trees:K36:44,Machilus glaucescens (Nees) Wight,Machilus glaucescens,Lauraceae,Machilus,15.48777,74.28354,100.0,2025-12-03,Castlerock_Karambal_Vatla,50 by 10m vegetation plots and a 5 by 10m regeneration plot within
K39,ncf:ceros:atr_ktr:trees:K39,ncf:ceros:atr_ktr:trees:K39:33,Terminalia paniculata B.Heyne ex Roth,Terminalia paniculata,Combretaceae,Terminalia,15.15024,74.62002,100.0,2025-12-04,Kulgi_Kulgi_Kulgi-South,50 by 10m vegetation plots and a 5 by 10m regeneration plot within
K28,ncf:ceros:atr_ktr:trees:K28,ncf:ceros:atr_ktr:trees:K28:5,Artabotrys zeylanicus Hook.f. & Thomson,Artabotrys zeylanicus,Annonaceae,Artabotrys,14.93541,74.35854,100.0,2025-11-30,Kadra_Kadra_Kadra-West,50 by 10m vegetation plots and a 5 by 10m regeneration plot within
K35,ncf:ceros:atr_ktr:trees:K35,ncf:ceros:atr_ktr:trees:K35:22,Flacourtia montana J.Graham,Flacourtia montana,Salicaceae,Flacourtia,15.47685,74.30104,100.0,2025-12-03,Castlerock_Karambal_Vatla,50 by 10m vegetation plots and a 5 by 10m regeneration plot within
K52,ncf:ceros:atr_ktr:trees:K52,ncf:ceros:atr_ktr:trees:K52:36,Xylia xylocarpa (Roxb.) W.Theob.,Xylia xylocarpa,Fabaceae,Xylia,15.06448,74.52105,100.0,2025-12-07,Gund_Marda_Marda,50 by 10m vegetation plots and a 5 by 10m regeneration plot within
K47,ncf:ceros:atr_ktr:trees:K47,ncf:ceros:atr_ktr:trees:K47:47,Ziziphus rugosa Lam.,Ziziphus rugosa,Rhamnaceae,Ziziphus,15.12541,74.48069,100.0,2025-12-06,Phansoli_Amboli_Kumbeli,50 by 10m vegetation plots and a 5 by 10m regeneration plot within
K27,ncf:ceros:atr_ktr:trees:K27,ncf:ceros:atr_ktr:trees:K27:48,Smythea bombaiensis (Dalzell) S.P.Banerjee & P.K.Mukh.,Ventilago bombaiensis,Rhamnaceae,Ventilago,14.92656,74.35452,100.0,2025-11-29,Kadra_Kadra_Kadra-West,50 by 10m vegetation plots and a 5 by 10m regeneration plot within
K54,ncf:ceros:atr_ktr:trees:K54,ncf:ceros:atr_ktr:trees:K54:8,Glycosmis pentaphylla (Retz.) Corrêa,Glycosmis pentaphylla,Rutaceae,Glycosmis,15.06675,74.57376,100.0,2025-12-07,Gund_Tammanagi_Shavale,50 by 10m vegetation plots and a 5 by 10m regeneration plot within
K13,ncf:ceros:atr_ktr:trees:K13,ncf:ceros:atr_ktr:trees:K13:40,Syzygium cumini (L.) Skeels,Syzygium cumini,Myrtaceae,Syzygium,15.22005,74.39724,100.0,2025-11-26,Kumbharwada_Sulaveli_Vagheli,50 by 10m vegetation plots and a 5 by 10m regeneration plot within
K40,ncf:ceros:atr_ktr:trees:K40,ncf:ceros:atr_ktr:trees:K40:22,Sapindus trifoliatus L.,Sapindus trifoliatus,Sapindaceae,Sapindus,15.13301,74.62137,100.0,2025-12-04,Kulgi_Kulgi_Amgaon,50 by 10m vegetation plots and a 5 by 10m regeneration plot within
K53,ncf:ceros:atr_ktr:trees:K53,ncf:ceros:atr_ktr:trees:K53:41,Terminalia paniculata B.Heyne ex Roth,Terminalia paniculata,Combretaceae,Terminalia,15.05536,74.53871,100.0,2025-12-07,Gund_Tammanagi_Shavale,50 by 10m vegetation plots and a 5 by 10m regeneration plot within
K52,ncf:ceros:atr_ktr:trees:K52,ncf:ceros:atr_ktr:trees:K52:11,Catunaregam spinosa (Thunb.) Tirveng.,Catunaregam spinosa,Rubiaceae,Catunaregam,15.06448,74.52105,100.0,2025-12-07,Gund_Marda_Marda,50 by 10m vegetation plots and a 5 by 10m regeneration plot within
K20,ncf:ceros:atr_ktr:trees:K20,ncf:ceros:atr_ktr:trees:K20:25,Terminalia paniculata B.Heyne ex Roth,Terminalia paniculata,Combretaceae,Terminalia,14.8929,74.46011,100.0,2025-11-28,Kadra_Kadra_Balemane,50 by 10m vegetation plots and a 5 by 10m regeneration plot within
K49,ncf:ceros:atr_ktr:trees:K49,ncf:ceros:atr_ktr:trees:K49:12,Calophyllum apetalum Willd.,Calophyllum apetalum,Calophyllaceae,Calophyllum,15.0245,74.4809,100.0,2025-12-06,Gund_Marda_Shimpura Gudda,50 by 10m vegetation plots and a 5 by 10m regeneration plot within
K17,ncf:ceros:atr_ktr:trees:K17,ncf:ceros:atr_ktr:trees:K17:1,Actinodaphne angustifolia (Blume) Nees,Actinodaphne angustifolia,Lauraceae,Actinodaphne,15.11042,74.36691,100.0,2025-11-27,Kumbharwada_Kumbharwada_Kumbharwada,50 by 10m vegetation plots and a 5 by 10m regeneration plot within
K19,ncf:ceros:atr_ktr:trees:K19,ncf:ceros:atr_ktr:trees:K19:42,Spondias pinnata (L.fil.) Kurz,Spondias pinnata,Anacardiaceae,Spondias,15.05663,74.45597,100.0,2025-11-27,Phansoli_Amboli_Amboli,50 by 10m vegetation plots and a 5 by 10m regeneration plot within
K5,ncf:ceros:atr_ktr:trees:K5,ncf:ceros:atr_ktr:trees:K5:25,Ixora brachiata Roxb.,Ixora brachiata,Rubiaceae,Ixora,14.98514,74.37265,100.0,2025-11-23,Anshi_Anshi_Anshi,50 by 10m vegetation plots and a 5 by 10m regeneration plot within
K14,ncf:ceros:atr_ktr:trees:K14,ncf:ceros:atr_ktr:trees:K14:30,Holigarna grahamii (Wight) Kurz,Holigarna grahamii,Anacardiaceae,Holigarna,15.21519,74.37618,100.0,2025-11-26,Kumbharwada_Sulaveli_Sulaveli,50 by 10m vegetation plots and a 5 by 10m regeneration plot within
K6,ncf:ceros:atr_ktr:trees:K6,ncf:ceros:atr_ktr:trees:K6:38,Memecylon umbellatum Burm.fil.,Memecylon umbellatum,Melastomataceae,Memecylon,15.01219,74.39533,100.0,2025-11-23,Anshi_Sawanth Matkarni_Sawanth Matkarni,50 by 10m vegetation plots and a 5 by 10m regeneration plot within
K12,ncf:ceros:atr_ktr:trees:K12,ncf:ceros:atr_ktr:trees:K12:23,Garcinia morella (Gaertn.) Desr.,Garcinia morella,Clusiaceae,Garcinia,15.21126,74.348,100.0,2025-11-25,Kumbharwada_Terali_Patagudi,50 by 10m vegetation plots and a 5 by 10m regeneration plot within
K33,ncf:ceros:atr_ktr:trees:K33,ncf:ceros:atr_ktr:trees:K33:40,Moullava spicata (Dalzell) Nicolson,Moullava spicata,Fabaceae,Moullava,15.38466,74.34508,100.0,2025-12-02,Castlerock_Castlerock_Kalambuli,50 by 10m vegetation plots and a 5 by 10m regeneration plot within
K14,ncf:ceros:atr_ktr:trees:K14,ncf:ceros:atr_ktr:trees:K14:26,Garcinia morella (Gaertn.) Desr.,Garcinia morella,Clusiaceae,Garcinia,15.21519,74.37618,100.0,2025-11-26,Kumbharwada_Sulaveli_Sulaveli,50 by 10m vegetation plots and a 5 by 10m regeneration plot within
K48,ncf:ceros:atr_ktr:trees:K48,ncf:ceros:atr_ktr:trees:K48:29,Tabernaemontana alternifolia L.,Tabernaemontana alternifolia,Apocynaceae,Tabernaemontana,15.14195,74.46927,100.0,2025-12-06,Phansoli_Amboli_Kumbeli,50 by 10m vegetation plots and a 5 by 10m regeneration plot within
K47,ncf:ceros:atr_ktr:trees:K47,ncf:ceros:atr_ktr:trees:K47:32,Pterospermum angustifolium Tardieu,Pterospermum angustifolium,Malvaceae,Pterospermum,15.12541,74.48069,100.0,2025-12-06,Phansoli_Amboli_Kumbeli,50 by 10m vegetation plots and a 5 by 10m regeneration plot within
K27,ncf:ceros:atr_ktr:trees:K27,ncf:ceros:atr_ktr:trees:K27:9,Calamus thwaitesii Becc.,Calamus thwaitesii,Arecaceae,Calamus,14.92656,74.35452,100.0,2025-11-29,Kadra_Kadra_Kadra-West,50 by 10m vegetation plots and a 5 by 10m regeneration plot within
K32,ncf:ceros:atr_ktr:trees:K32,ncf:ceros:atr_ktr:trees:K32:43,Memecylon umbellatum Burm.fil.,Memecylon umbellatum,Melastomataceae,Memecylon,15.34117,74.37326,100.0,2025-12-02,Castlerock_Castlerock_Populwadi,50 by 10m vegetation plots and a 5 by 10m regeneration plot within
K53,ncf:ceros:atr_ktr:trees:K53,ncf:ceros:atr_ktr:trees:K53:21,Getonia floribunda Roxb.,Getonia floribunda,Combretaceae,Getonia,15.05536,74.53871,100.0,2025-12-07,Gund_Tammanagi_Shavale,50 by 10m vegetation plots and a 5 by 10m regeneration plot within
K54,ncf:ceros:atr_ktr:trees:K54,ncf:ceros:atr_ktr:trees:K54:7,Getonia floribunda Roxb.,Getonia floribunda,Combretaceae,Getonia,15.06675,74.57376,100.0,2025-12-07,Gund_Tammanagi_Shavale,50 by 10m vegetation plots and a 5 by 10m regeneration plot within
K42,ncf:ceros:atr_ktr:trees:K42,ncf:ceros:atr_ktr:trees:K42:26,Strychnos nux-vomica L.,Strychnos nux-vomica,Loganiaceae,Strychnos,15.1487,74.69531,100.0,2025-12-05,Kulgi_Kegdal_Kalabhavi,50 by 10m vegetation plots and a 5 by 10m regeneration plot within
K50,ncf:ceros:atr_ktr:trees:K50,ncf:ceros:atr_ktr:trees:K50:24,Ixora brachiata Roxb.,Ixora brachiata,Rubiaceae,Ixora,15.02905,74.50175,100.0,2025-12-06,Gund_Ulavi_Ulavi,50 by 10m vegetation plots and a 5 by 10m regeneration plot within
K47,ncf:ceros:atr_ktr:trees:K47,ncf:ceros:atr_ktr:trees:K47:21,Holarrhena pubescens (Buch.-Ham.) Wall. ex G.Don,Holarrhena pubescens,Apocynaceae,Holarrhena,15.12541,74.48069,100.0,2025-12-06,Phansoli_Amboli_Kumbeli,50 by 10m vegetation plots and a 5 by 10m regeneration plot within
K10,ncf:ceros:atr_ktr:trees:K10,ncf:ceros:atr_ktr:trees:K10:32,Madhuca longifolia (J.Koenig ex L.) J.F.Macbr.,Madhuca longifolia,Sapotaceae,Madhuca,15.01108,74.35722,100.0,2025-11-24,Anshi_Badpoli_Badpoli,50 by 10m vegetation plots and a 5 by 10m regeneration plot within
K33,ncf:ceros:atr_ktr:trees:K33,ncf:ceros:atr_ktr:trees:K33:18,Dysoxylum gotadhora (Buch.-Ham.) Mabb.,Dysoxylum gotadhora,Meliaceae,Dysoxylum,15.38466,74.34508,100.0,2025-12-02,Castlerock_Castlerock_Kalambuli,50 by 10m vegetation plots and a 5 by 10m regeneration plot within
K34,ncf:ceros:atr_ktr:trees:K34,ncf:ceros:atr_ktr:trees:K34:19,Derris canarensis (Dalzell) Baker,Derris canarensis,Fabaceae,Derris,15.42029,74.32832,100.0,2025-12-02,Castlerock_Anmod_Anmod-East,50 by 10m vegetation plots and a 5 by 10m regeneration plot within
K45,ncf:ceros:atr_ktr:trees:K45,ncf:ceros:atr_ktr:trees:K45:30,Xylia xylocarpa (Roxb.) W.Theob.,Xylia xylocarpa,Fabaceae,Xylia,15.12909,74.59881,100.0,2025-12-05,Phansoli_Phansoli_Phansoli,50 by 10m vegetation plots and a 5 by 10m regeneration plot within
K19,ncf:ceros:atr_ktr:trees:K19,ncf:ceros:atr_ktr:trees:K19:47,Terminalia bellirica (Gaertn.) Roxb.,Terminalia bellirica,Combretaceae,Terminalia,15.05663,74.45597,100.0,2025-11-27,Phansoli_Amboli_Amboli,50 by 10m vegetation plots and a 5 by 10m regeneration plot within
K28,ncf:ceros:atr_ktr:trees:K28,ncf:ceros:atr_ktr:trees:K28:6,Artocarpus gomezianus Wall. ex Trécul,Artocarpus gomezianus,Moraceae,Artocarpus,14.93541,74.35854,100.0,2025-11-30,Kadra_Kadra_Kadra-West,50 by 10m vegetation plots and a 5 by 10m regeneration plot within
K19,ncf:ceros:atr_ktr:trees:K19,ncf:ceros:atr_ktr:trees:K19:53,Ziziphus rugosa Lam.,Ziziphus rugosa,Rhamnaceae,Ziziphus,15.05663,74.45597,100.0,2025-11-27,Phansoli_Amboli_Amboli,50 by 10m vegetation plots and a 5 by 10m regeneration plot within
K25,ncf:ceros:atr_ktr:trees:K25,ncf:ceros:atr_ktr:trees:K25:40,Tabernaemontana alternifolia L.,Tabernaemontana alternifolia,Apocynaceae,Tabernaemontana,14.95361,74.31835,100.0,2025-11-29,Kadra_Bargadde_Bargadde,50 by 10m vegetation plots and a 5 by 10m regeneration plot within
K13,ncf:ceros:atr_ktr:trees:K13,ncf:ceros:atr_ktr:trees:K13:28,Memecylon talbotianum Brandis,Memecylon talbotianum,Melastomataceae,Memecylon,15.22005,74.39724,100.0,2025-11-26,Kumbharwada_Sulaveli_Vagheli,50 by 10m vegetation plots and a 5 by 10m regeneration plot within
K18,ncf:ceros:atr_ktr:trees:K18,ncf:ceros:atr_ktr:trees:K18:31,Terminalia bellirica (Gaertn.) Roxb.,Terminalia bellirica,Combretaceae,Terminalia,15.09507,74.42705,100.0,2025-11-27,Kumbharwada_Kumbharwada_Kalsai,50 by 10m vegetation plots and a 5 by 10m regeneration plot within
K8,ncf:ceros:atr_ktr:trees:K8,ncf:ceros:atr_ktr:trees:K8:27,Memecylon talbotianum Brandis,Memecylon talbotianum,Melastomataceae,Memecylon,15.04524,74.33066,100.0,2025-11-24,Anshi_Nujji_Nujji,50 by 10m vegetation plots and a 5 by 10m regeneration plot within
K7,ncf:ceros:atr_ktr:trees:K7,ncf:ceros:atr_ktr:trees:K7:55,Terminalia paniculata B.Heyne ex Roth,Terminalia paniculata,Combretaceae,Terminalia,15.09989,74.38199,100.0,2025-11-24,Anshi_Nujji_Jhalavali,50 by 10m vegetation plots and a 5 by 10m regeneration plot within
K54,ncf:ceros:atr_ktr:trees:K54,ncf:ceros:atr_ktr:trees:K54:15,Paramignya monophylla Wight,Paramignya monophylla,Rutaceae,Paramignya,15.06675,74.57376,100.0,2025-12-07,Gund_Tammanagi_Shavale,50 by 10m vegetation plots and a 5 by 10m regeneration plot within
K45,ncf:ceros:atr_ktr:trees:K45,ncf:ceros:atr_ktr:trees:K45:7,Diospyros montana Roxb.,Diospyros montana,Ebenaceae,Diospyros,15.12909,74.59881,100.0,2025-12-05,Phansoli_Phansoli_Phansoli,50 by 10m vegetation plots and a 5 by 10m regeneration plot within
K35,ncf:ceros:atr_ktr:trees:K35,ncf:ceros:atr_ktr:trees:K35:7,Cinnamomum Schaeff.,,Lauraceae,Cinnamomum,15.47685,74.30104,100.0,2025-12-03,Castlerock_Karambal_Vatla,50 by 10m vegetation plots and a 5 by 10m regeneration plot within
K4,ncf:ceros:atr_ktr:trees:K4,ncf:ceros:atr_ktr:trees:K4:21,Glycosmis pentaphylla (Retz.) Corrêa,Glycosmis pentaphylla,Rutaceae,Glycosmis,15.02334,74.4273,100.0,2025-11-23,Anshi_Sawanth Matkarni_Sawanth Matkarni,50 by 10m vegetation plots and a 5 by 10m regeneration plot within
K37,ncf:ceros:atr_ktr:trees:K37,ncf:ceros:atr_ktr:trees:K37:27,Xylia xylocarpa (Roxb.) W.Theob.,Xylia xylocarpa,Fabaceae,Xylia,15.15166,74.64497,100.0,2025-12-04,Kulgi_Kegdal_Gutti,50 by 10m vegetation plots and a 5 by 10m regeneration plot within
K26,ncf:ceros:atr_ktr:trees:K26,ncf:ceros:atr_ktr:trees:K26:40,Stereospermum colais (Buch.-Ham. ex Dillwyn) Mabb.,Stereospermum colais,Bignoniaceae,Stereospermum,14.94972,74.29521,100.0,2025-11-29,Kadra_Bargadde_Bargadde,50 by 10m vegetation plots and a 5 by 10m regeneration plot within
K49,ncf:ceros:atr_ktr:trees:K49,ncf:ceros:atr_ktr:trees:K49:9,Buchanania cochinchinensis (Lour.) Almeida,Buchanania cochinchinensis,Anacardiaceae,Buchanania,15.0245,74.4809,100.0,2025-12-06,Gund_Marda_Shimpura Gudda,50 by 10m vegetation plots and a 5 by 10m regeneration plot within
K16,ncf:ceros:atr_ktr:trees:K16,ncf:ceros:atr_ktr:trees:K16:18,Diploclisia glaucescens (Blume) Diels,Diploclisia glaucescens,Menispermaceae,Diploclisia,15.12424,74.32561,100.0,2025-11-27,Kumbharwada_Kundal_Keloli,50 by 10m vegetation plots and a 5 by 10m regeneration plot within
K34,ncf:ceros:atr_ktr:trees:K34,ncf:ceros:atr_ktr:trees:K34:32,Glycosmis pentaphylla (Retz.) Corrêa,Glycosmis pentaphylla,Rutaceae,Glycosmis,15.42029,74.32832,100.0,2025-12-02,Castlerock_Anmod_Anmod-East,50 by 10m vegetation plots and a 5 by 10m regeneration plot within
K4,ncf:ceros:atr_ktr:trees:K4,ncf:ceros:atr_ktr:trees:K4:10,Casearia championii Thwaites,Casearia championii,Salicaceae,Casearia,15.02334,74.4273,100.0,2025-11-23,Anshi_Sawanth Matkarni_Sawanth Matkarni,50 by 10m vegetation plots and a 5 by 10m regeneration plot within
K26,ncf:ceros:atr_ktr:trees:K26,ncf:ceros:atr_ktr:trees:K26:30,Microcos paniculata L.,Microcos paniculata,Malvaceae,Microcos,14.94972,74.29521,100.0,2025-11-29,Kadra_Bargadde_Bargadde,50 by 10m vegetation plots and a 5 by 10m regeneration plot within
K20,ncf:ceros:atr_ktr:trees:K20,ncf:ceros:atr_ktr:trees:K20:20,Moullava spicata (Dalzell) Nicolson,Moullava spicata,Fabaceae,Moullava,14.8929,74.46011,100.0,2025-11-28,Kadra_Kadra_Balemane,50 by 10m vegetation plots and a 5 by 10m regeneration plot within
K19,ncf:ceros:atr_ktr:trees:K19,ncf:ceros:atr_ktr:trees:K19:23,Helicteres isora L.,Helicteres isora,Malvaceae,Helicteres,15.05663,74.45597,100.0,2025-11-27,Phansoli_Amboli_Amboli,50 by 10m vegetation plots and a 5 by 10m regeneration plot within
K34,ncf:ceros:atr_ktr:trees:K34,ncf:ceros:atr_ktr:trees:K34:33,Grewia umbellata Roxb.,Grewia laevigata,Malvaceae,Grewia,15.42029,74.32832,100.0,2025-12-02,Castlerock_Anmod_Anmod-East,50 by 10m vegetation plots and a 5 by 10m regeneration plot within
K16,ncf:ceros:atr_ktr:trees:K16,ncf:ceros:atr_ktr:trees:K16:35,Memecylon talbotianum Brandis,Memecylon talbotianum,Melastomataceae,Memecylon,15.12424,74.32561,100.0,2025-11-27,Kumbharwada_Kundal_Keloli,50 by 10m vegetation plots and a 5 by 10m regeneration plot within
K29,ncf:ceros:atr_ktr:trees:K29,ncf:ceros:atr_ktr:trees:K29:58,"Zanthoxylum asiaticum (L.) Appelhans, Groppo & J.Wen",Zanthoxylum asiaticum,Rutaceae,Zanthoxylum,15.4885,74.34842,100.0,2025-12-01,Castlerock_Anmod_Rangarook,50 by 10m vegetation plots and a 5 by 10m regeneration plot within
K21,ncf:ceros:atr_ktr:trees:K21,ncf:ceros:atr_ktr:trees:K21:16,Stachyphrynium spicatum (Roxb.) K.Schum.,Stachyphrynium spicatum,Marantaceae,Stachyphrynium,14.88869,74.43009,100.0,2025-11-28,Kadra_Kadra_Balemane,50 by 10m vegetation plots and a 5 by 10m regeneration plot within
K33,ncf:ceros:atr_ktr:trees:K33,ncf:ceros:atr_ktr:trees:K33:53,Terminalia paniculata B.Heyne ex Roth,Terminalia paniculata,Combretaceae,Terminalia,15.38466,74.34508,100.0,2025-12-02,Castlerock_Castlerock_Kalambuli,50 by 10m vegetation plots and a 5 by 10m regeneration plot within
K7,ncf:ceros:atr_ktr:trees:K7,ncf:ceros:atr_ktr:trees:K7:49,Rourea minor (Gaertn.) Alston,Rourea minor,Connaraceae,Rourea,15.09989,74.38199,100.0,2025-11-24,Anshi_Nujji_Jhalavali,50 by 10m vegetation plots and a 5 by 10m regeneration plot within
K27,ncf:ceros:atr_ktr:trees:K27,ncf:ceros:atr_ktr:trees:K27:11,Caryota urens L.,Caryota urens,Arecaceae,Caryota,14.92656,74.35452,100.0,2025-11-29,Kadra_Kadra_Kadra-West,50 by 10m vegetation plots and a 5 by 10m regeneration plot within
K56,ncf:ceros:atr_ktr:trees:K56,ncf:ceros:atr_ktr:trees:K56:10,Getonia floribunda Roxb.,Getonia floribunda,Combretaceae,Getonia,15.09191,74.51578,100.0,2025-12-07,Phansoli_Avurli_Avurli,50 by 10m vegetation plots and a 5 by 10m regeneration plot within
K38,ncf:ceros:atr_ktr:trees:K38,ncf:ceros:atr_ktr:trees:K38:7,Chromolaena odorata (L.) R.M.King & H.Rob.,Chromolaena odorata,Asteraceae,Chromolaena,15.16349,74.62148,100.0,2025-12-04,Kulgi_Kulgi_Kulgi-South,50 by 10m vegetation plots and a 5 by 10m regeneration plot within
K32,ncf:ceros:atr_ktr:trees:K32,ncf:ceros:atr_ktr:trees:K32:17,Diospyros montana Roxb.,Diospyros montana,Ebenaceae,Diospyros,15.34117,74.37326,100.0,2025-12-02,Castlerock_Castlerock_Populwadi,50 by 10m vegetation plots and a 5 by 10m regeneration plot within
K4,ncf:ceros:atr_ktr:trees:K4,ncf:ceros:atr_ktr:trees:K4:22,Gnetum edule (Willd.) Blume,Gnetum edule,Gnetaceae,Gnetum,15.02334,74.4273,100.0,2025-11-23,Anshi_Sawanth Matkarni_Sawanth Matkarni,50 by 10m vegetation plots and a 5 by 10m regeneration plot within
K39,ncf:ceros:atr_ktr:trees:K39,ncf:ceros:atr_ktr:trees:K39:25,Moullava spicata (Dalzell) Nicolson,Moullava spicata,Fabaceae,Moullava,15.15024,74.62002,100.0,2025-12-04,Kulgi_Kulgi_Kulgi-South,50 by 10m vegetation plots and a 5 by 10m regeneration plot within
K17,ncf:ceros:atr_ktr:trees:K17,ncf:ceros:atr_ktr:trees:K17:20,Dracaena terniflora Roxb.,Dracaena elliptica,Asparagaceae,Dracaena,15.11042,74.36691,100.0,2025-11-27,Kumbharwada_Kumbharwada_Kumbharwada,50 by 10m vegetation plots and a 5 by 10m regeneration plot within
K11,ncf:ceros:atr_ktr:trees:K11,ncf:ceros:atr_ktr:trees:K11:35,Mallotus philippensis (Lam.) Müll.Arg.,Mallotus philippensis,Euphorbiaceae,Mallotus,15.24596,74.28135,100.0,2025-11-25,Kumbharwada_Diggi_Diggi,50 by 10m vegetation plots and a 5 by 10m regeneration plot within
K17,ncf:ceros:atr_ktr:trees:K17,ncf:ceros:atr_ktr:trees:K17:18,Diospyros candolleana Wight,Diospyros candolleana,Ebenaceae,Diospyros,15.11042,74.36691,100.0,2025-11-27,Kumbharwada_Kumbharwada_Kumbharwada,50 by 10m vegetation plots and a 5 by 10m regeneration plot within
K14,ncf:ceros:atr_ktr:trees:K14,ncf:ceros:atr_ktr:trees:K14:52,Xantolis tomentosa (Roxb.) Raf.,Xantolis tomentosa,Sapotaceae,Xantolis,15.21519,74.37618,100.0,2025-11-26,Kumbharwada_Sulaveli_Sulaveli,50 by 10m vegetation plots and a 5 by 10m regeneration plot within
K34,ncf:ceros:atr_ktr:trees:K34,ncf:ceros:atr_ktr:trees:K34:35,Heynea trijuga Roxb.,Heynea trijuga,Meliaceae,Heynea,15.42029,74.32832,100.0,2025-12-02,Castlerock_Anmod_Anmod-East,50 by 10m vegetation plots and a 5 by 10m regeneration plot within
K31,ncf:ceros:atr_ktr:trees:K31,ncf:ceros:atr_ktr:trees:K31:12,Caryota urens L.,Caryota urens,Arecaceae,Caryota,15.32309,74.38428,100.0,2025-12-02,Castlerock_NA_Viral,50 by 10m vegetation plots and a 5 by 10m regeneration plot within
K26,ncf:ceros:atr_ktr:trees:K26,ncf:ceros:atr_ktr:trees:K26:5,Asparagus racemosus Willd.,Asparagus racemosus,Asparagaceae,Asparagus,14.94972,74.29521,100.0,2025-11-29,Kadra_Bargadde_Bargadde,50 by 10m vegetation plots and a 5 by 10m regeneration plot within
K31,ncf:ceros:atr_ktr:trees:K31,ncf:ceros:atr_ktr:trees:K31:22,Diploclisia glaucescens (Blume) Diels,Diploclisia glaucescens,Menispermaceae,Diploclisia,15.32309,74.38428,100.0,2025-12-02,Castlerock_NA_Viral,50 by 10m vegetation plots and a 5 by 10m regeneration plot within
K9,ncf:ceros:atr_ktr:trees:K9,ncf:ceros:atr_ktr:trees:K9:1,Anodendron parviflorum (Roxb.) I.M.Turner,Anodendron parviflorum,Apocynaceae,Anodendron,15.04249,74.35,100.0,2025-11-24,Anshi_Badpoli_Lande,50 by 10m vegetation plots and a 5 by 10m regeneration plot within
K4,ncf:ceros:atr_ktr:trees:K4,ncf:ceros:atr_ktr:trees:K4:17,Erycibe paniculata Roxb.,Erycibe paniculata,Convolvulaceae,Erycibe,15.02334,74.4273,100.0,2025-11-23,Anshi_Sawanth Matkarni_Sawanth Matkarni,50 by 10m vegetation plots and a 5 by 10m regeneration plot within
K28,ncf:ceros:atr_ktr:trees:K28,ncf:ceros:atr_ktr:trees:K28:55,Scolopia crenata (Wight & Arn.) Clos,Scolopia crenata,Salicaceae,Scolopia,14.93541,74.35854,100.0,2025-11-30,Kadra_Kadra_Kadra-West,50 by 10m vegetation plots and a 5 by 10m regeneration plot within
K14,ncf:ceros:atr_ktr:trees:K14,ncf:ceros:atr_ktr:trees:K14:15,Cosmostigma cordatum (Poir.) M.R.Almeida,Cosmostigma cordatum,Apocynaceae,Cosmostigma,15.21519,74.37618,100.0,2025-11-26,Kumbharwada_Sulaveli_Sulaveli,50 by 10m vegetation plots and a 5 by 10m regeneration plot within
K51,ncf:ceros:atr_ktr:trees:K51,ncf:ceros:atr_ktr:trees:K51:43,Syzygium cumini (L.) Skeels,Syzygium cumini,Myrtaceae,Syzygium,15.03951,74.51396,100.0,2025-12-07,Gund_Marda_Marda,50 by 10m vegetation plots and a 5 by 10m regeneration plot within
K53,ncf:ceros:atr_ktr:trees:K53,ncf:ceros:atr_ktr:trees:K53:40,Terminalia bellirica (Gaertn.) Roxb.,Terminalia bellirica,Combretaceae,Terminalia,15.05536,74.53871,100.0,2025-12-07,Gund_Tammanagi_Shavale,50 by 10m vegetation plots and a 5 by 10m regeneration plot within
K3,ncf:ceros:atr_ktr:trees:K3,ncf:ceros:atr_ktr:trees:K3:1,Actinodaphne angustifolia (Blume) Nees,Actinodaphne angustifolia,Lauraceae,Actinodaphne,15.02369,74.45427,100.0,2025-11-23,Anshi_Sawanth Matkarni_Sawanth Matkarni,50 by 10m vegetation plots and a 5 by 10m regeneration plot within
K10,ncf:ceros:atr_ktr:trees:K10,ncf:ceros:atr_ktr:trees:K10:39,Tetrapilus dioicus (Roxb.) L.A.S.Johnson,Tetrapilus dioicus,Oleaceae,Tetrapilus,15.01108,74.35722,100.0,2025-11-24,Anshi_Badpoli_Badpoli,50 by 10m vegetation plots and a 5 by 10m regeneration plot within
K8,ncf:ceros:atr_ktr:trees:K8,ncf:ceros:atr_ktr:trees:K8:29,Myristica beddomei King,Myristica beddomei,Myristicaceae,Myristica,15.04524,74.33066,100.0,2025-11-24,Anshi_Nujji_Nujji,50 by 10m vegetation plots and a 5 by 10m regeneration plot within
K10,ncf:ceros:atr_ktr:trees:K10,ncf:ceros:atr_ktr:trees:K10:15,Elaeagnus conferta Roxb.,Elaeagnus conferta,Elaeagnaceae,Elaeagnus,15.01108,74.35722,100.0,2025-11-24,Anshi_Badpoli_Badpoli,50 by 10m vegetation plots and a 5 by 10m regeneration plot within
K17,ncf:ceros:atr_ktr:trees:K17,ncf:ceros:atr_ktr:trees:K17:45,Tetrapilus dioicus (Roxb.) L.A.S.Johnson,Tetrapilus dioicus,Oleaceae,Tetrapilus,15.11042,74.36691,100.0,2025-11-27,Kumbharwada_Kumbharwada_Kumbharwada,50 by 10m vegetation plots and a 5 by 10m regeneration plot within
K52,ncf:ceros:atr_ktr:trees:K52,ncf:ceros:atr_ktr:trees:K52:35,Uvaria hookeri King,Uvaria hookeri,Annonaceae,Uvaria,15.06448,74.52105,100.0,2025-12-07,Gund_Marda_Marda,50 by 10m vegetation plots and a 5 by 10m regeneration plot within
K46,ncf:ceros:atr_ktr:trees:K46,ncf:ceros:atr_ktr:trees:K46:14,Meyna laxiflora Robyns,Meyna laxiflora,Rubiaceae,Meyna,15.14255,74.58648,100.0,2025-12-05,Phansoli_Phansoli_Phansoli,50 by 10m vegetation plots and a 5 by 10m regeneration plot within
K22,ncf:ceros:atr_ktr:trees:K22,ncf:ceros:atr_ktr:trees:K22:23,Strychnos nux-vomica L.,Strychnos nux-vomica,Loganiaceae,Strychnos,14.87999,74.41013,100.0,2025-11-28,Kadra_Kadra_Balemane,50 by 10m vegetation plots and a 5 by 10m regeneration plot within
K1,ncf:ceros:atr_ktr:trees:K1,ncf:ceros:atr_ktr:trees:K1:36,Ixora nigricans R.Br. ex Wight & Arn.,Ixora nigricans,Rubiaceae,Ixora,14.95109,74.37002,100.0,2025-11-22,Anshi_Anshi_Badpoli,50 by 10m vegetation plots and a 5 by 10m regeneration plot within
K24,ncf:ceros:atr_ktr:trees:K24,ncf:ceros:atr_ktr:trees:K24:29,Litsea coriacea (Nees) Hook.fil.,Litsea coriacea,Lauraceae,Litsea,14.97144,74.31979,100.0,2025-11-29,Kadra_Bargadde_Sanake,50 by 10m vegetation plots and a 5 by 10m regeneration plot within
K11,ncf:ceros:atr_ktr:trees:K11,ncf:ceros:atr_ktr:trees:K11:14,Diospyros ferrea (Willd.) Bakh.,Diospyros ferrea,Ebenaceae,Diospyros,15.24596,74.28135,100.0,2025-11-25,Kumbharwada_Diggi_Diggi,50 by 10m vegetation plots and a 5 by 10m regeneration plot within
K19,ncf:ceros:atr_ktr:trees:K19,ncf:ceros:atr_ktr:trees:K19:14,Desmos chinensis Lour.,Desmos chinensis,Annonaceae,Desmos,15.05663,74.45597,100.0,2025-11-27,Phansoli_Amboli_Amboli,50 by 10m vegetation plots and a 5 by 10m regeneration plot within
K26,ncf:ceros:atr_ktr:trees:K26,ncf:ceros:atr_ktr:trees:K26:8,Careya arborea Roxb.,Careya arborea,Lecythidaceae,Careya,14.94972,74.29521,100.0,2025-11-29,Kadra_Bargadde_Bargadde,50 by 10m vegetation plots and a 5 by 10m regeneration plot within
K31,ncf:ceros:atr_ktr:trees:K31,ncf:ceros:atr_ktr:trees:K31:48,Nothopegia castaneifolia (Roth) Ding Hou,Nothopegia castaneifolia,Anacardiaceae,Nothopegia,15.32309,74.38428,100.0,2025-12-02,Castlerock_NA_Viral,50 by 10m vegetation plots and a 5 by 10m regeneration plot within
K12,ncf:ceros:atr_ktr:trees:K12,ncf:ceros:atr_ktr:trees:K12:45,Rourea minor (Gaertn.) Alston,Rourea minor,Connaraceae,Rourea,15.21126,74.348,100.0,2025-11-25,Kumbharwada_Terali_Patagudi,50 by 10m vegetation plots and a 5 by 10m regeneration plot within
K35,ncf:ceros:atr_ktr:trees:K35,ncf:ceros:atr_ktr:trees:K35:44,Nothopegia castaneifolia (Roth) Ding Hou,Nothopegia castaneifolia,Anacardiaceae,Nothopegia,15.47685,74.30104,100.0,2025-12-03,Castlerock_Karambal_Vatla,50 by 10m vegetation plots and a 5 by 10m regeneration plot within
K37,ncf:ceros:atr_ktr:trees:K37,ncf:ceros:atr_ktr:trees:K37:10,Dendrolobium triangulare (Retz.) Schindl.,Dendrolobium triangulare,Fabaceae,Dendrolobium,15.15166,74.64497,100.0,2025-12-04,Kulgi_Kegdal_Gutti,50 by 10m vegetation plots and a 5 by 10m regeneration plot within
K18,ncf:ceros:atr_ktr:trees:K18,ncf:ceros:atr_ktr:trees:K18:27,Psychotria dalzellii Hook.f.,Psychotria dalzellii,Rubiaceae,Psychotria,15.09507,74.42705,100.0,2025-11-27,Kumbharwada_Kumbharwada_Kalsai,50 by 10m vegetation plots and a 5 by 10m regeneration plot within
K54,ncf:ceros:atr_ktr:trees:K54,ncf:ceros:atr_ktr:trees:K54:5,Cosmostigma cordatum (Poir.) M.R.Almeida,Cosmostigma cordatum,Apocynaceae,Cosmostigma,15.06675,74.57376,100.0,2025-12-07,Gund_Tammanagi_Shavale,50 by 10m vegetation plots and a 5 by 10m regeneration plot within
K34,ncf:ceros:atr_ktr:trees:K34,ncf:ceros:atr_ktr:trees:K34:4,Alseodaphne semecarpifolia Nees,Alseodaphne semecarpifolia,Lauraceae,Alseodaphne,15.42029,74.32832,100.0,2025-12-02,Castlerock_Anmod_Anmod-East,50 by 10m vegetation plots and a 5 by 10m regeneration plot within
K49,ncf:ceros:atr_ktr:trees:K49,ncf:ceros:atr_ktr:trees:K49:55,Uvaria hookeri King,Uvaria hookeri,Annonaceae,Uvaria,15.0245,74.4809,100.0,2025-12-06,Gund_Marda_Shimpura Gudda,50 by 10m vegetation plots and a 5 by 10m regeneration plot within
K8,ncf:ceros:atr_ktr:trees:K8,ncf:ceros:atr_ktr:trees:K8:3,Aphanamixis polystachya (Wall.) R.Parker,Aphanamixis polystachya,Meliaceae,Aphanamixis,15.04524,74.33066,100.0,2025-11-24,Anshi_Nujji_Nujji,50 by 10m vegetation plots and a 5 by 10m regeneration plot within
K51,ncf:ceros:atr_ktr:trees:K51,ncf:ceros:atr_ktr:trees:K51:22,Grewia umbellata Roxb.,Grewia laevigata,Malvaceae,Grewia,15.03951,74.51396,100.0,2025-12-07,Gund_Marda_Marda,50 by 10m vegetation plots and a 5 by 10m regeneration plot within
K25,ncf:ceros:atr_ktr:trees:K25,ncf:ceros:atr_ktr:trees:K25:35,Sterculia guttata Roxb.,Sterculia guttata,Malvaceae,Sterculia,14.95361,74.31835,100.0,2025-11-29,Kadra_Bargadde_Bargadde,50 by 10m vegetation plots and a 5 by 10m regeneration plot within
K40,ncf:ceros:atr_ktr:trees:K40,ncf:ceros:atr_ktr:trees:K40:18,Mallotus philippensis (Lam.) Müll.Arg.,Mallotus philippensis,Euphorbiaceae,Mallotus,15.13301,74.62137,100.0,2025-12-04,Kulgi_Kulgi_Amgaon,50 by 10m vegetation plots and a 5 by 10m regeneration plot within
K26,ncf:ceros:atr_ktr:trees:K26,ncf:ceros:atr_ktr:trees:K26:51,Ziziphus rugosa Lam.,Ziziphus rugosa,Rhamnaceae,Ziziphus,14.94972,74.29521,100.0,2025-11-29,Kadra_Bargadde_Bargadde,50 by 10m vegetation plots and a 5 by 10m regeneration plot within
K8,ncf:ceros:atr_ktr:trees:K8,ncf:ceros:atr_ktr:trees:K8:33,Salacia beddomei Gamble,Salacia beddomei,Celastraceae,Salacia,15.04524,74.33066,100.0,2025-11-24,Anshi_Nujji_Nujji,50 by 10m vegetation plots and a 5 by 10m regeneration plot within
K53,ncf:ceros:atr_ktr:trees:K53,ncf:ceros:atr_ktr:trees:K53:33,Psydrax dicoccos Gaertn.,Psydrax dicoccos,Rubiaceae,Psydrax,15.05536,74.53871,100.0,2025-12-07,Gund_Tammanagi_Shavale,50 by 10m vegetation plots and a 5 by 10m regeneration plot within
K15,ncf:ceros:atr_ktr:trees:K15,ncf:ceros:atr_ktr:trees:K15:19,Diploclisia glaucescens (Blume) Diels,Diploclisia glaucescens,Menispermaceae,Diploclisia,15.23219,74.34004,100.0,2025-11-26,Kumbharwada_Sulaveli_Sulaveli,50 by 10m vegetation plots and a 5 by 10m regeneration plot within
K56,ncf:ceros:atr_ktr:trees:K56,ncf:ceros:atr_ktr:trees:K56:7,Ficus hispida L.fil.,Ficus hispida,Moraceae,Ficus,15.09191,74.51578,100.0,2025-12-07,Phansoli_Avurli_Avurli,50 by 10m vegetation plots and a 5 by 10m regeneration plot within
K36,ncf:ceros:atr_ktr:trees:K36,ncf:ceros:atr_ktr:trees:K36:11,Carallia brachiata (Lour.) Merr.,Carallia brachiata,Rhizophoraceae,Carallia,15.48777,74.28354,100.0,2025-12-03,Castlerock_Karambal_Vatla,50 by 10m vegetation plots and a 5 by 10m regeneration plot within
K18,ncf:ceros:atr_ktr:trees:K18,ncf:ceros:atr_ktr:trees:K18:35,Xylia xylocarpa (Roxb.) W.Theob.,Xylia xylocarpa,Fabaceae,Xylia,15.09507,74.42705,100.0,2025-11-27,Kumbharwada_Kumbharwada_Kalsai,50 by 10m vegetation plots and a 5 by 10m regeneration plot within
K15,ncf:ceros:atr_ktr:trees:K15,ncf:ceros:atr_ktr:trees:K15:11,Cinnamomum Schaeff.,,Lauraceae,Cinnamomum,15.23219,74.34004,100.0,2025-11-26,Kumbharwada_Sulaveli_Sulaveli,50 by 10m vegetation plots and a 5 by 10m regeneration plot within
K54,ncf:ceros:atr_ktr:trees:K54,ncf:ceros:atr_ktr:trees:K54:17,Rauvolfia verticillata (Lour.) Baill.,Rauvolfia verticillata,Apocynaceae,Rauvolfia,15.06675,74.57376,100.0,2025-12-07,Gund_Tammanagi_Shavale,50 by 10m vegetation plots and a 5 by 10m regeneration plot within
K12,ncf:ceros:atr_ktr:trees:K12,ncf:ceros:atr_ktr:trees:K12:3,Artocarpus heterophyllus Lam.,Artocarpus heterophyllus,Moraceae,Artocarpus,15.21126,74.348,100.0,2025-11-25,Kumbharwada_Terali_Patagudi,50 by 10m vegetation plots and a 5 by 10m regeneration plot within
K3,ncf:ceros:atr_ktr:trees:K3,ncf:ceros:atr_ktr:trees:K3:42,Macaranga peltata (Roxb.) Müll.Arg.,Macaranga peltata,Euphorbiaceae,Macaranga,15.02369,74.45427,100.0,2025-11-23,Anshi_Sawanth Matkarni_Sawanth Matkarni,50 by 10m vegetation plots and a 5 by 10m regeneration plot within
K11,ncf:ceros:atr_ktr:trees:K11,ncf:ceros:atr_ktr:trees:K11:17,Dysoxylum gotadhora (Buch.-Ham.) Mabb.,Dysoxylum gotadhora,Meliaceae,Dysoxylum,15.24596,74.28135,100.0,2025-11-25,Kumbharwada_Diggi_Diggi,50 by 10m vegetation plots and a 5 by 10m regeneration plot within
K44,ncf:ceros:atr_ktr:trees:K44,ncf:ceros:atr_ktr:trees:K44:18,Schleichera oleosa (Lour.) Oken,Schleichera oleosa,Sapindaceae,Schleichera,15.1191,74.68068,100.0,2025-12-05,Kulgi_Kegdal_Amga-East,50 by 10m vegetation plots and a 5 by 10m regeneration plot within
K29,ncf:ceros:atr_ktr:trees:K29,ncf:ceros:atr_ktr:trees:K29:56,Tabernaemontana alternifolia L.,Tabernaemontana alternifolia,Apocynaceae,Tabernaemontana,15.4885,74.34842,100.0,2025-12-01,Castlerock_Anmod_Rangarook,50 by 10m vegetation plots and a 5 by 10m regeneration plot within
K7,ncf:ceros:atr_ktr:trees:K7,ncf:ceros:atr_ktr:trees:K7:41,Memecylon umbellatum Burm.fil.,Memecylon umbellatum,Melastomataceae,Memecylon,15.09989,74.38199,100.0,2025-11-24,Anshi_Nujji_Jhalavali,50 by 10m vegetation plots and a 5 by 10m regeneration plot within
K25,ncf:ceros:atr_ktr:trees:K25,ncf:ceros:atr_ktr:trees:K25:24,Mallotus philippensis (Lam.) Müll.Arg.,Mallotus philippensis,Euphorbiaceae,Mallotus,14.95361,74.31835,100.0,2025-11-29,Kadra_Bargadde_Bargadde,50 by 10m vegetation plots and a 5 by 10m regeneration plot within
K41,ncf:ceros:atr_ktr:trees:K41,ncf:ceros:atr_ktr:trees:K41:17,Terminalia paniculata B.Heyne ex Roth,Terminalia paniculata,Combretaceae,Terminalia,15.14435,74.67638,100.0,2025-12-05,Kulgi_Kegdal_Gutti,50 by 10m vegetation plots and a 5 by 10m regeneration plot within
K4,ncf:ceros:atr_ktr:trees:K4,ncf:ceros:atr_ktr:trees:K4:37,Memecylon talbotianum Brandis,Memecylon talbotianum,Melastomataceae,Memecylon,15.02334,74.4273,100.0,2025-11-23,Anshi_Sawanth Matkarni_Sawanth Matkarni,50 by 10m vegetation plots and a 5 by 10m regeneration plot within
K30,ncf:ceros:atr_ktr:trees:K30,ncf:ceros:atr_ktr:trees:K30:9,Dillenia pentagyna Roxb.,Dillenia pentagyna,Dilleniaceae,Dillenia,15.47372,74.33301,100.0,2025-12-01,Castlerock_Anmod_Meda,50 by 10m vegetation plots and a 5 by 10m regeneration plot within
K11,ncf:ceros:atr_ktr:trees:K11,ncf:ceros:atr_ktr:trees:K11:7,Calamus thwaitesii Becc.,Calamus thwaitesii,Arecaceae,Calamus,15.24596,74.28135,100.0,2025-11-25,Kumbharwada_Diggi_Diggi,50 by 10m vegetation plots and a 5 by 10m regeneration plot within
K31,ncf:ceros:atr_ktr:trees:K31,ncf:ceros:atr_ktr:trees:K31:58,Terminalia paniculata B.Heyne ex Roth,Terminalia paniculata,Combretaceae,Terminalia,15.32309,74.38428,100.0,2025-12-02,Castlerock_NA_Viral,50 by 10m vegetation plots and a 5 by 10m regeneration plot within
K30,ncf:ceros:atr_ktr:trees:K30,ncf:ceros:atr_ktr:trees:K30:20,Ixora brachiata Roxb.,Ixora brachiata,Rubiaceae,Ixora,15.47372,74.33301,100.0,2025-12-01,Castlerock_Anmod_Meda,50 by 10m vegetation plots and a 5 by 10m regeneration plot within
K33,ncf:ceros:atr_ktr:trees:K33,ncf:ceros:atr_ktr:trees:K33:33,Mallotus philippensis (Lam.) Müll.Arg.,Mallotus philippensis,Euphorbiaceae,Mallotus,15.38466,74.34508,100.0,2025-12-02,Castlerock_Castlerock_Kalambuli,50 by 10m vegetation plots and a 5 by 10m regeneration plot within
K16,ncf:ceros:atr_ktr:trees:K16,ncf:ceros:atr_ktr:trees:K16:23,Glycosmis pentaphylla (Retz.) Corrêa,Glycosmis pentaphylla,Rutaceae,Glycosmis,15.12424,74.32561,100.0,2025-11-27,Kumbharwada_Kundal_Keloli,50 by 10m vegetation plots and a 5 by 10m regeneration plot within
K32,ncf:ceros:atr_ktr:trees:K32,ncf:ceros:atr_ktr:trees:K32:15,Dichapetalum gelonioides (Roxb.) Engl.,Dichapetalum gelonioides,Dichapetalaceae,Dichapetalum,15.34117,74.37326,100.0,2025-12-02,Castlerock_Castlerock_Populwadi,50 by 10m vegetation plots and a 5 by 10m regeneration plot within
K24,ncf:ceros:atr_ktr:trees:K24,ncf:ceros:atr_ktr:trees:K24:43,Salacia beddomei Gamble,Salacia beddomei,Celastraceae,Salacia,14.97144,74.31979,100.0,2025-11-29,Kadra_Bargadde_Sanake,50 by 10m vegetation plots and a 5 by 10m regeneration plot within
K10,ncf:ceros:atr_ktr:trees:K10,ncf:ceros:atr_ktr:trees:K10:2,Aglaia elaeagnoidea (A.Juss.) Benth.,Aglaia elaeagnoidea,Meliaceae,Aglaia,15.01108,74.35722,100.0,2025-11-24,Anshi_Badpoli_Badpoli,50 by 10m vegetation plots and a 5 by 10m regeneration plot within
K56,ncf:ceros:atr_ktr:trees:K56,ncf:ceros:atr_ktr:trees:K56:9,Garcinia indica (Thouars) Choisy,Garcinia indica,Clusiaceae,Garcinia,15.09191,74.51578,100.0,2025-12-07,Phansoli_Avurli_Avurli,50 by 10m vegetation plots and a 5 by 10m regeneration plot within
K34,ncf:ceros:atr_ktr:trees:K34,ncf:ceros:atr_ktr:trees:K34:16,Donella lanceolata (Blume) Aubrév.,Donella lanceolata,Sapotaceae,Donella,15.42029,74.32832,100.0,2025-12-02,Castlerock_Anmod_Anmod-East,50 by 10m vegetation plots and a 5 by 10m regeneration plot within
K8,ncf:ceros:atr_ktr:trees:K8,ncf:ceros:atr_ktr:trees:K8:11,Diospyros ferrea (Willd.) Bakh.,Diospyros ferrea,Ebenaceae,Diospyros,15.04524,74.33066,100.0,2025-11-24,Anshi_Nujji_Nujji,50 by 10m vegetation plots and a 5 by 10m regeneration plot within
K7,ncf:ceros:atr_ktr:trees:K7,ncf:ceros:atr_ktr:trees:K7:27,Euonymus indicus B.Heyne ex Roxb.,Euonymus indicus,Celastraceae,Euonymus,15.09989,74.38199,100.0,2025-11-24,Anshi_Nujji_Jhalavali,50 by 10m vegetation plots and a 5 by 10m regeneration plot within
K50,ncf:ceros:atr_ktr:trees:K50,ncf:ceros:atr_ktr:trees:K50:17,Dracaena terniflora Roxb.,Dracaena elliptica,Asparagaceae,Dracaena,15.02905,74.50175,100.0,2025-12-06,Gund_Ulavi_Ulavi,50 by 10m vegetation plots and a 5 by 10m regeneration plot within
K51,ncf:ceros:atr_ktr:trees:K51,ncf:ceros:atr_ktr:trees:K51:5,Ancistrocladus heyneanus Wall.,Ancistrocladus heyneanus,Ancistrocladaceae,Ancistrocladus,15.03951,74.51396,100.0,2025-12-07,Gund_Marda_Marda,50 by 10m vegetation plots and a 5 by 10m regeneration plot within
K10,ncf:ceros:atr_ktr:trees:K10,ncf:ceros:atr_ktr:trees:K10:17,Garcinia gummi-gutta (L.) N.Robson,Garcinia gummi-gutta,Clusiaceae,Garcinia,15.01108,74.35722,100.0,2025-11-24,Anshi_Badpoli_Badpoli,50 by 10m vegetation plots and a 5 by 10m regeneration plot within
K40,ncf:ceros:atr_ktr:trees:K40,ncf:ceros:atr_ktr:trees:K40:25,Terminalia bellirica (Gaertn.) Roxb.,Terminalia bellirica,Combretaceae,Terminalia,15.13301,74.62137,100.0,2025-12-04,Kulgi_Kulgi_Amgaon,50 by 10m vegetation plots and a 5 by 10m regeneration plot within
K25,ncf:ceros:atr_ktr:trees:K25,ncf:ceros:atr_ktr:trees:K25:14,Getonia floribunda Roxb.,Getonia floribunda,Combretaceae,Getonia,14.95361,74.31835,100.0,2025-11-29,Kadra_Bargadde_Bargadde,50 by 10m vegetation plots and a 5 by 10m regeneration plot within
K31,ncf:ceros:atr_ktr:trees:K31,ncf:ceros:atr_ktr:trees:K31:32,Holigarna grahamii (Wight) Kurz,Holigarna grahamii,Anacardiaceae,Holigarna,15.32309,74.38428,100.0,2025-12-02,Castlerock_NA_Viral,50 by 10m vegetation plots and a 5 by 10m regeneration plot within
K43,ncf:ceros:atr_ktr:trees:K43,ncf:ceros:atr_ktr:trees:K43:17,Lagerstroemia microcarpa Wight,Lagerstroemia microcarpa,Lythraceae,Lagerstroemia,15.13126,74.6676,100.0,2025-12-05,Kulgi_Jamga_Jamga-East,50 by 10m vegetation plots and a 5 by 10m regeneration plot within
K30,ncf:ceros:atr_ktr:trees:K30,ncf:ceros:atr_ktr:trees:K30:40,Terminalia elliptica Willd.,Terminalia elliptica,Combretaceae,Terminalia,15.47372,74.33301,100.0,2025-12-01,Castlerock_Anmod_Meda,50 by 10m vegetation plots and a 5 by 10m regeneration plot within
K54,ncf:ceros:atr_ktr:trees:K54,ncf:ceros:atr_ktr:trees:K54:28,Zanthoxylum rhetsa (Roxb.) DC.,Zanthoxylum rhetsa,Rutaceae,Zanthoxylum,15.06675,74.57376,100.0,2025-12-07,Gund_Tammanagi_Shavale,50 by 10m vegetation plots and a 5 by 10m regeneration plot within
K42,ncf:ceros:atr_ktr:trees:K42,ncf:ceros:atr_ktr:trees:K42:11,Dillenia pentagyna Roxb.,Dillenia pentagyna,Dilleniaceae,Dillenia,15.1487,74.69531,100.0,2025-12-05,Kulgi_Kegdal_Kalabhavi,50 by 10m vegetation plots and a 5 by 10m regeneration plot within
K44,ncf:ceros:atr_ktr:trees:K44,ncf:ceros:atr_ktr:trees:K44:15,Helicteres isora L.,Helicteres isora,Malvaceae,Helicteres,15.1191,74.68068,100.0,2025-12-05,Kulgi_Kegdal_Amga-East,50 by 10m vegetation plots and a 5 by 10m regeneration plot within
K14,ncf:ceros:atr_ktr:trees:K14,ncf:ceros:atr_ktr:trees:K14:25,Garcinia gummi-gutta (L.) N.Robson,Garcinia gummi-gutta,Clusiaceae,Garcinia,15.21519,74.37618,100.0,2025-11-26,Kumbharwada_Sulaveli_Sulaveli,50 by 10m vegetation plots and a 5 by 10m regeneration plot within
K17,ncf:ceros:atr_ktr:trees:K17,ncf:ceros:atr_ktr:trees:K17:14,Clausena indica (Dalzell) Oliv.,Clausena indica,Rutaceae,Clausena,15.11042,74.36691,100.0,2025-11-27,Kumbharwada_Kumbharwada_Kumbharwada,50 by 10m vegetation plots and a 5 by 10m regeneration plot within
K55,ncf:ceros:atr_ktr:trees:K55,ncf:ceros:atr_ktr:trees:K55:7,Casearia graveolens Dalzell,Casearia graveolens,Salicaceae,Casearia,15.07023,74.53669,100.0,2025-12-07,Gund_Gund_Gund,50 by 10m vegetation plots and a 5 by 10m regeneration plot within
K45,ncf:ceros:atr_ktr:trees:K45,ncf:ceros:atr_ktr:trees:K45:28,Tabernaemontana alternifolia L.,Tabernaemontana alternifolia,Apocynaceae,Tabernaemontana,15.12909,74.59881,100.0,2025-12-05,Phansoli_Phansoli_Phansoli,50 by 10m vegetation plots and a 5 by 10m regeneration plot within
K12,ncf:ceros:atr_ktr:trees:K12,ncf:ceros:atr_ktr:trees:K12:29,Hopea ponga (Dennst.) Mabb.,Hopea ponga,Dipterocarpaceae,Hopea,15.21126,74.348,100.0,2025-11-25,Kumbharwada_Terali_Patagudi,50 by 10m vegetation plots and a 5 by 10m regeneration plot within
K49,ncf:ceros:atr_ktr:trees:K49,ncf:ceros:atr_ktr:trees:K49:22,Ehretia aspera Willd.,Ehretia aspera,Ehretiaceae,Ehretia,15.0245,74.4809,100.0,2025-12-06,Gund_Marda_Shimpura Gudda,50 by 10m vegetation plots and a 5 by 10m regeneration plot within
K17,ncf:ceros:atr_ktr:trees:K17,ncf:ceros:atr_ktr:trees:K17:5,Artocarpus hirsutus Lam.,Artocarpus hirsutus,Moraceae,Artocarpus,15.11042,74.36691,100.0,2025-11-27,Kumbharwada_Kumbharwada_Kumbharwada,50 by 10m vegetation plots and a 5 by 10m regeneration plot within
K50,ncf:ceros:atr_ktr:trees:K50,ncf:ceros:atr_ktr:trees:K50:25,Knema attenuata (Hook.fil. & Thomson) Warb.,Knema attenuata,Myristicaceae,Knema,15.02905,74.50175,100.0,2025-12-06,Gund_Ulavi_Ulavi,50 by 10m vegetation plots and a 5 by 10m regeneration plot within
K33,ncf:ceros:atr_ktr:trees:K33,ncf:ceros:atr_ktr:trees:K33:34,Mangifera indica L.,Mangifera indica,Anacardiaceae,Mangifera,15.38466,74.34508,100.0,2025-12-02,Castlerock_Castlerock_Kalambuli,50 by 10m vegetation plots and a 5 by 10m regeneration plot within
K30,ncf:ceros:atr_ktr:trees:K30,ncf:ceros:atr_ktr:trees:K30:14,Flacourtia montana J.Graham,Flacourtia montana,Salicaceae,Flacourtia,15.47372,74.33301,100.0,2025-12-01,Castlerock_Anmod_Meda,50 by 10m vegetation plots and a 5 by 10m regeneration plot within
K15,ncf:ceros:atr_ktr:trees:K15,ncf:ceros:atr_ktr:trees:K15:47,Strobilanthes heyneana Nees,Strobilanthes heyneana,Acanthaceae,Strobilanthes,15.23219,74.34004,100.0,2025-11-26,Kumbharwada_Sulaveli_Sulaveli,50 by 10m vegetation plots and a 5 by 10m regeneration plot within
K14,ncf:ceros:atr_ktr:trees:K14,ncf:ceros:atr_ktr:trees:K14:40,Nothopegia castaneifolia (Roth) Ding Hou,Nothopegia castaneifolia,Anacardiaceae,Nothopegia,15.21519,74.37618,100.0,2025-11-26,Kumbharwada_Sulaveli_Sulaveli,50 by 10m vegetation plots and a 5 by 10m regeneration plot within
K40,ncf:ceros:atr_ktr:trees:K40,ncf:ceros:atr_ktr:trees:K40:20,Microcos paniculata L.,Microcos paniculata,Malvaceae,Microcos,15.13301,74.62137,100.0,2025-12-04,Kulgi_Kulgi_Amgaon,50 by 10m vegetation plots and a 5 by 10m regeneration plot within
K52,ncf:ceros:atr_ktr:trees:K52,ncf:ceros:atr_ktr:trees:K52:16,Cosmostigma cordatum (Poir.) M.R.Almeida,Cosmostigma cordatum,Apocynaceae,Cosmostigma,15.06448,74.52105,100.0,2025-12-07,Gund_Marda_Marda,50 by 10m vegetation plots and a 5 by 10m regeneration plot within
K25,ncf:ceros:atr_ktr:trees:K25,ncf:ceros:atr_ktr:trees:K25:9,Catunaregam spinosa (Thunb.) Tirveng.,Catunaregam spinosa,Rubiaceae,Catunaregam,14.95361,74.31835,100.0,2025-11-29,Kadra_Bargadde_Bargadde,50 by 10m vegetation plots and a 5 by 10m regeneration plot within
K43,ncf:ceros:atr_ktr:trees:K43,ncf:ceros:atr_ktr:trees:K43:7,Cosmostigma cordatum (Poir.) M.R.Almeida,Cosmostigma cordatum,Apocynaceae,Cosmostigma,15.13126,74.6676,100.0,2025-12-05,Kulgi_Jamga_Jamga-East,50 by 10m vegetation plots and a 5 by 10m regeneration plot within
K34,ncf:ceros:atr_ktr:trees:K34,ncf:ceros:atr_ktr:trees:K34:21,Diospyros ferrea (Willd.) Bakh.,Diospyros ferrea,Ebenaceae,Diospyros,15.42029,74.32832,100.0,2025-12-02,Castlerock_Anmod_Anmod-East,50 by 10m vegetation plots and a 5 by 10m regeneration plot within
K5,ncf:ceros:atr_ktr:trees:K5,ncf:ceros:atr_ktr:trees:K5:31,Mangifera indica L.,Mangifera indica,Anacardiaceae,Mangifera,14.98514,74.37265,100.0,2025-11-23,Anshi_Anshi_Anshi,50 by 10m vegetation plots and a 5 by 10m regeneration plot within
K36,ncf:ceros:atr_ktr:trees:K36,ncf:ceros:atr_ktr:trees:K36:39,Ixora nigricans R.Br. ex Wight & Arn.,Ixora nigricans,Rubiaceae,Ixora,15.48777,74.28354,100.0,2025-12-03,Castlerock_Karambal_Vatla,50 by 10m vegetation plots and a 5 by 10m regeneration plot within
K48,ncf:ceros:atr_ktr:trees:K48,ncf:ceros:atr_ktr:trees:K48:13,Chromolaena odorata (L.) R.M.King & H.Rob.,Chromolaena odorata,Asteraceae,Chromolaena,15.14195,74.46927,100.0,2025-12-06,Phansoli_Amboli_Kumbeli,50 by 10m vegetation plots and a 5 by 10m regeneration plot within
K21,ncf:ceros:atr_ktr:trees:K21,ncf:ceros:atr_ktr:trees:K21:14,Miliusa tomentosa (Roxb.) J.Sinclair,Miliusa tomentosa,Annonaceae,Miliusa,14.88869,74.43009,100.0,2025-11-28,Kadra_Kadra_Balemane,50 by 10m vegetation plots and a 5 by 10m regeneration plot within
K27,ncf:ceros:atr_ktr:trees:K27,ncf:ceros:atr_ktr:trees:K27:36,Mussaenda frondosa L.,Mussaenda frondosa,Rubiaceae,Mussaenda,14.92656,74.35452,100.0,2025-11-29,Kadra_Kadra_Kadra-West,50 by 10m vegetation plots and a 5 by 10m regeneration plot within
K10,ncf:ceros:atr_ktr:trees:K10,ncf:ceros:atr_ktr:trees:K10:38,Nothopegia castaneifolia (Roth) Ding Hou,Nothopegia castaneifolia,Anacardiaceae,Nothopegia,15.01108,74.35722,100.0,2025-11-24,Anshi_Badpoli_Badpoli,50 by 10m vegetation plots and a 5 by 10m regeneration plot within
K50,ncf:ceros:atr_ktr:trees:K50,ncf:ceros:atr_ktr:trees:K50:3,Alphonsea Hook.f. & Thomson,,Annonaceae,Alphonsea,15.02905,74.50175,100.0,2025-12-06,Gund_Ulavi_Ulavi,50 by 10m vegetation plots and a 5 by 10m regeneration plot within
K40,ncf:ceros:atr_ktr:trees:K40,ncf:ceros:atr_ktr:trees:K40:1,Acacia Mill.,,Fabaceae,Acacia,15.13301,74.62137,100.0,2025-12-04,Kulgi_Kulgi_Amgaon,50 by 10m vegetation plots and a 5 by 10m regeneration plot within
K14,ncf:ceros:atr_ktr:trees:K14,ncf:ceros:atr_ktr:trees:K14:47,Scutia myrtina (Burm.fil.) Kurz,Scutia myrtina,Rhamnaceae,Scutia,15.21519,74.37618,100.0,2025-11-26,Kumbharwada_Sulaveli_Sulaveli,50 by 10m vegetation plots and a 5 by 10m regeneration plot within
K53,ncf:ceros:atr_ktr:trees:K53,ncf:ceros:atr_ktr:trees:K53:14,Desmos chinensis Lour.,Desmos chinensis,Annonaceae,Desmos,15.05536,74.53871,100.0,2025-12-07,Gund_Tammanagi_Shavale,50 by 10m vegetation plots and a 5 by 10m regeneration plot within
K6,ncf:ceros:atr_ktr:trees:K6,ncf:ceros:atr_ktr:trees:K6:25,Gymnosporia rothiana (Walp.) M.A.Lawson,Gymnosporia rothiana,Celastraceae,Gymnosporia,15.01219,74.39533,100.0,2025-11-23,Anshi_Sawanth Matkarni_Sawanth Matkarni,50 by 10m vegetation plots and a 5 by 10m regeneration plot within
K40,ncf:ceros:atr_ktr:trees:K40,ncf:ceros:atr_ktr:trees:K40:6,Colebrookea oppositifolia Sm.,Colebrookea oppositifolia,Lamiaceae,Colebrookea,15.13301,74.62137,100.0,2025-12-04,Kulgi_Kulgi_Amgaon,50 by 10m vegetation plots and a 5 by 10m regeneration plot within
K27,ncf:ceros:atr_ktr:trees:K27,ncf:ceros:atr_ktr:trees:K27:33,Mallotus philippensis (Lam.) Müll.Arg.,Mallotus philippensis,Euphorbiaceae,Mallotus,14.92656,74.35452,100.0,2025-11-29,Kadra_Kadra_Kadra-West,50 by 10m vegetation plots and a 5 by 10m regeneration plot within
K4,ncf:ceros:atr_ktr:trees:K4,ncf:ceros:atr_ktr:trees:K4:28,Lagerstroemia microcarpa Wight,Lagerstroemia microcarpa,Lythraceae,Lagerstroemia,15.02334,74.4273,100.0,2025-11-23,Anshi_Sawanth Matkarni_Sawanth Matkarni,50 by 10m vegetation plots and a 5 by 10m regeneration plot within
K31,ncf:ceros:atr_ktr:trees:K31,ncf:ceros:atr_ktr:trees:K31:15,Chukrasia tabularis A.Juss.,Chukrasia tabularis,Meliaceae,Chukrasia,15.32309,74.38428,100.0,2025-12-02,Castlerock_NA_Viral,50 by 10m vegetation plots and a 5 by 10m regeneration plot within
K46,ncf:ceros:atr_ktr:trees:K46,ncf:ceros:atr_ktr:trees:K46:7,Getonia floribunda Roxb.,Getonia floribunda,Combretaceae,Getonia,15.14255,74.58648,100.0,2025-12-05,Phansoli_Phansoli_Phansoli,50 by 10m vegetation plots and a 5 by 10m regeneration plot within
K45,ncf:ceros:atr_ktr:trees:K45,ncf:ceros:atr_ktr:trees:K45:6,Dillenia pentagyna Roxb.,Dillenia pentagyna,Dilleniaceae,Dillenia,15.12909,74.59881,100.0,2025-12-05,Phansoli_Phansoli_Phansoli,50 by 10m vegetation plots and a 5 by 10m regeneration plot within
K49,ncf:ceros:atr_ktr:trees:K49,ncf:ceros:atr_ktr:trees:K49:10,Calamus rheedei Griff.,Calamus rheedei,Arecaceae,Calamus,15.0245,74.4809,100.0,2025-12-06,Gund_Marda_Shimpura Gudda,50 by 10m vegetation plots and a 5 by 10m regeneration plot within
K3,ncf:ceros:atr_ktr:trees:K3,ncf:ceros:atr_ktr:trees:K3:19,Desmos chinensis Lour.,Desmos chinensis,Annonaceae,Desmos,15.02369,74.45427,100.0,2025-11-23,Anshi_Sawanth Matkarni_Sawanth Matkarni,50 by 10m vegetation plots and a 5 by 10m regeneration plot within
K36,ncf:ceros:atr_ktr:trees:K36,ncf:ceros:atr_ktr:trees:K36:15,Casearia graveolens Dalzell,Casearia graveolens,Salicaceae,Casearia,15.48777,74.28354,100.0,2025-12-03,Castlerock_Karambal_Vatla,50 by 10m vegetation plots and a 5 by 10m regeneration plot within
K47,ncf:ceros:atr_ktr:trees:K47,ncf:ceros:atr_ktr:trees:K47:24,Mallotus philippensis (Lam.) Müll.Arg.,Mallotus philippensis,Euphorbiaceae,Mallotus,15.12541,74.48069,100.0,2025-12-06,Phansoli_Amboli_Kumbeli,50 by 10m vegetation plots and a 5 by 10m regeneration plot within
K51,ncf:ceros:atr_ktr:trees:K51,ncf:ceros:atr_ktr:trees:K51:29,Litsea coriacea (Nees) Hook.fil.,Litsea coriacea,Lauraceae,Litsea,15.03951,74.51396,100.0,2025-12-07,Gund_Marda_Marda,50 by 10m vegetation plots and a 5 by 10m regeneration plot within
K38,ncf:ceros:atr_ktr:trees:K38,ncf:ceros:atr_ktr:trees:K38:16,Glycosmis pentaphylla (Retz.) Corrêa,Glycosmis pentaphylla,Rutaceae,Glycosmis,15.16349,74.62148,100.0,2025-12-04,Kulgi_Kulgi_Kulgi-South,50 by 10m vegetation plots and a 5 by 10m regeneration plot within
K35,ncf:ceros:atr_ktr:trees:K35,ncf:ceros:atr_ktr:trees:K35:14,Diospyros montana Roxb.,Diospyros montana,Ebenaceae,Diospyros,15.47685,74.30104,100.0,2025-12-03,Castlerock_Karambal_Vatla,50 by 10m vegetation plots and a 5 by 10m regeneration plot within
K8,ncf:ceros:atr_ktr:trees:K8,ncf:ceros:atr_ktr:trees:K8:10,Clausena anisata (Willd.) Hook.fil.,Clausena anisata,Rutaceae,Clausena,15.04524,74.33066,100.0,2025-11-24,Anshi_Nujji_Nujji,50 by 10m vegetation plots and a 5 by 10m regeneration plot within
K27,ncf:ceros:atr_ktr:trees:K27,ncf:ceros:atr_ktr:trees:K27:29,Ixora brachiata Roxb.,Ixora brachiata,Rubiaceae,Ixora,14.92656,74.35452,100.0,2025-11-29,Kadra_Kadra_Kadra-West,50 by 10m vegetation plots and a 5 by 10m regeneration plot within
K54,ncf:ceros:atr_ktr:trees:K54,ncf:ceros:atr_ktr:trees:K54:21,Syzygium cumini (L.) Skeels,Syzygium cumini,Myrtaceae,Syzygium,15.06675,74.57376,100.0,2025-12-07,Gund_Tammanagi_Shavale,50 by 10m vegetation plots and a 5 by 10m regeneration plot within
K37,ncf:ceros:atr_ktr:trees:K37,ncf:ceros:atr_ktr:trees:K37:8,Dalbergia volubilis Roxb.,Dalbergia volubilis,Fabaceae,Dalbergia,15.15166,74.64497,100.0,2025-12-04,Kulgi_Kegdal_Gutti,50 by 10m vegetation plots and a 5 by 10m regeneration plot within
K41,ncf:ceros:atr_ktr:trees:K41,ncf:ceros:atr_ktr:trees:K41:20,Ziziphus oenopolia (L.) Mill.,Ziziphus oenopolia,Rhamnaceae,Ziziphus,15.14435,74.67638,100.0,2025-12-05,Kulgi_Kegdal_Gutti,50 by 10m vegetation plots and a 5 by 10m regeneration plot within
K47,ncf:ceros:atr_ktr:trees:K47,ncf:ceros:atr_ktr:trees:K47:25,Meyna laxiflora Robyns,Meyna laxiflora,Rubiaceae,Meyna,15.12541,74.48069,100.0,2025-12-06,Phansoli_Amboli_Kumbeli,50 by 10m vegetation plots and a 5 by 10m regeneration plot within
K10,ncf:ceros:atr_ktr:trees:K10,ncf:ceros:atr_ktr:trees:K10:31,Machilus glaucescens (Nees) Wight,Machilus glaucescens,Lauraceae,Machilus,15.01108,74.35722,100.0,2025-11-24,Anshi_Badpoli_Badpoli,50 by 10m vegetation plots and a 5 by 10m regeneration plot within
K46,ncf:ceros:atr_ktr:trees:K46,ncf:ceros:atr_ktr:trees:K46:4,Clerodendrum infortunatum L.,Clerodendrum infortunatum,Lamiaceae,Clerodendrum,15.14255,74.58648,100.0,2025-12-05,Phansoli_Phansoli_Phansoli,50 by 10m vegetation plots and a 5 by 10m regeneration plot within
K44,ncf:ceros:atr_ktr:trees:K44,ncf:ceros:atr_ktr:trees:K44:16,Meyna laxiflora Robyns,Meyna laxiflora,Rubiaceae,Meyna,15.1191,74.68068,100.0,2025-12-05,Kulgi_Kegdal_Amga-East,50 by 10m vegetation plots and a 5 by 10m regeneration plot within
K3,ncf:ceros:atr_ktr:trees:K3,ncf:ceros:atr_ktr:trees:K3:27,Flacourtia montana J.Graham,Flacourtia montana,Salicaceae,Flacourtia,15.02369,74.45427,100.0,2025-11-23,Anshi_Sawanth Matkarni_Sawanth Matkarni,50 by 10m vegetation plots and a 5 by 10m regeneration plot within
K52,ncf:ceros:atr_ktr:trees:K52,ncf:ceros:atr_ktr:trees:K52:32,Strychnos nux-vomica L.,Strychnos nux-vomica,Loganiaceae,Strychnos,15.06448,74.52105,100.0,2025-12-07,Gund_Marda_Marda,50 by 10m vegetation plots and a 5 by 10m regeneration plot within
K27,ncf:ceros:atr_ktr:trees:K27,ncf:ceros:atr_ktr:trees:K27:27,Gymnosporia rothiana (Walp.) M.A.Lawson,Gymnosporia rothiana,Celastraceae,Gymnosporia,14.92656,74.35452,100.0,2025-11-29,Kadra_Kadra_Kadra-West,50 by 10m vegetation plots and a 5 by 10m regeneration plot within
K47,ncf:ceros:atr_ktr:trees:K47,ncf:ceros:atr_ktr:trees:K47:39,Tabernaemontana alternifolia L.,Tabernaemontana alternifolia,Apocynaceae,Tabernaemontana,15.12541,74.48069,100.0,2025-12-06,Phansoli_Amboli_Kumbeli,50 by 10m vegetation plots and a 5 by 10m regeneration plot within
K20,ncf:ceros:atr_ktr:trees:K20,ncf:ceros:atr_ktr:trees:K20:16,Macaranga peltata (Roxb.) Müll.Arg.,Macaranga peltata,Euphorbiaceae,Macaranga,14.8929,74.46011,100.0,2025-11-28,Kadra_Kadra_Balemane,50 by 10m vegetation plots and a 5 by 10m regeneration plot within
K28,ncf:ceros:atr_ktr:trees:K28,ncf:ceros:atr_ktr:trees:K28:9,Calamus thwaitesii Becc.,Calamus thwaitesii,Arecaceae,Calamus,14.93541,74.35854,100.0,2025-11-30,Kadra_Kadra_Kadra-West,50 by 10m vegetation plots and a 5 by 10m regeneration plot within
K3,ncf:ceros:atr_ktr:trees:K3,ncf:ceros:atr_ktr:trees:K3:18,Clausena anisata (Willd.) Hook.fil.,Clausena anisata,Rutaceae,Clausena,15.02369,74.45427,100.0,2025-11-23,Anshi_Sawanth Matkarni_Sawanth Matkarni,50 by 10m vegetation plots and a 5 by 10m regeneration plot within
K16,ncf:ceros:atr_ktr:trees:K16,ncf:ceros:atr_ktr:trees:K16:11,Casearia Jacq.,,Salicaceae,Casearia,15.12424,74.32561,100.0,2025-11-27,Kumbharwada_Kundal_Keloli,50 by 10m vegetation plots and a 5 by 10m regeneration plot within
K13,ncf:ceros:atr_ktr:trees:K13,ncf:ceros:atr_ktr:trees:K13:1,Aglaia elaeagnoidea (A.Juss.) Benth.,Aglaia elaeagnoidea,Meliaceae,Aglaia,15.22005,74.39724,100.0,2025-11-26,Kumbharwada_Sulaveli_Vagheli,50 by 10m vegetation plots and a 5 by 10m regeneration plot within
K13,ncf:ceros:atr_ktr:trees:K13,ncf:ceros:atr_ktr:trees:K13:32,Moullava spicata (Dalzell) Nicolson,Moullava spicata,Fabaceae,Moullava,15.22005,74.39724,100.0,2025-11-26,Kumbharwada_Sulaveli_Vagheli,50 by 10m vegetation plots and a 5 by 10m regeneration plot within
K49,ncf:ceros:atr_ktr:trees:K49,ncf:ceros:atr_ktr:trees:K49:52,Terminalia bellirica (Gaertn.) Roxb.,Terminalia bellirica,Combretaceae,Terminalia,15.0245,74.4809,100.0,2025-12-06,Gund_Marda_Shimpura Gudda,50 by 10m vegetation plots and a 5 by 10m regeneration plot within
K19,ncf:ceros:atr_ktr:trees:K19,ncf:ceros:atr_ktr:trees:K19:46,Tabernaemontana alternifolia L.,Tabernaemontana alternifolia,Apocynaceae,Tabernaemontana,15.05663,74.45597,100.0,2025-11-27,Phansoli_Amboli_Amboli,50 by 10m vegetation plots and a 5 by 10m regeneration plot within
K38,ncf:ceros:atr_ktr:trees:K38,ncf:ceros:atr_ktr:trees:K38:32,Spondias pinnata (L.fil.) Kurz,Spondias pinnata,Anacardiaceae,Spondias,15.16349,74.62148,100.0,2025-12-04,Kulgi_Kulgi_Kulgi-South,50 by 10m vegetation plots and a 5 by 10m regeneration plot within
K24,ncf:ceros:atr_ktr:trees:K24,ncf:ceros:atr_ktr:trees:K24:40,Psychotria dalzellii Hook.f.,Psychotria dalzellii,Rubiaceae,Psychotria,14.97144,74.31979,100.0,2025-11-29,Kadra_Bargadde_Sanake,50 by 10m vegetation plots and a 5 by 10m regeneration plot within
K11,ncf:ceros:atr_ktr:trees:K11,ncf:ceros:atr_ktr:trees:K11:8,Calophyllum apetalum Willd.,Calophyllum apetalum,Calophyllaceae,Calophyllum,15.24596,74.28135,100.0,2025-11-25,Kumbharwada_Diggi_Diggi,50 by 10m vegetation plots and a 5 by 10m regeneration plot within
K28,ncf:ceros:atr_ktr:trees:K28,ncf:ceros:atr_ktr:trees:K28:48,Paramignya monophylla Wight,Paramignya monophylla,Rutaceae,Paramignya,14.93541,74.35854,100.0,2025-11-30,Kadra_Kadra_Kadra-West,50 by 10m vegetation plots and a 5 by 10m regeneration plot within
K14,ncf:ceros:atr_ktr:trees:K14,ncf:ceros:atr_ktr:trees:K14:33,Luvunga sarmentosa (Blume) Kurz,Luvunga sarmentosa,Rutaceae,Luvunga,15.21519,74.37618,100.0,2025-11-26,Kumbharwada_Sulaveli_Sulaveli,50 by 10m vegetation plots and a 5 by 10m regeneration plot within
K26,ncf:ceros:atr_ktr:trees:K26,ncf:ceros:atr_ktr:trees:K26:14,Cyclea peltata (Lam.) Hook.fil. & Thomson,Cyclea peltata,Menispermaceae,Cyclea,14.94972,74.29521,100.0,2025-11-29,Kadra_Bargadde_Bargadde,50 by 10m vegetation plots and a 5 by 10m regeneration plot within
K49,ncf:ceros:atr_ktr:trees:K49,ncf:ceros:atr_ktr:trees:K49:31,Helicteres isora L.,Helicteres isora,Malvaceae,Helicteres,15.0245,74.4809,100.0,2025-12-06,Gund_Marda_Shimpura Gudda,50 by 10m vegetation plots and a 5 by 10m regeneration plot within
K34,ncf:ceros:atr_ktr:trees:K34,ncf:ceros:atr_ktr:trees:K34:48,Nothapodytes nimmoniana (J.Graham) Mabb.,Nothapodytes nimmoniana,Icacinaceae,Nothapodytes,15.42029,74.32832,100.0,2025-12-02,Castlerock_Anmod_Anmod-East,50 by 10m vegetation plots and a 5 by 10m regeneration plot within
K21,ncf:ceros:atr_ktr:trees:K21,ncf:ceros:atr_ktr:trees:K21:22,Terminalia paniculata B.Heyne ex Roth,Terminalia paniculata,Combretaceae,Terminalia,14.88869,74.43009,100.0,2025-11-28,Kadra_Kadra_Balemane,50 by 10m vegetation plots and a 5 by 10m regeneration plot within
K49,ncf:ceros:atr_ktr:trees:K49,ncf:ceros:atr_ktr:trees:K49:26,Garcinia gummi-gutta (L.) N.Robson,Garcinia gummi-gutta,Clusiaceae,Garcinia,15.0245,74.4809,100.0,2025-12-06,Gund_Marda_Shimpura Gudda,50 by 10m vegetation plots and a 5 by 10m regeneration plot within
K18,ncf:ceros:atr_ktr:trees:K18,ncf:ceros:atr_ktr:trees:K18:18,Holarrhena pubescens (Buch.-Ham.) Wall. ex G.Don,Holarrhena pubescens,Apocynaceae,Holarrhena,15.09507,74.42705,100.0,2025-11-27,Kumbharwada_Kumbharwada_Kalsai,50 by 10m vegetation plots and a 5 by 10m regeneration plot within
K46,ncf:ceros:atr_ktr:trees:K46,ncf:ceros:atr_ktr:trees:K46:22,Xylia xylocarpa (Roxb.) W.Theob.,Xylia xylocarpa,Fabaceae,Xylia,15.14255,74.58648,100.0,2025-12-05,Phansoli_Phansoli_Phansoli,50 by 10m vegetation plots and a 5 by 10m regeneration plot within
K1,ncf:ceros:atr_ktr:trees:K1,ncf:ceros:atr_ktr:trees:K1:7,Calamus rheedei Griff.,Calamus rheedei,Arecaceae,Calamus,14.95109,74.37002,100.0,2025-11-22,Anshi_Anshi_Badpoli,50 by 10m vegetation plots and a 5 by 10m regeneration plot within
K4,ncf:ceros:atr_ktr:trees:K4,ncf:ceros:atr_ktr:trees:K4:4,Aporosa cardiosperma (Gaertn.) Merr.,Aporosa cardiosperma,Phyllanthaceae,Aporosa,15.02334,74.4273,100.0,2025-11-23,Anshi_Sawanth Matkarni_Sawanth Matkarni,50 by 10m vegetation plots and a 5 by 10m regeneration plot within
K28,ncf:ceros:atr_ktr:trees:K28,ncf:ceros:atr_ktr:trees:K28:10,Carallia brachiata (Lour.) Merr.,Carallia brachiata,Rhizophoraceae,Carallia,14.93541,74.35854,100.0,2025-11-30,Kadra_Kadra_Kadra-West,50 by 10m vegetation plots and a 5 by 10m regeneration plot within
K6,ncf:ceros:atr_ktr:trees:K6,ncf:ceros:atr_ktr:trees:K6:42,Nothopegia castaneifolia (Roth) Ding Hou,Nothopegia castaneifolia,Anacardiaceae,Nothopegia,15.01219,74.39533,100.0,2025-11-23,Anshi_Sawanth Matkarni_Sawanth Matkarni,50 by 10m vegetation plots and a 5 by 10m regeneration plot within
K16,ncf:ceros:atr_ktr:trees:K16,ncf:ceros:atr_ktr:trees:K16:12,Clerodendrum infortunatum L.,Clerodendrum infortunatum,Lamiaceae,Clerodendrum,15.12424,74.32561,100.0,2025-11-27,Kumbharwada_Kundal_Keloli,50 by 10m vegetation plots and a 5 by 10m regeneration plot within
K25,ncf:ceros:atr_ktr:trees:K25,ncf:ceros:atr_ktr:trees:K25:4,Poaceae,,Poaceae,,14.95361,74.31835,100.0,2025-11-29,Kadra_Bargadde_Bargadde,50 by 10m vegetation plots and a 5 by 10m regeneration plot within
K25,ncf:ceros:atr_ktr:trees:K25,ncf:ceros:atr_ktr:trees:K25:39,Syzygium hemisphericum (Walp.) Alston,Syzygium hemisphericum,Myrtaceae,Syzygium,14.95361,74.31835,100.0,2025-11-29,Kadra_Bargadde_Bargadde,50 by 10m vegetation plots and a 5 by 10m regeneration plot within
K19,ncf:ceros:atr_ktr:trees:K19,ncf:ceros:atr_ktr:trees:K19:15,Dillenia pentagyna Roxb.,Dillenia pentagyna,Dilleniaceae,Dillenia,15.05663,74.45597,100.0,2025-11-27,Phansoli_Amboli_Amboli,50 by 10m vegetation plots and a 5 by 10m regeneration plot within
K15,ncf:ceros:atr_ktr:trees:K15,ncf:ceros:atr_ktr:trees:K15:23,Flacourtia montana J.Graham,Flacourtia montana,Salicaceae,Flacourtia,15.23219,74.34004,100.0,2025-11-26,Kumbharwada_Sulaveli_Sulaveli,50 by 10m vegetation plots and a 5 by 10m regeneration plot within
K34,ncf:ceros:atr_ktr:trees:K34,ncf:ceros:atr_ktr:trees:K34:23,Diospyros montana Roxb.,Diospyros montana,Ebenaceae,Diospyros,15.42029,74.32832,100.0,2025-12-02,Castlerock_Anmod_Anmod-East,50 by 10m vegetation plots and a 5 by 10m regeneration plot within
K30,ncf:ceros:atr_ktr:trees:K30,ncf:ceros:atr_ktr:trees:K30:39,Tabernaemontana alternifolia L.,Tabernaemontana alternifolia,Apocynaceae,Tabernaemontana,15.47372,74.33301,100.0,2025-12-01,Castlerock_Anmod_Meda,50 by 10m vegetation plots and a 5 by 10m regeneration plot within
K14,ncf:ceros:atr_ktr:trees:K14,ncf:ceros:atr_ktr:trees:K14:51,Walsura trifoliolata (A.Juss.) Harms,Walsura trifoliolata,Meliaceae,Walsura,15.21519,74.37618,100.0,2025-11-26,Kumbharwada_Sulaveli_Sulaveli,50 by 10m vegetation plots and a 5 by 10m regeneration plot within
K17,ncf:ceros:atr_ktr:trees:K17,ncf:ceros:atr_ktr:trees:K17:50,Canthium rheedei DC.,Canthium rheedei,Rubiaceae,Canthium,15.11042,74.36691,100.0,2025-11-27,Kumbharwada_Kumbharwada_Kumbharwada,50 by 10m vegetation plots and a 5 by 10m regeneration plot within
K6,ncf:ceros:atr_ktr:trees:K6,ncf:ceros:atr_ktr:trees:K6:4,Ardisia humilis Vahl,Ardisia humilis,Primulaceae,Ardisia,15.01219,74.39533,100.0,2025-11-23,Anshi_Sawanth Matkarni_Sawanth Matkarni,50 by 10m vegetation plots and a 5 by 10m regeneration plot within
K47,ncf:ceros:atr_ktr:trees:K47,ncf:ceros:atr_ktr:trees:K47:42,Terminalia paniculata B.Heyne ex Roth,Terminalia paniculata,Combretaceae,Terminalia,15.12541,74.48069,100.0,2025-12-06,Phansoli_Amboli_Kumbeli,50 by 10m vegetation plots and a 5 by 10m regeneration plot within
K13,ncf:ceros:atr_ktr:trees:K13,ncf:ceros:atr_ktr:trees:K13:23,Lagerstroemia microcarpa Wight,Lagerstroemia microcarpa,Lythraceae,Lagerstroemia,15.22005,74.39724,100.0,2025-11-26,Kumbharwada_Sulaveli_Vagheli,50 by 10m vegetation plots and a 5 by 10m regeneration plot within
K31,ncf:ceros:atr_ktr:trees:K31,ncf:ceros:atr_ktr:trees:K31:31,Gymnosporia rothiana (Walp.) M.A.Lawson,Gymnosporia rothiana,Celastraceae,Gymnosporia,15.32309,74.38428,100.0,2025-12-02,Castlerock_NA_Viral,50 by 10m vegetation plots and a 5 by 10m regeneration plot within
K16,ncf:ceros:atr_ktr:trees:K16,ncf:ceros:atr_ktr:trees:K16:6,Moullava spicata (Dalzell) Nicolson,Moullava spicata,Fabaceae,Moullava,15.12424,74.32561,100.0,2025-11-27,Kumbharwada_Kundal_Keloli,50 by 10m vegetation plots and a 5 by 10m regeneration plot within
K47,ncf:ceros:atr_ktr:trees:K47,ncf:ceros:atr_ktr:trees:K47:36,Sterculia guttata Roxb.,Sterculia guttata,Malvaceae,Sterculia,15.12541,74.48069,100.0,2025-12-06,Phansoli_Amboli_Kumbeli,50 by 10m vegetation plots and a 5 by 10m regeneration plot within
K10,ncf:ceros:atr_ktr:trees:K10,ncf:ceros:atr_ktr:trees:K10:12,Clausena anisata (Willd.) Hook.fil.,Clausena anisata,Rutaceae,Clausena,15.01108,74.35722,100.0,2025-11-24,Anshi_Badpoli_Badpoli,50 by 10m vegetation plots and a 5 by 10m regeneration plot within
K7,ncf:ceros:atr_ktr:trees:K7,ncf:ceros:atr_ktr:trees:K7:57,Vitex altissima L.f.,Vitex altissima,Lamiaceae,Vitex,15.09989,74.38199,100.0,2025-11-24,Anshi_Nujji_Jhalavali,50 by 10m vegetation plots and a 5 by 10m regeneration plot within
K33,ncf:ceros:atr_ktr:trees:K33,ncf:ceros:atr_ktr:trees:K33:16,Diospyros candolleana Wight,Diospyros candolleana,Ebenaceae,Diospyros,15.38466,74.34508,100.0,2025-12-02,Castlerock_Castlerock_Kalambuli,50 by 10m vegetation plots and a 5 by 10m regeneration plot within
K28,ncf:ceros:atr_ktr:trees:K28,ncf:ceros:atr_ktr:trees:K28:56,Syzygium densiflorum Wall. ex Wight & Arn.,Syzygium densiflorum,Myrtaceae,Syzygium,14.93541,74.35854,100.0,2025-11-30,Kadra_Kadra_Kadra-West,50 by 10m vegetation plots and a 5 by 10m regeneration plot within
K21,ncf:ceros:atr_ktr:trees:K21,ncf:ceros:atr_ktr:trees:K21:4,Catunaregam spinosa (Thunb.) Tirveng.,Catunaregam spinosa,Rubiaceae,Catunaregam,14.88869,74.43009,100.0,2025-11-28,Kadra_Kadra_Balemane,50 by 10m vegetation plots and a 5 by 10m regeneration plot within
K42,ncf:ceros:atr_ktr:trees:K42,ncf:ceros:atr_ktr:trees:K42:1,Terminalia anogeissiana Gere & Boatwr.,Terminalia anogeissiana,Combretaceae,Terminalia,15.1487,74.69531,100.0,2025-12-05,Kulgi_Kegdal_Kalabhavi,50 by 10m vegetation plots and a 5 by 10m regeneration plot within
K54,ncf:ceros:atr_ktr:trees:K54,ncf:ceros:atr_ktr:trees:K54:25,Terminalia paniculata B.Heyne ex Roth,Terminalia paniculata,Combretaceae,Terminalia,15.06675,74.57376,100.0,2025-12-07,Gund_Tammanagi_Shavale,50 by 10m vegetation plots and a 5 by 10m regeneration plot within
K17,ncf:ceros:atr_ktr:trees:K17,ncf:ceros:atr_ktr:trees:K17:23,Garcinia indica (Thouars) Choisy,Garcinia indica,Clusiaceae,Garcinia,15.11042,74.36691,100.0,2025-11-27,Kumbharwada_Kumbharwada_Kumbharwada,50 by 10m vegetation plots and a 5 by 10m regeneration plot within
K30,ncf:ceros:atr_ktr:trees:K30,ncf:ceros:atr_ktr:trees:K30:26,Nothapodytes nimmoniana (J.Graham) Mabb.,Nothapodytes nimmoniana,Icacinaceae,Nothapodytes,15.47372,74.33301,100.0,2025-12-01,Castlerock_Anmod_Meda,50 by 10m vegetation plots and a 5 by 10m regeneration plot within
K19,ncf:ceros:atr_ktr:trees:K19,ncf:ceros:atr_ktr:trees:K19:24,Holigarna arnottiana Wall. ex Hook.fil.,Holigarna arnottiana,Anacardiaceae,Holigarna,15.05663,74.45597,100.0,2025-11-27,Phansoli_Amboli_Amboli,50 by 10m vegetation plots and a 5 by 10m regeneration plot within
K43,ncf:ceros:atr_ktr:trees:K43,ncf:ceros:atr_ktr:trees:K43:14,Grewia tiliifolia Vahl,Grewia tiliifolia,Malvaceae,Grewia,15.13126,74.6676,100.0,2025-12-05,Kulgi_Jamga_Jamga-East,50 by 10m vegetation plots and a 5 by 10m regeneration plot within
K27,ncf:ceros:atr_ktr:trees:K27,ncf:ceros:atr_ktr:trees:K27:17,Diospyros oocarpa Thwaites,Diospyros oocarpa,Ebenaceae,Diospyros,14.92656,74.35452,100.0,2025-11-29,Kadra_Kadra_Kadra-West,50 by 10m vegetation plots and a 5 by 10m regeneration plot within
K17,ncf:ceros:atr_ktr:trees:K17,ncf:ceros:atr_ktr:trees:K17:52,Psydrax dicoccos Gaertn.,Psydrax dicoccos,Rubiaceae,Psydrax,15.11042,74.36691,100.0,2025-11-27,Kumbharwada_Kumbharwada_Kumbharwada,50 by 10m vegetation plots and a 5 by 10m regeneration plot within
K2,ncf:ceros:atr_ktr:trees:K2,ncf:ceros:atr_ktr:trees:K2:48,Xantolis tomentosa (Roxb.) Raf.,Xantolis tomentosa,Sapotaceae,Xantolis,14.9607,74.37222,100.0,2025-11-22,Anshi_Badpoli_Digali,50 by 10m vegetation plots and a 5 by 10m regeneration plot within
K25,ncf:ceros:atr_ktr:trees:K25,ncf:ceros:atr_ktr:trees:K25:43,Terminalia elliptica Willd.,Terminalia elliptica,Combretaceae,Terminalia,14.95361,74.31835,100.0,2025-11-29,Kadra_Bargadde_Bargadde,50 by 10m vegetation plots and a 5 by 10m regeneration plot within
K20,ncf:ceros:atr_ktr:trees:K20,ncf:ceros:atr_ktr:trees:K20:26,Ventilago Gaertn.,,Rhamnaceae,Ventilago,14.8929,74.46011,100.0,2025-11-28,Kadra_Kadra_Balemane,50 by 10m vegetation plots and a 5 by 10m regeneration plot within
K30,ncf:ceros:atr_ktr:trees:K30,ncf:ceros:atr_ktr:trees:K30:27,Memecylon talbotianum Brandis,Memecylon talbotianum,Melastomataceae,Memecylon,15.47372,74.33301,100.0,2025-12-01,Castlerock_Anmod_Meda,50 by 10m vegetation plots and a 5 by 10m regeneration plot within
K34,ncf:ceros:atr_ktr:trees:K34,ncf:ceros:atr_ktr:trees:K34:44,Lepisanthes tetraphylla (Vahl) Radlk.,Lepisanthes tetraphylla,Sapindaceae,Lepisanthes,15.42029,74.32832,100.0,2025-12-02,Castlerock_Anmod_Anmod-East,50 by 10m vegetation plots and a 5 by 10m regeneration plot within
K2,ncf:ceros:atr_ktr:trees:K2,ncf:ceros:atr_ktr:trees:K2:44,Scolopia crenata (Wight & Arn.) Clos,Scolopia crenata,Salicaceae,Scolopia,14.9607,74.37222,100.0,2025-11-22,Anshi_Badpoli_Digali,50 by 10m vegetation plots and a 5 by 10m regeneration plot within
K45,ncf:ceros:atr_ktr:trees:K45,ncf:ceros:atr_ktr:trees:K45:25,Sterculia guttata Roxb.,Sterculia guttata,Malvaceae,Sterculia,15.12909,74.59881,100.0,2025-12-05,Phansoli_Phansoli_Phansoli,50 by 10m vegetation plots and a 5 by 10m regeneration plot within
K33,ncf:ceros:atr_ktr:trees:K33,ncf:ceros:atr_ktr:trees:K33:1,Allophylus cobbe (L.) Forsyth fil.,Allophylus cobbe,Sapindaceae,Allophylus,15.38466,74.34508,100.0,2025-12-02,Castlerock_Castlerock_Kalambuli,50 by 10m vegetation plots and a 5 by 10m regeneration plot within
K44,ncf:ceros:atr_ktr:trees:K44,ncf:ceros:atr_ktr:trees:K44:7,Chromolaena odorata (L.) R.M.King & H.Rob.,Chromolaena odorata,Asteraceae,Chromolaena,15.1191,74.68068,100.0,2025-12-05,Kulgi_Kegdal_Amga-East,50 by 10m vegetation plots and a 5 by 10m regeneration plot within
K11,ncf:ceros:atr_ktr:trees:K11,ncf:ceros:atr_ktr:trees:K11:26,Gymnosporia rothiana (Walp.) M.A.Lawson,Gymnosporia rothiana,Celastraceae,Gymnosporia,15.24596,74.28135,100.0,2025-11-25,Kumbharwada_Diggi_Diggi,50 by 10m vegetation plots and a 5 by 10m regeneration plot within
K35,ncf:ceros:atr_ktr:trees:K35,ncf:ceros:atr_ktr:trees:K35:41,Memecylon talbotianum Brandis,Memecylon talbotianum,Melastomataceae,Memecylon,15.47685,74.30104,100.0,2025-12-03,Castlerock_Karambal_Vatla,50 by 10m vegetation plots and a 5 by 10m regeneration plot within
K38,ncf:ceros:atr_ktr:trees:K38,ncf:ceros:atr_ktr:trees:K38:1,Acacia Mill.,,Fabaceae,Acacia,15.16349,74.62148,100.0,2025-12-04,Kulgi_Kulgi_Kulgi-South,50 by 10m vegetation plots and a 5 by 10m regeneration plot within
K36,ncf:ceros:atr_ktr:trees:K36,ncf:ceros:atr_ktr:trees:K36:37,Holigarna grahamii (Wight) Kurz,Holigarna grahamii,Anacardiaceae,Holigarna,15.48777,74.28354,100.0,2025-12-03,Castlerock_Karambal_Vatla,50 by 10m vegetation plots and a 5 by 10m regeneration plot within
K13,ncf:ceros:atr_ktr:trees:K13,ncf:ceros:atr_ktr:trees:K13:38,Rourea minor (Gaertn.) Alston,Rourea minor,Connaraceae,Rourea,15.22005,74.39724,100.0,2025-11-26,Kumbharwada_Sulaveli_Vagheli,50 by 10m vegetation plots and a 5 by 10m regeneration plot within
K55,ncf:ceros:atr_ktr:trees:K55,ncf:ceros:atr_ktr:trees:K55:18,Glycosmis pentaphylla (Retz.) Corrêa,Glycosmis pentaphylla,Rutaceae,Glycosmis,15.07023,74.53669,100.0,2025-12-07,Gund_Gund_Gund,50 by 10m vegetation plots and a 5 by 10m regeneration plot within
K26,ncf:ceros:atr_ktr:trees:K26,ncf:ceros:atr_ktr:trees:K26:19,Eranthemum L.,,Acanthaceae,Eranthemum,14.94972,74.29521,100.0,2025-11-29,Kadra_Bargadde_Bargadde,50 by 10m vegetation plots and a 5 by 10m regeneration plot within
K15,ncf:ceros:atr_ktr:trees:K15,ncf:ceros:atr_ktr:trees:K15:28,Heptapleurum venulosum (Wight & Arn.) Seem.,Heptapleurum venulosum,Araliaceae,Heptapleurum,15.23219,74.34004,100.0,2025-11-26,Kumbharwada_Sulaveli_Sulaveli,50 by 10m vegetation plots and a 5 by 10m regeneration plot within
K1,ncf:ceros:atr_ktr:trees:K1,ncf:ceros:atr_ktr:trees:K1:13,Connarus monocarpus (L.) Wight & Arn.,,Connaraceae,,14.95109,74.37002,100.0,2025-11-22,Anshi_Anshi_Badpoli,50 by 10m vegetation plots and a 5 by 10m regeneration plot within
K21,ncf:ceros:atr_ktr:trees:K21,ncf:ceros:atr_ktr:trees:K21:24,Ziziphus rugosa Lam.,Ziziphus rugosa,Rhamnaceae,Ziziphus,14.88869,74.43009,100.0,2025-11-28,Kadra_Kadra_Balemane,50 by 10m vegetation plots and a 5 by 10m regeneration plot within
K28,ncf:ceros:atr_ktr:trees:K28,ncf:ceros:atr_ktr:trees:K28:57,Syzygium hemisphericum (Walp.) Alston,Syzygium hemisphericum,Myrtaceae,Syzygium,14.93541,74.35854,100.0,2025-11-30,Kadra_Kadra_Kadra-West,50 by 10m vegetation plots and a 5 by 10m regeneration plot within
K26,ncf:ceros:atr_ktr:trees:K26,ncf:ceros:atr_ktr:trees:K26:39,Sterculia guttata Roxb.,Sterculia guttata,Malvaceae,Sterculia,14.94972,74.29521,100.0,2025-11-29,Kadra_Bargadde_Bargadde,50 by 10m vegetation plots and a 5 by 10m regeneration plot within
K32,ncf:ceros:atr_ktr:trees:K32,ncf:ceros:atr_ktr:trees:K32:4,Aporosa cardiosperma (Gaertn.) Merr.,Aporosa cardiosperma,Phyllanthaceae,Aporosa,15.34117,74.37326,100.0,2025-12-02,Castlerock_Castlerock_Populwadi,50 by 10m vegetation plots and a 5 by 10m regeneration plot within
K16,ncf:ceros:atr_ktr:trees:K16,ncf:ceros:atr_ktr:trees:K16:8,Calamus thwaitesii Becc.,Calamus thwaitesii,Arecaceae,Calamus,15.12424,74.32561,100.0,2025-11-27,Kumbharwada_Kundal_Keloli,50 by 10m vegetation plots and a 5 by 10m regeneration plot within
K31,ncf:ceros:atr_ktr:trees:K31,ncf:ceros:atr_ktr:trees:K31:53,Rauvolfia verticillata (Lour.) Baill.,Rauvolfia verticillata,Apocynaceae,Rauvolfia,15.32309,74.38428,100.0,2025-12-02,Castlerock_NA_Viral,50 by 10m vegetation plots and a 5 by 10m regeneration plot within
K18,ncf:ceros:atr_ktr:trees:K18,ncf:ceros:atr_ktr:trees:K18:12,Cinnamomum Schaeff.,,Lauraceae,Cinnamomum,15.09507,74.42705,100.0,2025-11-27,Kumbharwada_Kumbharwada_Kalsai,50 by 10m vegetation plots and a 5 by 10m regeneration plot within
K17,ncf:ceros:atr_ktr:trees:K17,ncf:ceros:atr_ktr:trees:K17:56,Scolopia crenata (Wight & Arn.) Clos,Scolopia crenata,Salicaceae,Scolopia,15.11042,74.36691,100.0,2025-11-27,Kumbharwada_Kumbharwada_Kumbharwada,50 by 10m vegetation plots and a 5 by 10m regeneration plot within
K17,ncf:ceros:atr_ktr:trees:K17,ncf:ceros:atr_ktr:trees:K17:36,Machilus glaucescens (Nees) Wight,Machilus glaucescens,Lauraceae,Machilus,15.11042,74.36691,100.0,2025-11-27,Kumbharwada_Kumbharwada_Kumbharwada,50 by 10m vegetation plots and a 5 by 10m regeneration plot within
K1,ncf:ceros:atr_ktr:trees:K1,ncf:ceros:atr_ktr:trees:K1:42,Mimusops elengi L.,Mimusops elengi,Sapotaceae,Mimusops,14.95109,74.37002,100.0,2025-11-22,Anshi_Anshi_Badpoli,50 by 10m vegetation plots and a 5 by 10m regeneration plot within
K1,ncf:ceros:atr_ktr:trees:K1,ncf:ceros:atr_ktr:trees:K1:41,Memecylon talbotianum Brandis,Memecylon talbotianum,Melastomataceae,Memecylon,14.95109,74.37002,100.0,2025-11-22,Anshi_Anshi_Badpoli,50 by 10m vegetation plots and a 5 by 10m regeneration plot within
K52,ncf:ceros:atr_ktr:trees:K52,ncf:ceros:atr_ktr:trees:K52:25,Macaranga peltata (Roxb.) Müll.Arg.,Macaranga peltata,Euphorbiaceae,Macaranga,15.06448,74.52105,100.0,2025-12-07,Gund_Marda_Marda,50 by 10m vegetation plots and a 5 by 10m regeneration plot within
K11,ncf:ceros:atr_ktr:trees:K11,ncf:ceros:atr_ktr:trees:K11:22,Ficus hispida L.fil.,Ficus hispida,Moraceae,Ficus,15.24596,74.28135,100.0,2025-11-25,Kumbharwada_Diggi_Diggi,50 by 10m vegetation plots and a 5 by 10m regeneration plot within
K14,ncf:ceros:atr_ktr:trees:K14,ncf:ceros:atr_ktr:trees:K14:22,Eugenia macrosepala Duthie,Eugenia macrosepala,Myrtaceae,Eugenia,15.21519,74.37618,100.0,2025-11-26,Kumbharwada_Sulaveli_Sulaveli,50 by 10m vegetation plots and a 5 by 10m regeneration plot within
K40,ncf:ceros:atr_ktr:trees:K40,ncf:ceros:atr_ktr:trees:K40:4,Catunaregam spinosa (Thunb.) Tirveng.,Catunaregam spinosa,Rubiaceae,Catunaregam,15.13301,74.62137,100.0,2025-12-04,Kulgi_Kulgi_Amgaon,50 by 10m vegetation plots and a 5 by 10m regeneration plot within
K29,ncf:ceros:atr_ktr:trees:K29,ncf:ceros:atr_ktr:trees:K29:8,Caryota urens L.,Caryota urens,Arecaceae,Caryota,15.4885,74.34842,100.0,2025-12-01,Castlerock_Anmod_Rangarook,50 by 10m vegetation plots and a 5 by 10m regeneration plot within
K47,ncf:ceros:atr_ktr:trees:K47,ncf:ceros:atr_ktr:trees:K47:2,Adenia hondala (Gaertn.) W.J.de Wilde,Adenia hondala,Passifloraceae,Adenia,15.12541,74.48069,100.0,2025-12-06,Phansoli_Amboli_Kumbeli,50 by 10m vegetation plots and a 5 by 10m regeneration plot within
K1,ncf:ceros:atr_ktr:trees:K1,ncf:ceros:atr_ktr:trees:K1:24,Eugenia macrosepala Duthie,Eugenia macrosepala,Myrtaceae,Eugenia,14.95109,74.37002,100.0,2025-11-22,Anshi_Anshi_Badpoli,50 by 10m vegetation plots and a 5 by 10m regeneration plot within
K17,ncf:ceros:atr_ktr:trees:K17,ncf:ceros:atr_ktr:trees:K17:61,Vitex altissima L.f.,Vitex altissima,Lamiaceae,Vitex,15.11042,74.36691,100.0,2025-11-27,Kumbharwada_Kumbharwada_Kumbharwada,50 by 10m vegetation plots and a 5 by 10m regeneration plot within
K39,ncf:ceros:atr_ktr:trees:K39,ncf:ceros:atr_ktr:trees:K39:19,Macaranga peltata (Roxb.) Müll.Arg.,Macaranga peltata,Euphorbiaceae,Macaranga,15.15024,74.62002,100.0,2025-12-04,Kulgi_Kulgi_Kulgi-South,50 by 10m vegetation plots and a 5 by 10m regeneration plot within
K35,ncf:ceros:atr_ktr:trees:K35,ncf:ceros:atr_ktr:trees:K35:24,Glycosmis pentaphylla (Retz.) Corrêa,Glycosmis pentaphylla,Rutaceae,Glycosmis,15.47685,74.30104,100.0,2025-12-03,Castlerock_Karambal_Vatla,50 by 10m vegetation plots and a 5 by 10m regeneration plot within
K4,ncf:ceros:atr_ktr:trees:K4,ncf:ceros:atr_ktr:trees:K4:33,Macaranga peltata (Roxb.) Müll.Arg.,Macaranga peltata,Euphorbiaceae,Macaranga,15.02334,74.4273,100.0,2025-11-23,Anshi_Sawanth Matkarni_Sawanth Matkarni,50 by 10m vegetation plots and a 5 by 10m regeneration plot within
K4,ncf:ceros:atr_ktr:trees:K4,ncf:ceros:atr_ktr:trees:K4:9,Caryota urens L.,Caryota urens,Arecaceae,Caryota,15.02334,74.4273,100.0,2025-11-23,Anshi_Sawanth Matkarni_Sawanth Matkarni,50 by 10m vegetation plots and a 5 by 10m regeneration plot within
K18,ncf:ceros:atr_ktr:trees:K18,ncf:ceros:atr_ktr:trees:K18:3,Ailanthus triphysa (Dennst.) Alston,Ailanthus triphysa,Simaroubaceae,Ailanthus,15.09507,74.42705,100.0,2025-11-27,Kumbharwada_Kumbharwada_Kalsai,50 by 10m vegetation plots and a 5 by 10m regeneration plot within
K17,ncf:ceros:atr_ktr:trees:K17,ncf:ceros:atr_ktr:trees:K17:9,Carallia brachiata (Lour.) Merr.,Carallia brachiata,Rhizophoraceae,Carallia,15.11042,74.36691,100.0,2025-11-27,Kumbharwada_Kumbharwada_Kumbharwada,50 by 10m vegetation plots and a 5 by 10m regeneration plot within
K47,ncf:ceros:atr_ktr:trees:K47,ncf:ceros:atr_ktr:trees:K47:5,Aporosa cardiosperma (Gaertn.) Merr.,Aporosa cardiosperma,Phyllanthaceae,Aporosa,15.12541,74.48069,100.0,2025-12-06,Phansoli_Amboli_Kumbeli,50 by 10m vegetation plots and a 5 by 10m regeneration plot within
K36,ncf:ceros:atr_ktr:trees:K36,ncf:ceros:atr_ktr:trees:K36:47,Nothapodytes nimmoniana (J.Graham) Mabb.,Nothapodytes nimmoniana,Icacinaceae,Nothapodytes,15.48777,74.28354,100.0,2025-12-03,Castlerock_Karambal_Vatla,50 by 10m vegetation plots and a 5 by 10m regeneration plot within
K7,ncf:ceros:atr_ktr:trees:K7,ncf:ceros:atr_ktr:trees:K7:2,Allophylus cobbe (L.) Forsyth fil.,Allophylus cobbe,Sapindaceae,Allophylus,15.09989,74.38199,100.0,2025-11-24,Anshi_Nujji_Jhalavali,50 by 10m vegetation plots and a 5 by 10m regeneration plot within
K52,ncf:ceros:atr_ktr:trees:K52,ncf:ceros:atr_ktr:trees:K52:19,Garcinia indica (Thouars) Choisy,Garcinia indica,Clusiaceae,Garcinia,15.06448,74.52105,100.0,2025-12-07,Gund_Marda_Marda,50 by 10m vegetation plots and a 5 by 10m regeneration plot within
K30,ncf:ceros:atr_ktr:trees:K30,ncf:ceros:atr_ktr:trees:K30:23,Ligustrum robustum (Roxb.) Blume,Ligustrum robustum,Oleaceae,Ligustrum,15.47372,74.33301,100.0,2025-12-01,Castlerock_Anmod_Meda,50 by 10m vegetation plots and a 5 by 10m regeneration plot within
K42,ncf:ceros:atr_ktr:trees:K42,ncf:ceros:atr_ktr:trees:K42:8,Cordia L.,,Cordiaceae,Cordia,15.1487,74.69531,100.0,2025-12-05,Kulgi_Kegdal_Kalabhavi,50 by 10m vegetation plots and a 5 by 10m regeneration plot within
K20,ncf:ceros:atr_ktr:trees:K20,ncf:ceros:atr_ktr:trees:K20:18,Microcos paniculata L.,Microcos paniculata,Malvaceae,Microcos,14.8929,74.46011,100.0,2025-11-28,Kadra_Kadra_Balemane,50 by 10m vegetation plots and a 5 by 10m regeneration plot within
K9,ncf:ceros:atr_ktr:trees:K9,ncf:ceros:atr_ktr:trees:K9:8,Cinnamomum Schaeff.,,Lauraceae,Cinnamomum,15.04249,74.35,100.0,2025-11-24,Anshi_Badpoli_Lande,50 by 10m vegetation plots and a 5 by 10m regeneration plot within
K48,ncf:ceros:atr_ktr:trees:K48,ncf:ceros:atr_ktr:trees:K48:2,Alseodaphne semecarpifolia Nees,Alseodaphne semecarpifolia,Lauraceae,Alseodaphne,15.14195,74.46927,100.0,2025-12-06,Phansoli_Amboli_Kumbeli,50 by 10m vegetation plots and a 5 by 10m regeneration plot within
K55,ncf:ceros:atr_ktr:trees:K55,ncf:ceros:atr_ktr:trees:K55:30,Syzygium caryophyllatum (L.) Alston,Syzygium caryophyllatum,Myrtaceae,Syzygium,15.07023,74.53669,100.0,2025-12-07,Gund_Gund_Gund,50 by 10m vegetation plots and a 5 by 10m regeneration plot within
K35,ncf:ceros:atr_ktr:trees:K35,ncf:ceros:atr_ktr:trees:K35:2,Aporosa cardiosperma (Gaertn.) Merr.,Aporosa cardiosperma,Phyllanthaceae,Aporosa,15.47685,74.30104,100.0,2025-12-03,Castlerock_Karambal_Vatla,50 by 10m vegetation plots and a 5 by 10m regeneration plot within
K56,ncf:ceros:atr_ktr:trees:K56,ncf:ceros:atr_ktr:trees:K56:18,Strychnos nux-vomica L.,Strychnos nux-vomica,Loganiaceae,Strychnos,15.09191,74.51578,100.0,2025-12-07,Phansoli_Avurli_Avurli,50 by 10m vegetation plots and a 5 by 10m regeneration plot within
K31,ncf:ceros:atr_ktr:trees:K31,ncf:ceros:atr_ktr:trees:K31:3,Aglaia lawii (Wight) C.J.Saldanha,Aglaia lawii,Meliaceae,Aglaia,15.32309,74.38428,100.0,2025-12-02,Castlerock_NA_Viral,50 by 10m vegetation plots and a 5 by 10m regeneration plot within
K2,ncf:ceros:atr_ktr:trees:K2,ncf:ceros:atr_ktr:trees:K2:19,Garcinia gummi-gutta (L.) N.Robson,Garcinia gummi-gutta,Clusiaceae,Garcinia,14.9607,74.37222,100.0,2025-11-22,Anshi_Badpoli_Digali,50 by 10m vegetation plots and a 5 by 10m regeneration plot within
K17,ncf:ceros:atr_ktr:trees:K17,ncf:ceros:atr_ktr:trees:K17:59,Terminalia paniculata B.Heyne ex Roth,Terminalia paniculata,Combretaceae,Terminalia,15.11042,74.36691,100.0,2025-11-27,Kumbharwada_Kumbharwada_Kumbharwada,50 by 10m vegetation plots and a 5 by 10m regeneration plot within
K17,ncf:ceros:atr_ktr:trees:K17,ncf:ceros:atr_ktr:trees:K17:40,Mimusops elengi L.,Mimusops elengi,Sapotaceae,Mimusops,15.11042,74.36691,100.0,2025-11-27,Kumbharwada_Kumbharwada_Kumbharwada,50 by 10m vegetation plots and a 5 by 10m regeneration plot within
K24,ncf:ceros:atr_ktr:trees:K24,ncf:ceros:atr_ktr:trees:K24:33,Myristica malabarica Lam.,Myristica malabarica,Myristicaceae,Myristica,14.97144,74.31979,100.0,2025-11-29,Kadra_Bargadde_Sanake,50 by 10m vegetation plots and a 5 by 10m regeneration plot within
K53,ncf:ceros:atr_ktr:trees:K53,ncf:ceros:atr_ktr:trees:K53:9,Cassia fistula L.,Cassia fistula,Fabaceae,Cassia,15.05536,74.53871,100.0,2025-12-07,Gund_Tammanagi_Shavale,50 by 10m vegetation plots and a 5 by 10m regeneration plot within
K32,ncf:ceros:atr_ktr:trees:K32,ncf:ceros:atr_ktr:trees:K32:27,Garcinia talbotii Raizada,Garcinia talbotii,Clusiaceae,Garcinia,15.34117,74.37326,100.0,2025-12-02,Castlerock_Castlerock_Populwadi,50 by 10m vegetation plots and a 5 by 10m regeneration plot within
K30,ncf:ceros:atr_ktr:trees:K30,ncf:ceros:atr_ktr:trees:K30:22,Leea indica (Burm.fil.) Merr.,Leea indica,Vitaceae,Leea,15.47372,74.33301,100.0,2025-12-01,Castlerock_Anmod_Meda,50 by 10m vegetation plots and a 5 by 10m regeneration plot within
K14,ncf:ceros:atr_ktr:trees:K14,ncf:ceros:atr_ktr:trees:K14:49,Symplocos racemosa Roxb.,Symplocos racemosa,Symplocaceae,Symplocos,15.21519,74.37618,100.0,2025-11-26,Kumbharwada_Sulaveli_Sulaveli,50 by 10m vegetation plots and a 5 by 10m regeneration plot within
K3,ncf:ceros:atr_ktr:trees:K3,ncf:ceros:atr_ktr:trees:K3:11,Calamus thwaitesii Becc.,Calamus thwaitesii,Arecaceae,Calamus,15.02369,74.45427,100.0,2025-11-23,Anshi_Sawanth Matkarni_Sawanth Matkarni,50 by 10m vegetation plots and a 5 by 10m regeneration plot within
K15,ncf:ceros:atr_ktr:trees:K15,ncf:ceros:atr_ktr:trees:K15:32,Ixora nigricans R.Br. ex Wight & Arn.,Ixora nigricans,Rubiaceae,Ixora,15.23219,74.34004,100.0,2025-11-26,Kumbharwada_Sulaveli_Sulaveli,50 by 10m vegetation plots and a 5 by 10m regeneration plot within
K9,ncf:ceros:atr_ktr:trees:K9,ncf:ceros:atr_ktr:trees:K9:3,Aporosa cardiosperma (Gaertn.) Merr.,Aporosa cardiosperma,Phyllanthaceae,Aporosa,15.04249,74.35,100.0,2025-11-24,Anshi_Badpoli_Lande,50 by 10m vegetation plots and a 5 by 10m regeneration plot within
K5,ncf:ceros:atr_ktr:trees:K5,ncf:ceros:atr_ktr:trees:K5:6,Beilschmiedia dalzellii (Meisn.) Kosterm.,Beilschmiedia dalzellii,Lauraceae,Beilschmiedia,14.98514,74.37265,100.0,2025-11-23,Anshi_Anshi_Anshi,50 by 10m vegetation plots and a 5 by 10m regeneration plot within
K7,ncf:ceros:atr_ktr:trees:K7,ncf:ceros:atr_ktr:trees:K7:54,Terminalia elliptica Willd.,Terminalia elliptica,Combretaceae,Terminalia,15.09989,74.38199,100.0,2025-11-24,Anshi_Nujji_Jhalavali,50 by 10m vegetation plots and a 5 by 10m regeneration plot within
K31,ncf:ceros:atr_ktr:trees:K31,ncf:ceros:atr_ktr:trees:K31:35,Lagerstroemia microcarpa Wight,Lagerstroemia microcarpa,Lythraceae,Lagerstroemia,15.32309,74.38428,100.0,2025-12-02,Castlerock_NA_Viral,50 by 10m vegetation plots and a 5 by 10m regeneration plot within
K32,ncf:ceros:atr_ktr:trees:K32,ncf:ceros:atr_ktr:trees:K32:3,Allophylus cobbe (L.) Forsyth fil.,Allophylus cobbe,Sapindaceae,Allophylus,15.34117,74.37326,100.0,2025-12-02,Castlerock_Castlerock_Populwadi,50 by 10m vegetation plots and a 5 by 10m regeneration plot within
K16,ncf:ceros:atr_ktr:trees:K16,ncf:ceros:atr_ktr:trees:K16:37,Microcos paniculata L.,Microcos paniculata,Malvaceae,Microcos,15.12424,74.32561,100.0,2025-11-27,Kumbharwada_Kundal_Keloli,50 by 10m vegetation plots and a 5 by 10m regeneration plot within
K20,ncf:ceros:atr_ktr:trees:K20,ncf:ceros:atr_ktr:trees:K20:28,Ziziphus rugosa Lam.,Ziziphus rugosa,Rhamnaceae,Ziziphus,14.8929,74.46011,100.0,2025-11-28,Kadra_Kadra_Balemane,50 by 10m vegetation plots and a 5 by 10m regeneration plot within
K42,ncf:ceros:atr_ktr:trees:K42,ncf:ceros:atr_ktr:trees:K42:21,Meyna laxiflora Robyns,Meyna laxiflora,Rubiaceae,Meyna,15.1487,74.69531,100.0,2025-12-05,Kulgi_Kegdal_Kalabhavi,50 by 10m vegetation plots and a 5 by 10m regeneration plot within
K56,ncf:ceros:atr_ktr:trees:K56,ncf:ceros:atr_ktr:trees:K56:2,Alseodaphne semecarpifolia Nees,Alseodaphne semecarpifolia,Lauraceae,Alseodaphne,15.09191,74.51578,100.0,2025-12-07,Phansoli_Avurli_Avurli,50 by 10m vegetation plots and a 5 by 10m regeneration plot within
K16,ncf:ceros:atr_ktr:trees:K16,ncf:ceros:atr_ktr:trees:K16:39,Moullava spicata (Dalzell) Nicolson,Moullava spicata,Fabaceae,Moullava,15.12424,74.32561,100.0,2025-11-27,Kumbharwada_Kundal_Keloli,50 by 10m vegetation plots and a 5 by 10m regeneration plot within
K31,ncf:ceros:atr_ktr:trees:K31,ncf:ceros:atr_ktr:trees:K31:23,Dracaena terniflora Roxb.,Dracaena elliptica,Asparagaceae,Dracaena,15.32309,74.38428,100.0,2025-12-02,Castlerock_NA_Viral,50 by 10m vegetation plots and a 5 by 10m regeneration plot within
K31,ncf:ceros:atr_ktr:trees:K31,ncf:ceros:atr_ktr:trees:K31:21,Diospyros montana Roxb.,Diospyros montana,Ebenaceae,Diospyros,15.32309,74.38428,100.0,2025-12-02,Castlerock_NA_Viral,50 by 10m vegetation plots and a 5 by 10m regeneration plot within
K36,ncf:ceros:atr_ktr:trees:K36,ncf:ceros:atr_ktr:trees:K36:7,Moullava spicata (Dalzell) Nicolson,Moullava spicata,Fabaceae,Moullava,15.48777,74.28354,100.0,2025-12-03,Castlerock_Karambal_Vatla,50 by 10m vegetation plots and a 5 by 10m regeneration plot within
K47,ncf:ceros:atr_ktr:trees:K47,ncf:ceros:atr_ktr:trees:K47:9,Casearia graveolens Dalzell,Casearia graveolens,Salicaceae,Casearia,15.12541,74.48069,100.0,2025-12-06,Phansoli_Amboli_Kumbeli,50 by 10m vegetation plots and a 5 by 10m regeneration plot within
K16,ncf:ceros:atr_ktr:trees:K16,ncf:ceros:atr_ktr:trees:K16:50,Syzygium cumini (L.) Skeels,Syzygium cumini,Myrtaceae,Syzygium,15.12424,74.32561,100.0,2025-11-27,Kumbharwada_Kundal_Keloli,50 by 10m vegetation plots and a 5 by 10m regeneration plot within
K14,ncf:ceros:atr_ktr:trees:K14,ncf:ceros:atr_ktr:trees:K14:27,Glycosmis mauritiana (Lam.) Yu.Tanaka,Glycosmis mauritiana,Rutaceae,Glycosmis,15.21519,74.37618,100.0,2025-11-26,Kumbharwada_Sulaveli_Sulaveli,50 by 10m vegetation plots and a 5 by 10m regeneration plot within
K10,ncf:ceros:atr_ktr:trees:K10,ncf:ceros:atr_ktr:trees:K10:43,Symplocos cochinchinensis (Lour.) S.Moore,Symplocos cochinchinensis,Symplocaceae,Symplocos,15.01108,74.35722,100.0,2025-11-24,Anshi_Badpoli_Badpoli,50 by 10m vegetation plots and a 5 by 10m regeneration plot within
K20,ncf:ceros:atr_ktr:trees:K20,ncf:ceros:atr_ktr:trees:K20:2,Thespesia lampas (Cav.) Dalzell & A.Gibson,Azanza lampas,Malvaceae,Azanza,14.8929,74.46011,100.0,2025-11-28,Kadra_Kadra_Balemane,50 by 10m vegetation plots and a 5 by 10m regeneration plot within
K22,ncf:ceros:atr_ktr:trees:K22,ncf:ceros:atr_ktr:trees:K22:11,Ecbolium viride (Forssk.) Alston,Ecbolium viride,Acanthaceae,Ecbolium,14.87999,74.41013,100.0,2025-11-28,Kadra_Kadra_Balemane,50 by 10m vegetation plots and a 5 by 10m regeneration plot within
K15,ncf:ceros:atr_ktr:trees:K15,ncf:ceros:atr_ktr:trees:K15:22,Eugenia macrosepala Duthie,Eugenia macrosepala,Myrtaceae,Eugenia,15.23219,74.34004,100.0,2025-11-26,Kumbharwada_Sulaveli_Sulaveli,50 by 10m vegetation plots and a 5 by 10m regeneration plot within
K9,ncf:ceros:atr_ktr:trees:K9,ncf:ceros:atr_ktr:trees:K9:17,Glycosmis pentaphylla (Retz.) Corrêa,Glycosmis pentaphylla,Rutaceae,Glycosmis,15.04249,74.35,100.0,2025-11-24,Anshi_Badpoli_Lande,50 by 10m vegetation plots and a 5 by 10m regeneration plot within
K36,ncf:ceros:atr_ktr:trees:K36,ncf:ceros:atr_ktr:trees:K36:40,Lagerstroemia microcarpa Wight,Lagerstroemia microcarpa,Lythraceae,Lagerstroemia,15.48777,74.28354,100.0,2025-12-03,Castlerock_Karambal_Vatla,50 by 10m vegetation plots and a 5 by 10m regeneration plot within
K50,ncf:ceros:atr_ktr:trees:K50,ncf:ceros:atr_ktr:trees:K50:32,Memecylon umbellatum Burm.fil.,Memecylon umbellatum,Melastomataceae,Memecylon,15.02905,74.50175,100.0,2025-12-06,Gund_Ulavi_Ulavi,50 by 10m vegetation plots and a 5 by 10m regeneration plot within
K53,ncf:ceros:atr_ktr:trees:K53,ncf:ceros:atr_ktr:trees:K53:25,Leea indica (Burm.fil.) Merr.,Leea indica,Vitaceae,Leea,15.05536,74.53871,100.0,2025-12-07,Gund_Tammanagi_Shavale,50 by 10m vegetation plots and a 5 by 10m regeneration plot within
K32,ncf:ceros:atr_ktr:trees:K32,ncf:ceros:atr_ktr:trees:K32:16,Diospyros ferrea (Willd.) Bakh.,Diospyros ferrea,Ebenaceae,Diospyros,15.34117,74.37326,100.0,2025-12-02,Castlerock_Castlerock_Populwadi,50 by 10m vegetation plots and a 5 by 10m regeneration plot within
K24,ncf:ceros:atr_ktr:trees:K24,ncf:ceros:atr_ktr:trees:K24:13,Diospyros oocarpa Thwaites,Diospyros oocarpa,Ebenaceae,Diospyros,14.97144,74.31979,100.0,2025-11-29,Kadra_Bargadde_Sanake,50 by 10m vegetation plots and a 5 by 10m regeneration plot within
K19,ncf:ceros:atr_ktr:trees:K19,ncf:ceros:atr_ktr:trees:K19:38,Psychotria dalzellii Hook.f.,Psychotria dalzellii,Rubiaceae,Psychotria,15.05663,74.45597,100.0,2025-11-27,Phansoli_Amboli_Amboli,50 by 10m vegetation plots and a 5 by 10m regeneration plot within
K23,ncf:ceros:atr_ktr:trees:K23,ncf:ceros:atr_ktr:trees:K23:18,Microcos paniculata L.,Microcos paniculata,Malvaceae,Microcos,14.92281,74.33555,100.0,2025-11-28,Kadra_Kadra_Kadra-West,50 by 10m vegetation plots and a 5 by 10m regeneration plot within
K14,ncf:ceros:atr_ktr:trees:K14,ncf:ceros:atr_ktr:trees:K14:38,Memecylon wightii Thwaites,Memecylon wightii,Melastomataceae,Memecylon,15.21519,74.37618,100.0,2025-11-26,Kumbharwada_Sulaveli_Sulaveli,50 by 10m vegetation plots and a 5 by 10m regeneration plot within
K26,ncf:ceros:atr_ktr:trees:K26,ncf:ceros:atr_ktr:trees:K26:44,Tabernaemontana alternifolia L.,Tabernaemontana alternifolia,Apocynaceae,Tabernaemontana,14.94972,74.29521,100.0,2025-11-29,Kadra_Bargadde_Bargadde,50 by 10m vegetation plots and a 5 by 10m regeneration plot within
K18,ncf:ceros:atr_ktr:trees:K18,ncf:ceros:atr_ktr:trees:K18:8,Beaumontia jerdoniana Wight,Beaumontia jerdoniana,Apocynaceae,Beaumontia,15.09507,74.42705,100.0,2025-11-27,Kumbharwada_Kumbharwada_Kalsai,50 by 10m vegetation plots and a 5 by 10m regeneration plot within
K19,ncf:ceros:atr_ktr:trees:K19,ncf:ceros:atr_ktr:trees:K19:41,Smilax zeylanica L.,Smilax zeylanica,Smilacaceae,Smilax,15.05663,74.45597,100.0,2025-11-27,Phansoli_Amboli_Amboli,50 by 10m vegetation plots and a 5 by 10m regeneration plot within
K3,ncf:ceros:atr_ktr:trees:K3,ncf:ceros:atr_ktr:trees:K3:44,Mallotus philippensis (Lam.) Müll.Arg.,Mallotus philippensis,Euphorbiaceae,Mallotus,15.02369,74.45427,100.0,2025-11-23,Anshi_Sawanth Matkarni_Sawanth Matkarni,50 by 10m vegetation plots and a 5 by 10m regeneration plot within
K12,ncf:ceros:atr_ktr:trees:K12,ncf:ceros:atr_ktr:trees:K12:18,Dysoxylum gotadhora (Buch.-Ham.) Mabb.,Dysoxylum gotadhora,Meliaceae,Dysoxylum,15.21126,74.348,100.0,2025-11-25,Kumbharwada_Terali_Patagudi,50 by 10m vegetation plots and a 5 by 10m regeneration plot within
K48,ncf:ceros:atr_ktr:trees:K48,ncf:ceros:atr_ktr:trees:K48:10,Casearia graveolens Dalzell,Casearia graveolens,Salicaceae,Casearia,15.14195,74.46927,100.0,2025-12-06,Phansoli_Amboli_Kumbeli,50 by 10m vegetation plots and a 5 by 10m regeneration plot within
K36,ncf:ceros:atr_ktr:trees:K36,ncf:ceros:atr_ktr:trees:K36:42,Litsea coriacea (Nees) Hook.fil.,Litsea coriacea,Lauraceae,Litsea,15.48777,74.28354,100.0,2025-12-03,Castlerock_Karambal_Vatla,50 by 10m vegetation plots and a 5 by 10m regeneration plot within
K9,ncf:ceros:atr_ktr:trees:K9,ncf:ceros:atr_ktr:trees:K9:13,Euonymus indicus B.Heyne ex Roxb.,Euonymus indicus,Celastraceae,Euonymus,15.04249,74.35,100.0,2025-11-24,Anshi_Badpoli_Lande,50 by 10m vegetation plots and a 5 by 10m regeneration plot within
K35,ncf:ceros:atr_ktr:trees:K35,ncf:ceros:atr_ktr:trees:K35:47,Canthium rheedei DC.,Canthium rheedei,Rubiaceae,Canthium,15.47685,74.30104,100.0,2025-12-03,Castlerock_Karambal_Vatla,50 by 10m vegetation plots and a 5 by 10m regeneration plot within
K32,ncf:ceros:atr_ktr:trees:K32,ncf:ceros:atr_ktr:trees:K32:30,Gymnosporia rothiana (Walp.) M.A.Lawson,Gymnosporia rothiana,Celastraceae,Gymnosporia,15.34117,74.37326,100.0,2025-12-02,Castlerock_Castlerock_Populwadi,50 by 10m vegetation plots and a 5 by 10m regeneration plot within
K24,ncf:ceros:atr_ktr:trees:K24,ncf:ceros:atr_ktr:trees:K24:38,Canthium rheedei DC.,Canthium rheedei,Rubiaceae,Canthium,14.97144,74.31979,100.0,2025-11-29,Kadra_Bargadde_Sanake,50 by 10m vegetation plots and a 5 by 10m regeneration plot within
K7,ncf:ceros:atr_ktr:trees:K7,ncf:ceros:atr_ktr:trees:K7:4,Aporosa cardiosperma (Gaertn.) Merr.,Aporosa cardiosperma,Phyllanthaceae,Aporosa,15.09989,74.38199,100.0,2025-11-24,Anshi_Nujji_Jhalavali,50 by 10m vegetation plots and a 5 by 10m regeneration plot within
K2,ncf:ceros:atr_ktr:trees:K2,ncf:ceros:atr_ktr:trees:K2:36,Nothopegia castaneifolia (Roth) Ding Hou,Nothopegia castaneifolia,Anacardiaceae,Nothopegia,14.9607,74.37222,100.0,2025-11-22,Anshi_Badpoli_Digali,50 by 10m vegetation plots and a 5 by 10m regeneration plot within
K5,ncf:ceros:atr_ktr:trees:K5,ncf:ceros:atr_ktr:trees:K5:27,Knema attenuata (Hook.fil. & Thomson) Warb.,Knema attenuata,Myristicaceae,Knema,14.98514,74.37265,100.0,2025-11-23,Anshi_Anshi_Anshi,50 by 10m vegetation plots and a 5 by 10m regeneration plot within
K36,ncf:ceros:atr_ktr:trees:K36,ncf:ceros:atr_ktr:trees:K36:1,Aglaia elaeagnoidea (A.Juss.) Benth.,Aglaia elaeagnoidea,Meliaceae,Aglaia,15.48777,74.28354,100.0,2025-12-03,Castlerock_Karambal_Vatla,50 by 10m vegetation plots and a 5 by 10m regeneration plot within
K53,ncf:ceros:atr_ktr:trees:K53,ncf:ceros:atr_ktr:trees:K53:12,Chukrasia tabularis A.Juss.,Chukrasia tabularis,Meliaceae,Chukrasia,15.05536,74.53871,100.0,2025-12-07,Gund_Tammanagi_Shavale,50 by 10m vegetation plots and a 5 by 10m regeneration plot within
K50,ncf:ceros:atr_ktr:trees:K50,ncf:ceros:atr_ktr:trees:K50:12,Celtis tetrandra Roxb.,Celtis tetrandra,Cannabaceae,Celtis,15.02905,74.50175,100.0,2025-12-06,Gund_Ulavi_Ulavi,50 by 10m vegetation plots and a 5 by 10m regeneration plot within
K56,ncf:ceros:atr_ktr:trees:K56,ncf:ceros:atr_ktr:trees:K56:23,Vitex altissima L.f.,Vitex altissima,Lamiaceae,Vitex,15.09191,74.51578,100.0,2025-12-07,Phansoli_Avurli_Avurli,50 by 10m vegetation plots and a 5 by 10m regeneration plot within
K33,ncf:ceros:atr_ktr:trees:K33,ncf:ceros:atr_ktr:trees:K33:49,Symplocos racemosa Roxb.,Symplocos racemosa,Symplocaceae,Symplocos,15.38466,74.34508,100.0,2025-12-02,Castlerock_Castlerock_Kalambuli,50 by 10m vegetation plots and a 5 by 10m regeneration plot within
K7,ncf:ceros:atr_ktr:trees:K7,ncf:ceros:atr_ktr:trees:K7:7,Atalantia wightii Yu.Tanaka,Atalantia wightii,Rutaceae,Atalantia,15.09989,74.38199,100.0,2025-11-24,Anshi_Nujji_Jhalavali,50 by 10m vegetation plots and a 5 by 10m regeneration plot within
K50,ncf:ceros:atr_ktr:trees:K50,ncf:ceros:atr_ktr:trees:K50:4,Alseodaphne semecarpifolia Nees,Alseodaphne semecarpifolia,Lauraceae,Alseodaphne,15.02905,74.50175,100.0,2025-12-06,Gund_Ulavi_Ulavi,50 by 10m vegetation plots and a 5 by 10m regeneration plot within
K37,ncf:ceros:atr_ktr:trees:K37,ncf:ceros:atr_ktr:trees:K37:4,Cassia fistula L.,Cassia fistula,Fabaceae,Cassia,15.15166,74.64497,100.0,2025-12-04,Kulgi_Kegdal_Gutti,50 by 10m vegetation plots and a 5 by 10m regeneration plot within
K24,ncf:ceros:atr_ktr:trees:K24,ncf:ceros:atr_ktr:trees:K24:3,Aporosa cardiosperma (Gaertn.) Merr.,Aporosa cardiosperma,Phyllanthaceae,Aporosa,14.97144,74.31979,100.0,2025-11-29,Kadra_Bargadde_Sanake,50 by 10m vegetation plots and a 5 by 10m regeneration plot within
K18,ncf:ceros:atr_ktr:trees:K18,ncf:ceros:atr_ktr:trees:K18:16,Flacourtia montana J.Graham,Flacourtia montana,Salicaceae,Flacourtia,15.09507,74.42705,100.0,2025-11-27,Kumbharwada_Kumbharwada_Kalsai,50 by 10m vegetation plots and a 5 by 10m regeneration plot within
K7,ncf:ceros:atr_ktr:trees:K7,ncf:ceros:atr_ktr:trees:K7:15,Chassalia curviflora (Wall.) Thwaites,Chassalia curviflora,Rubiaceae,Chassalia,15.09989,74.38199,100.0,2025-11-24,Anshi_Nujji_Jhalavali,50 by 10m vegetation plots and a 5 by 10m regeneration plot within
K38,ncf:ceros:atr_ktr:trees:K38,ncf:ceros:atr_ktr:trees:K38:39,Xylia xylocarpa (Roxb.) W.Theob.,Xylia xylocarpa,Fabaceae,Xylia,15.16349,74.62148,100.0,2025-12-04,Kulgi_Kulgi_Kulgi-South,50 by 10m vegetation plots and a 5 by 10m regeneration plot within
K39,ncf:ceros:atr_ktr:trees:K39,ncf:ceros:atr_ktr:trees:K39:24,Miliusa tomentosa (Roxb.) J.Sinclair,Miliusa tomentosa,Annonaceae,Miliusa,15.15024,74.62002,100.0,2025-12-04,Kulgi_Kulgi_Kulgi-South,50 by 10m vegetation plots and a 5 by 10m regeneration plot within
K51,ncf:ceros:atr_ktr:trees:K51,ncf:ceros:atr_ktr:trees:K51:17,Diospyros paniculata Dalzell,Diospyros paniculata,Ebenaceae,Diospyros,15.03951,74.51396,100.0,2025-12-07,Gund_Marda_Marda,50 by 10m vegetation plots and a 5 by 10m regeneration plot within
K52,ncf:ceros:atr_ktr:trees:K52,ncf:ceros:atr_ktr:trees:K52:37,Ziziphus rugosa Lam.,Ziziphus rugosa,Rhamnaceae,Ziziphus,15.06448,74.52105,100.0,2025-12-07,Gund_Marda_Marda,50 by 10m vegetation plots and a 5 by 10m regeneration plot within
K26,ncf:ceros:atr_ktr:trees:K26,ncf:ceros:atr_ktr:trees:K26:38,Spondias pinnata (L.fil.) Kurz,Spondias pinnata,Anacardiaceae,Spondias,14.94972,74.29521,100.0,2025-11-29,Kadra_Bargadde_Bargadde,50 by 10m vegetation plots and a 5 by 10m regeneration plot within
K18,ncf:ceros:atr_ktr:trees:K18,ncf:ceros:atr_ktr:trees:K18:17,Glycosmis pentaphylla (Retz.) Corrêa,Glycosmis pentaphylla,Rutaceae,Glycosmis,15.09507,74.42705,100.0,2025-11-27,Kumbharwada_Kumbharwada_Kalsai,50 by 10m vegetation plots and a 5 by 10m regeneration plot within
K39,ncf:ceros:atr_ktr:trees:K39,ncf:ceros:atr_ktr:trees:K39:35,Xylia xylocarpa (Roxb.) W.Theob.,Xylia xylocarpa,Fabaceae,Xylia,15.15024,74.62002,100.0,2025-12-04,Kulgi_Kulgi_Kulgi-South,50 by 10m vegetation plots and a 5 by 10m regeneration plot within
K12,ncf:ceros:atr_ktr:trees:K12,ncf:ceros:atr_ktr:trees:K12:40,Nothopegia castaneifolia (Roth) Ding Hou,Nothopegia castaneifolia,Anacardiaceae,Nothopegia,15.21126,74.348,100.0,2025-11-25,Kumbharwada_Terali_Patagudi,50 by 10m vegetation plots and a 5 by 10m regeneration plot within
K6,ncf:ceros:atr_ktr:trees:K6,ncf:ceros:atr_ktr:trees:K6:30,Ixora nigricans R.Br. ex Wight & Arn.,Ixora nigricans,Rubiaceae,Ixora,15.01219,74.39533,100.0,2025-11-23,Anshi_Sawanth Matkarni_Sawanth Matkarni,50 by 10m vegetation plots and a 5 by 10m regeneration plot within
K24,ncf:ceros:atr_ktr:trees:K24,ncf:ceros:atr_ktr:trees:K24:32,Moullava spicata (Dalzell) Nicolson,Moullava spicata,Fabaceae,Moullava,14.97144,74.31979,100.0,2025-11-29,Kadra_Bargadde_Sanake,50 by 10m vegetation plots and a 5 by 10m regeneration plot within
K15,ncf:ceros:atr_ktr:trees:K15,ncf:ceros:atr_ktr:trees:K15:21,Dysoxylum gotadhora (Buch.-Ham.) Mabb.,Dysoxylum gotadhora,Meliaceae,Dysoxylum,15.23219,74.34004,100.0,2025-11-26,Kumbharwada_Sulaveli_Sulaveli,50 by 10m vegetation plots and a 5 by 10m regeneration plot within
K51,ncf:ceros:atr_ktr:trees:K51,ncf:ceros:atr_ktr:trees:K51:10,Casearia championii Thwaites,Casearia championii,Salicaceae,Casearia,15.03951,74.51396,100.0,2025-12-07,Gund_Marda_Marda,50 by 10m vegetation plots and a 5 by 10m regeneration plot within
K41,ncf:ceros:atr_ktr:trees:K41,ncf:ceros:atr_ktr:trees:K41:6,Dalbergia latifolia Roxb.,Dalbergia latifolia,Fabaceae,Dalbergia,15.14435,74.67638,100.0,2025-12-05,Kulgi_Kegdal_Gutti,50 by 10m vegetation plots and a 5 by 10m regeneration plot within
K24,ncf:ceros:atr_ktr:trees:K24,ncf:ceros:atr_ktr:trees:K24:45,Sarcostigma kleinii Wight & Arn.,Sarcostigma kleinii,Icacinaceae,Sarcostigma,14.97144,74.31979,100.0,2025-11-29,Kadra_Bargadde_Sanake,50 by 10m vegetation plots and a 5 by 10m regeneration plot within
K18,ncf:ceros:atr_ktr:trees:K18,ncf:ceros:atr_ktr:trees:K18:26,Tetrapilus dioicus (Roxb.) L.A.S.Johnson,Tetrapilus dioicus,Oleaceae,Tetrapilus,15.09507,74.42705,100.0,2025-11-27,Kumbharwada_Kumbharwada_Kalsai,50 by 10m vegetation plots and a 5 by 10m regeneration plot within
K36,ncf:ceros:atr_ktr:trees:K36,ncf:ceros:atr_ktr:trees:K36:29,Elaeagnus conferta Roxb.,Elaeagnus conferta,Elaeagnaceae,Elaeagnus,15.48777,74.28354,100.0,2025-12-03,Castlerock_Karambal_Vatla,50 by 10m vegetation plots and a 5 by 10m regeneration plot within
K49,ncf:ceros:atr_ktr:trees:K49,ncf:ceros:atr_ktr:trees:K49:37,Mimusops elengi L.,Mimusops elengi,Sapotaceae,Mimusops,15.0245,74.4809,100.0,2025-12-06,Gund_Marda_Shimpura Gudda,50 by 10m vegetation plots and a 5 by 10m regeneration plot within
K25,ncf:ceros:atr_ktr:trees:K25,ncf:ceros:atr_ktr:trees:K25:19,Holigarna arnottiana Wall. ex Hook.fil.,Holigarna arnottiana,Anacardiaceae,Holigarna,14.95361,74.31835,100.0,2025-11-29,Kadra_Bargadde_Bargadde,50 by 10m vegetation plots and a 5 by 10m regeneration plot within
K10,ncf:ceros:atr_ktr:trees:K10,ncf:ceros:atr_ktr:trees:K10:41,Psydrax dicoccos Gaertn.,Psydrax dicoccos,Rubiaceae,Psydrax,15.01108,74.35722,100.0,2025-11-24,Anshi_Badpoli_Badpoli,50 by 10m vegetation plots and a 5 by 10m regeneration plot within
K51,ncf:ceros:atr_ktr:trees:K51,ncf:ceros:atr_ktr:trees:K51:46,Tetrastigma leucostaphylum (Dennst.) Alston,Tetrastigma leucostaphylum,Vitaceae,Tetrastigma,15.03951,74.51396,100.0,2025-12-07,Gund_Marda_Marda,50 by 10m vegetation plots and a 5 by 10m regeneration plot within
K31,ncf:ceros:atr_ktr:trees:K31,ncf:ceros:atr_ktr:trees:K31:40,Nothapodytes nimmoniana (J.Graham) Mabb.,Nothapodytes nimmoniana,Icacinaceae,Nothapodytes,15.32309,74.38428,100.0,2025-12-02,Castlerock_NA_Viral,50 by 10m vegetation plots and a 5 by 10m regeneration plot within
K30,ncf:ceros:atr_ktr:trees:K30,ncf:ceros:atr_ktr:trees:K30:10,Diospyros ferrea (Willd.) Bakh.,Diospyros ferrea,Ebenaceae,Diospyros,15.47372,74.33301,100.0,2025-12-01,Castlerock_Anmod_Meda,50 by 10m vegetation plots and a 5 by 10m regeneration plot within
K49,ncf:ceros:atr_ktr:trees:K49,ncf:ceros:atr_ktr:trees:K49:32,Holigarna arnottiana Wall. ex Hook.fil.,Holigarna arnottiana,Anacardiaceae,Holigarna,15.0245,74.4809,100.0,2025-12-06,Gund_Marda_Shimpura Gudda,50 by 10m vegetation plots and a 5 by 10m regeneration plot within
K17,ncf:ceros:atr_ktr:trees:K17,ncf:ceros:atr_ktr:trees:K17:24,Genianthus micranthus (Roxb.) I.M.Turner,Secamone laurifolia,Apocynaceae,Secamone,15.11042,74.36691,100.0,2025-11-27,Kumbharwada_Kumbharwada_Kumbharwada,50 by 10m vegetation plots and a 5 by 10m regeneration plot within
K29,ncf:ceros:atr_ktr:trees:K29,ncf:ceros:atr_ktr:trees:K29:18,Diploclisia glaucescens (Blume) Diels,Diploclisia glaucescens,Menispermaceae,Diploclisia,15.4885,74.34842,100.0,2025-12-01,Castlerock_Anmod_Rangarook,50 by 10m vegetation plots and a 5 by 10m regeneration plot within
K25,ncf:ceros:atr_ktr:trees:K25,ncf:ceros:atr_ktr:trees:K25:29,Naregamia alata Wight & Arn.,Naregamia alata,Meliaceae,Naregamia,14.95361,74.31835,100.0,2025-11-29,Kadra_Bargadde_Bargadde,50 by 10m vegetation plots and a 5 by 10m regeneration plot within
K24,ncf:ceros:atr_ktr:trees:K24,ncf:ceros:atr_ktr:trees:K24:14,Diospyros paniculata Dalzell,Diospyros paniculata,Ebenaceae,Diospyros,14.97144,74.31979,100.0,2025-11-29,Kadra_Bargadde_Sanake,50 by 10m vegetation plots and a 5 by 10m regeneration plot within
K10,ncf:ceros:atr_ktr:trees:K10,ncf:ceros:atr_ktr:trees:K10:24,Ixora brachiata Roxb.,Ixora brachiata,Rubiaceae,Ixora,15.01108,74.35722,100.0,2025-11-24,Anshi_Badpoli_Badpoli,50 by 10m vegetation plots and a 5 by 10m regeneration plot within
K14,ncf:ceros:atr_ktr:trees:K14,ncf:ceros:atr_ktr:trees:K14:16,Dichapetalum gelonioides (Roxb.) Engl.,Dichapetalum gelonioides,Dichapetalaceae,Dichapetalum,15.21519,74.37618,100.0,2025-11-26,Kumbharwada_Sulaveli_Sulaveli,50 by 10m vegetation plots and a 5 by 10m regeneration plot within
K4,ncf:ceros:atr_ktr:trees:K4,ncf:ceros:atr_ktr:trees:K4:46,Syzygium hemisphericum (Walp.) Alston,Syzygium hemisphericum,Myrtaceae,Syzygium,15.02334,74.4273,100.0,2025-11-23,Anshi_Sawanth Matkarni_Sawanth Matkarni,50 by 10m vegetation plots and a 5 by 10m regeneration plot within
K48,ncf:ceros:atr_ktr:trees:K48,ncf:ceros:atr_ktr:trees:K48:22,Meyna laxiflora Robyns,Meyna laxiflora,Rubiaceae,Meyna,15.14195,74.46927,100.0,2025-12-06,Phansoli_Amboli_Kumbeli,50 by 10m vegetation plots and a 5 by 10m regeneration plot within
K48,ncf:ceros:atr_ktr:trees:K48,ncf:ceros:atr_ktr:trees:K48:14,Cinnamomum Schaeff.,,Lauraceae,Cinnamomum,15.14195,74.46927,100.0,2025-12-06,Phansoli_Amboli_Kumbeli,50 by 10m vegetation plots and a 5 by 10m regeneration plot within
K9,ncf:ceros:atr_ktr:trees:K9,ncf:ceros:atr_ktr:trees:K9:12,Dracaena terniflora Roxb.,Dracaena elliptica,Asparagaceae,Dracaena,15.04249,74.35,100.0,2025-11-24,Anshi_Badpoli_Lande,50 by 10m vegetation plots and a 5 by 10m regeneration plot within
K28,ncf:ceros:atr_ktr:trees:K28,ncf:ceros:atr_ktr:trees:K28:29,Gnetum edule (Willd.) Blume,Gnetum edule,Gnetaceae,Gnetum,14.93541,74.35854,100.0,2025-11-30,Kadra_Kadra_Kadra-West,50 by 10m vegetation plots and a 5 by 10m regeneration plot within
K16,ncf:ceros:atr_ktr:trees:K16,ncf:ceros:atr_ktr:trees:K16:13,Connarus monocarpus (L.) Wight & Arn.,,Connaraceae,,15.12424,74.32561,100.0,2025-11-27,Kumbharwada_Kundal_Keloli,50 by 10m vegetation plots and a 5 by 10m regeneration plot within
K42,ncf:ceros:atr_ktr:trees:K42,ncf:ceros:atr_ktr:trees:K42:28,Tectona grandis L.f.,Tectona grandis,Lamiaceae,Tectona,15.1487,74.69531,100.0,2025-12-05,Kulgi_Kegdal_Kalabhavi,50 by 10m vegetation plots and a 5 by 10m regeneration plot within
K23,ncf:ceros:atr_ktr:trees:K23,ncf:ceros:atr_ktr:trees:K23:3,Clerodendrum infortunatum L.,Clerodendrum infortunatum,Lamiaceae,Clerodendrum,14.92281,74.33555,100.0,2025-11-28,Kadra_Kadra_Kadra-West,50 by 10m vegetation plots and a 5 by 10m regeneration plot within
K30,ncf:ceros:atr_ktr:trees:K30,ncf:ceros:atr_ktr:trees:K30:2,Aporosa cardiosperma (Gaertn.) Merr.,Aporosa cardiosperma,Phyllanthaceae,Aporosa,15.47372,74.33301,100.0,2025-12-01,Castlerock_Anmod_Meda,50 by 10m vegetation plots and a 5 by 10m regeneration plot within
K23,ncf:ceros:atr_ktr:trees:K23,ncf:ceros:atr_ktr:trees:K23:2,Cissus discolor Blume,Cissus discolor,Vitaceae,Cissus,14.92281,74.33555,100.0,2025-11-28,Kadra_Kadra_Kadra-West,50 by 10m vegetation plots and a 5 by 10m regeneration plot within
K10,ncf:ceros:atr_ktr:trees:K10,ncf:ceros:atr_ktr:trees:K10:1,Actinodaphne angustifolia (Blume) Nees,Actinodaphne angustifolia,Lauraceae,Actinodaphne,15.01108,74.35722,100.0,2025-11-24,Anshi_Badpoli_Badpoli,50 by 10m vegetation plots and a 5 by 10m regeneration plot within
K16,ncf:ceros:atr_ktr:trees:K16,ncf:ceros:atr_ktr:trees:K16:49,Symplocos racemosa Roxb.,Symplocos racemosa,Symplocaceae,Symplocos,15.12424,74.32561,100.0,2025-11-27,Kumbharwada_Kundal_Keloli,50 by 10m vegetation plots and a 5 by 10m regeneration plot within
K22,ncf:ceros:atr_ktr:trees:K22,ncf:ceros:atr_ktr:trees:K22:24,Tabernaemontana alternifolia L.,Tabernaemontana alternifolia,Apocynaceae,Tabernaemontana,14.87999,74.41013,100.0,2025-11-28,Kadra_Kadra_Balemane,50 by 10m vegetation plots and a 5 by 10m regeneration plot within
K32,ncf:ceros:atr_ktr:trees:K32,ncf:ceros:atr_ktr:trees:K32:51,Psydrax dicoccos Gaertn.,Psydrax dicoccos,Rubiaceae,Psydrax,15.34117,74.37326,100.0,2025-12-02,Castlerock_Castlerock_Populwadi,50 by 10m vegetation plots and a 5 by 10m regeneration plot within
K55,ncf:ceros:atr_ktr:trees:K55,ncf:ceros:atr_ktr:trees:K55:25,Moullava spicata (Dalzell) Nicolson,Moullava spicata,Fabaceae,Moullava,15.07023,74.53669,100.0,2025-12-07,Gund_Gund_Gund,50 by 10m vegetation plots and a 5 by 10m regeneration plot within
K55,ncf:ceros:atr_ktr:trees:K55,ncf:ceros:atr_ktr:trees:K55:10,Cinnamomum Schaeff.,,Lauraceae,Cinnamomum,15.07023,74.53669,100.0,2025-12-07,Gund_Gund_Gund,50 by 10m vegetation plots and a 5 by 10m regeneration plot within
K12,ncf:ceros:atr_ktr:trees:K12,ncf:ceros:atr_ktr:trees:K12:13,Dichapetalum gelonioides (Roxb.) Engl.,Dichapetalum gelonioides,Dichapetalaceae,Dichapetalum,15.21126,74.348,100.0,2025-11-25,Kumbharwada_Terali_Patagudi,50 by 10m vegetation plots and a 5 by 10m regeneration plot within
K15,ncf:ceros:atr_ktr:trees:K15,ncf:ceros:atr_ktr:trees:K15:49,Syzygium cumini (L.) Skeels,Syzygium cumini,Myrtaceae,Syzygium,15.23219,74.34004,100.0,2025-11-26,Kumbharwada_Sulaveli_Sulaveli,50 by 10m vegetation plots and a 5 by 10m regeneration plot within
K38,ncf:ceros:atr_ktr:trees:K38,ncf:ceros:atr_ktr:trees:K38:6,Catunaregam spinosa (Thunb.) Tirveng.,Catunaregam spinosa,Rubiaceae,Catunaregam,15.16349,74.62148,100.0,2025-12-04,Kulgi_Kulgi_Kulgi-South,50 by 10m vegetation plots and a 5 by 10m regeneration plot within
K27,ncf:ceros:atr_ktr:trees:K27,ncf:ceros:atr_ktr:trees:K27:15,Dimocarpus longan Lour.,Dimocarpus longan,Sapindaceae,Dimocarpus,14.92656,74.35452,100.0,2025-11-29,Kadra_Kadra_Kadra-West,50 by 10m vegetation plots and a 5 by 10m regeneration plot within
K25,ncf:ceros:atr_ktr:trees:K25,ncf:ceros:atr_ktr:trees:K25:18,Holarrhena pubescens (Buch.-Ham.) Wall. ex G.Don,Holarrhena pubescens,Apocynaceae,Holarrhena,14.95361,74.31835,100.0,2025-11-29,Kadra_Bargadde_Bargadde,50 by 10m vegetation plots and a 5 by 10m regeneration plot within
K54,ncf:ceros:atr_ktr:trees:K54,ncf:ceros:atr_ktr:trees:K54:20,Strychnos nux-vomica L.,Strychnos nux-vomica,Loganiaceae,Strychnos,15.06675,74.57376,100.0,2025-12-07,Gund_Tammanagi_Shavale,50 by 10m vegetation plots and a 5 by 10m regeneration plot within
K32,ncf:ceros:atr_ktr:trees:K32,ncf:ceros:atr_ktr:trees:K32:59,Terminalia bellirica (Gaertn.) Roxb.,Terminalia bellirica,Combretaceae,Terminalia,15.34117,74.37326,100.0,2025-12-02,Castlerock_Castlerock_Populwadi,50 by 10m vegetation plots and a 5 by 10m regeneration plot within
K37,ncf:ceros:atr_ktr:trees:K37,ncf:ceros:atr_ktr:trees:K37:2,Poaceae,,Poaceae,,15.15166,74.64497,100.0,2025-12-04,Kulgi_Kegdal_Gutti,50 by 10m vegetation plots and a 5 by 10m regeneration plot within
K31,ncf:ceros:atr_ktr:trees:K31,ncf:ceros:atr_ktr:trees:K31:24,Dysoxylum gotadhora (Buch.-Ham.) Mabb.,Dysoxylum gotadhora,Meliaceae,Dysoxylum,15.32309,74.38428,100.0,2025-12-02,Castlerock_NA_Viral,50 by 10m vegetation plots and a 5 by 10m regeneration plot within
K33,ncf:ceros:atr_ktr:trees:K33,ncf:ceros:atr_ktr:trees:K33:45,Psychotria dalzellii Hook.f.,Psychotria dalzellii,Rubiaceae,Psychotria,15.38466,74.34508,100.0,2025-12-02,Castlerock_Castlerock_Kalambuli,50 by 10m vegetation plots and a 5 by 10m regeneration plot within
K3,ncf:ceros:atr_ktr:trees:K3,ncf:ceros:atr_ktr:trees:K3:24,Elaeagnus conferta Roxb.,Elaeagnus conferta,Elaeagnaceae,Elaeagnus,15.02369,74.45427,100.0,2025-11-23,Anshi_Sawanth Matkarni_Sawanth Matkarni,50 by 10m vegetation plots and a 5 by 10m regeneration plot within
K12,ncf:ceros:atr_ktr:trees:K12,ncf:ceros:atr_ktr:trees:K12:30,Ixora brachiata Roxb.,Ixora brachiata,Rubiaceae,Ixora,15.21126,74.348,100.0,2025-11-25,Kumbharwada_Terali_Patagudi,50 by 10m vegetation plots and a 5 by 10m regeneration plot within
K9,ncf:ceros:atr_ktr:trees:K9,ncf:ceros:atr_ktr:trees:K9:21,Ixora nigricans R.Br. ex Wight & Arn.,Ixora nigricans,Rubiaceae,Ixora,15.04249,74.35,100.0,2025-11-24,Anshi_Badpoli_Lande,50 by 10m vegetation plots and a 5 by 10m regeneration plot within
K23,ncf:ceros:atr_ktr:trees:K23,ncf:ceros:atr_ktr:trees:K23:12,Holarrhena pubescens (Buch.-Ham.) Wall. ex G.Don,Holarrhena pubescens,Apocynaceae,Holarrhena,14.92281,74.33555,100.0,2025-11-28,Kadra_Kadra_Kadra-West,50 by 10m vegetation plots and a 5 by 10m regeneration plot within
K33,ncf:ceros:atr_ktr:trees:K33,ncf:ceros:atr_ktr:trees:K33:13,Connarus monocarpus (L.) Wight & Arn.,,Connaraceae,,15.38466,74.34508,100.0,2025-12-02,Castlerock_Castlerock_Kalambuli,50 by 10m vegetation plots and a 5 by 10m regeneration plot within
K22,ncf:ceros:atr_ktr:trees:K22,ncf:ceros:atr_ktr:trees:K22:6,Cissus discolor Blume,Cissus discolor,Vitaceae,Cissus,14.87999,74.41013,100.0,2025-11-28,Kadra_Kadra_Balemane,50 by 10m vegetation plots and a 5 by 10m regeneration plot within
K12,ncf:ceros:atr_ktr:trees:K12,ncf:ceros:atr_ktr:trees:K12:50,Terminalia bellirica (Gaertn.) Roxb.,Terminalia bellirica,Combretaceae,Terminalia,15.21126,74.348,100.0,2025-11-25,Kumbharwada_Terali_Patagudi,50 by 10m vegetation plots and a 5 by 10m regeneration plot within
K2,ncf:ceros:atr_ktr:trees:K2,ncf:ceros:atr_ktr:trees:K2:24,Holigarna grahamii (Wight) Kurz,Holigarna grahamii,Anacardiaceae,Holigarna,14.9607,74.37222,100.0,2025-11-22,Anshi_Badpoli_Digali,50 by 10m vegetation plots and a 5 by 10m regeneration plot within
K1,ncf:ceros:atr_ktr:trees:K1,ncf:ceros:atr_ktr:trees:K1:11,Capparis rheedei DC.,Capparis rheedei,Capparaceae,Capparis,14.95109,74.37002,100.0,2025-11-22,Anshi_Anshi_Badpoli,50 by 10m vegetation plots and a 5 by 10m regeneration plot within
K1,ncf:ceros:atr_ktr:trees:K1,ncf:ceros:atr_ktr:trees:K1:33,Holigarna grahamii (Wight) Kurz,Holigarna grahamii,Anacardiaceae,Holigarna,14.95109,74.37002,100.0,2025-11-22,Anshi_Anshi_Badpoli,50 by 10m vegetation plots and a 5 by 10m regeneration plot within
K24,ncf:ceros:atr_ktr:trees:K24,ncf:ceros:atr_ktr:trees:K24:18,Getonia floribunda Roxb.,Getonia floribunda,Combretaceae,Getonia,14.97144,74.31979,100.0,2025-11-29,Kadra_Bargadde_Sanake,50 by 10m vegetation plots and a 5 by 10m regeneration plot within
K38,ncf:ceros:atr_ktr:trees:K38,ncf:ceros:atr_ktr:trees:K38:36,Tectona grandis L.f.,Tectona grandis,Lamiaceae,Tectona,15.16349,74.62148,100.0,2025-12-04,Kulgi_Kulgi_Kulgi-South,50 by 10m vegetation plots and a 5 by 10m regeneration plot within
K13,ncf:ceros:atr_ktr:trees:K13,ncf:ceros:atr_ktr:trees:K13:24,Leea indica (Burm.fil.) Merr.,Leea indica,Vitaceae,Leea,15.22005,74.39724,100.0,2025-11-26,Kumbharwada_Sulaveli_Vagheli,50 by 10m vegetation plots and a 5 by 10m regeneration plot within
K11,ncf:ceros:atr_ktr:trees:K11,ncf:ceros:atr_ktr:trees:K11:30,Ixora nigricans R.Br. ex Wight & Arn.,Ixora nigricans,Rubiaceae,Ixora,15.24596,74.28135,100.0,2025-11-25,Kumbharwada_Diggi_Diggi,50 by 10m vegetation plots and a 5 by 10m regeneration plot within
K14,ncf:ceros:atr_ktr:trees:K14,ncf:ceros:atr_ktr:trees:K14:3,Atalantia wightii Yu.Tanaka,Atalantia wightii,Rutaceae,Atalantia,15.21519,74.37618,100.0,2025-11-26,Kumbharwada_Sulaveli_Sulaveli,50 by 10m vegetation plots and a 5 by 10m regeneration plot within
K31,ncf:ceros:atr_ktr:trees:K31,ncf:ceros:atr_ktr:trees:K31:57,Sterculia guttata Roxb.,Sterculia guttata,Malvaceae,Sterculia,15.32309,74.38428,100.0,2025-12-02,Castlerock_NA_Viral,50 by 10m vegetation plots and a 5 by 10m regeneration plot within
K26,ncf:ceros:atr_ktr:trees:K26,ncf:ceros:atr_ktr:trees:K26:48,Ventilago denticulata Willd.,Ventilago denticulata,Rhamnaceae,Ventilago,14.94972,74.29521,100.0,2025-11-29,Kadra_Bargadde_Bargadde,50 by 10m vegetation plots and a 5 by 10m regeneration plot within
K43,ncf:ceros:atr_ktr:trees:K43,ncf:ceros:atr_ktr:trees:K43:20,Margaritaria indica (Dalzell) Airy Shaw,Margaritaria indica,Phyllanthaceae,Margaritaria,15.13126,74.6676,100.0,2025-12-05,Kulgi_Jamga_Jamga-East,50 by 10m vegetation plots and a 5 by 10m regeneration plot within
K19,ncf:ceros:atr_ktr:trees:K19,ncf:ceros:atr_ktr:trees:K19:12,Clausena anisata (Willd.) Hook.fil.,Clausena anisata,Rutaceae,Clausena,15.05663,74.45597,100.0,2025-11-27,Phansoli_Amboli_Amboli,50 by 10m vegetation plots and a 5 by 10m regeneration plot within
K41,ncf:ceros:atr_ktr:trees:K41,ncf:ceros:atr_ktr:trees:K41:21,Ziziphus rugosa Lam.,Ziziphus rugosa,Rhamnaceae,Ziziphus,15.14435,74.67638,100.0,2025-12-05,Kulgi_Kegdal_Gutti,50 by 10m vegetation plots and a 5 by 10m regeneration plot within
K52,ncf:ceros:atr_ktr:trees:K52,ncf:ceros:atr_ktr:trees:K52:29,Murraya koenigii (L.) Spreng.,Murraya koenigii,Rutaceae,Murraya,15.06448,74.52105,100.0,2025-12-07,Gund_Marda_Marda,50 by 10m vegetation plots and a 5 by 10m regeneration plot within
K20,ncf:ceros:atr_ktr:trees:K20,ncf:ceros:atr_ktr:trees:K20:14,Holarrhena pubescens (Buch.-Ham.) Wall. ex G.Don,Holarrhena pubescens,Apocynaceae,Holarrhena,14.8929,74.46011,100.0,2025-11-28,Kadra_Kadra_Balemane,50 by 10m vegetation plots and a 5 by 10m regeneration plot within
K5,ncf:ceros:atr_ktr:trees:K5,ncf:ceros:atr_ktr:trees:K5:32,Nothapodytes nimmoniana (J.Graham) Mabb.,Nothapodytes nimmoniana,Icacinaceae,Nothapodytes,14.98514,74.37265,100.0,2025-11-23,Anshi_Anshi_Anshi,50 by 10m vegetation plots and a 5 by 10m regeneration plot within
K53,ncf:ceros:atr_ktr:trees:K53,ncf:ceros:atr_ktr:trees:K53:19,Elaeagnus conferta Roxb.,Elaeagnus conferta,Elaeagnaceae,Elaeagnus,15.05536,74.53871,100.0,2025-12-07,Gund_Tammanagi_Shavale,50 by 10m vegetation plots and a 5 by 10m regeneration plot within
K4,ncf:ceros:atr_ktr:trees:K4,ncf:ceros:atr_ktr:trees:K4:18,Flacourtia montana J.Graham,Flacourtia montana,Salicaceae,Flacourtia,15.02334,74.4273,100.0,2025-11-23,Anshi_Sawanth Matkarni_Sawanth Matkarni,50 by 10m vegetation plots and a 5 by 10m regeneration plot within
K3,ncf:ceros:atr_ktr:trees:K3,ncf:ceros:atr_ktr:trees:K3:50,Piper nigrum L.,Piper nigrum,Piperaceae,Piper,15.02369,74.45427,100.0,2025-11-23,Anshi_Sawanth Matkarni_Sawanth Matkarni,50 by 10m vegetation plots and a 5 by 10m regeneration plot within
K28,ncf:ceros:atr_ktr:trees:K28,ncf:ceros:atr_ktr:trees:K28:40,Mammea suriga (Buch.-Ham. ex Roxb.) Kosterm.,Mammea suriga,Calophyllaceae,Mammea,14.93541,74.35854,100.0,2025-11-30,Kadra_Kadra_Kadra-West,50 by 10m vegetation plots and a 5 by 10m regeneration plot within
K39,ncf:ceros:atr_ktr:trees:K39,ncf:ceros:atr_ktr:trees:K39:32,Tectona grandis L.f.,Tectona grandis,Lamiaceae,Tectona,15.15024,74.62002,100.0,2025-12-04,Kulgi_Kulgi_Kulgi-South,50 by 10m vegetation plots and a 5 by 10m regeneration plot within
K14,ncf:ceros:atr_ktr:trees:K14,ncf:ceros:atr_ktr:trees:K14:35,Nothapodytes nimmoniana (J.Graham) Mabb.,Nothapodytes nimmoniana,Icacinaceae,Nothapodytes,15.21519,74.37618,100.0,2025-11-26,Kumbharwada_Sulaveli_Sulaveli,50 by 10m vegetation plots and a 5 by 10m regeneration plot within
K2,ncf:ceros:atr_ktr:trees:K2,ncf:ceros:atr_ktr:trees:K2:25,Hydnocarpus pentandrus (Buch.-Ham.) Oken,Hydnocarpus pentandrus,Achariaceae,Hydnocarpus,14.9607,74.37222,100.0,2025-11-22,Anshi_Badpoli_Digali,50 by 10m vegetation plots and a 5 by 10m regeneration plot within
K34,ncf:ceros:atr_ktr:trees:K34,ncf:ceros:atr_ktr:trees:K34:29,Euonymus indicus B.Heyne ex Roxb.,Euonymus indicus,Celastraceae,Euonymus,15.42029,74.32832,100.0,2025-12-02,Castlerock_Anmod_Anmod-East,50 by 10m vegetation plots and a 5 by 10m regeneration plot within
K51,ncf:ceros:atr_ktr:trees:K51,ncf:ceros:atr_ktr:trees:K51:33,Nothapodytes nimmoniana (J.Graham) Mabb.,Nothapodytes nimmoniana,Icacinaceae,Nothapodytes,15.03951,74.51396,100.0,2025-12-07,Gund_Marda_Marda,50 by 10m vegetation plots and a 5 by 10m regeneration plot within
K2,ncf:ceros:atr_ktr:trees:K2,ncf:ceros:atr_ktr:trees:K2:7,Calamus thwaitesii Becc.,Calamus thwaitesii,Arecaceae,Calamus,14.9607,74.37222,100.0,2025-11-22,Anshi_Badpoli_Digali,50 by 10m vegetation plots and a 5 by 10m regeneration plot within
K42,ncf:ceros:atr_ktr:trees:K42,ncf:ceros:atr_ktr:trees:K42:19,Lagerstroemia microcarpa Wight,Lagerstroemia microcarpa,Lythraceae,Lagerstroemia,15.1487,74.69531,100.0,2025-12-05,Kulgi_Kegdal_Kalabhavi,50 by 10m vegetation plots and a 5 by 10m regeneration plot within
K35,ncf:ceros:atr_ktr:trees:K35,ncf:ceros:atr_ktr:trees:K35:42,Memecylon umbellatum Burm.fil.,Memecylon umbellatum,Melastomataceae,Memecylon,15.47685,74.30104,100.0,2025-12-03,Castlerock_Karambal_Vatla,50 by 10m vegetation plots and a 5 by 10m regeneration plot within
K47,ncf:ceros:atr_ktr:trees:K47,ncf:ceros:atr_ktr:trees:K47:12,Cinnamomum Schaeff.,,Lauraceae,Cinnamomum,15.12541,74.48069,100.0,2025-12-06,Phansoli_Amboli_Kumbeli,50 by 10m vegetation plots and a 5 by 10m regeneration plot within
K43,ncf:ceros:atr_ktr:trees:K43,ncf:ceros:atr_ktr:trees:K43:21,Meyna laxiflora Robyns,Meyna laxiflora,Rubiaceae,Meyna,15.13126,74.6676,100.0,2025-12-05,Kulgi_Jamga_Jamga-East,50 by 10m vegetation plots and a 5 by 10m regeneration plot within
K51,ncf:ceros:atr_ktr:trees:K51,ncf:ceros:atr_ktr:trees:K51:44,Tabernaemontana alternifolia L.,Tabernaemontana alternifolia,Apocynaceae,Tabernaemontana,15.03951,74.51396,100.0,2025-12-07,Gund_Marda_Marda,50 by 10m vegetation plots and a 5 by 10m regeneration plot within
K45,ncf:ceros:atr_ktr:trees:K45,ncf:ceros:atr_ktr:trees:K45:8,Ficus drupacea Thunb.,Ficus drupacea,Moraceae,Ficus,15.12909,74.59881,100.0,2025-12-05,Phansoli_Phansoli_Phansoli,50 by 10m vegetation plots and a 5 by 10m regeneration plot within
K50,ncf:ceros:atr_ktr:trees:K50,ncf:ceros:atr_ktr:trees:K50:6,Aphanamixis polystachya (Wall.) R.Parker,Aphanamixis polystachya,Meliaceae,Aphanamixis,15.02905,74.50175,100.0,2025-12-06,Gund_Ulavi_Ulavi,50 by 10m vegetation plots and a 5 by 10m regeneration plot within
K14,ncf:ceros:atr_ktr:trees:K14,ncf:ceros:atr_ktr:trees:K14:29,Gymnosporia rothiana (Walp.) M.A.Lawson,Gymnosporia rothiana,Celastraceae,Gymnosporia,15.21519,74.37618,100.0,2025-11-26,Kumbharwada_Sulaveli_Sulaveli,50 by 10m vegetation plots and a 5 by 10m regeneration plot within
K18,ncf:ceros:atr_ktr:trees:K18,ncf:ceros:atr_ktr:trees:K18:24,Memecylon talbotianum Brandis,Memecylon talbotianum,Melastomataceae,Memecylon,15.09507,74.42705,100.0,2025-11-27,Kumbharwada_Kumbharwada_Kalsai,50 by 10m vegetation plots and a 5 by 10m regeneration plot within
K55,ncf:ceros:atr_ktr:trees:K55,ncf:ceros:atr_ktr:trees:K55:26,Murraya koenigii (L.) Spreng.,Murraya koenigii,Rutaceae,Murraya,15.07023,74.53669,100.0,2025-12-07,Gund_Gund_Gund,50 by 10m vegetation plots and a 5 by 10m regeneration plot within
K10,ncf:ceros:atr_ktr:trees:K10,ncf:ceros:atr_ktr:trees:K10:22,Holigarna grahamii (Wight) Kurz,Holigarna grahamii,Anacardiaceae,Holigarna,15.01108,74.35722,100.0,2025-11-24,Anshi_Badpoli_Badpoli,50 by 10m vegetation plots and a 5 by 10m regeneration plot within
K48,ncf:ceros:atr_ktr:trees:K48,ncf:ceros:atr_ktr:trees:K48:5,Bridelia stipularis (L.) Blume,Bridelia stipularis,Phyllanthaceae,Bridelia,15.14195,74.46927,100.0,2025-12-06,Phansoli_Amboli_Kumbeli,50 by 10m vegetation plots and a 5 by 10m regeneration plot within
K31,ncf:ceros:atr_ktr:trees:K31,ncf:ceros:atr_ktr:trees:K31:7,Beilschmiedia dalzellii (Meisn.) Kosterm.,Beilschmiedia dalzellii,Lauraceae,Beilschmiedia,15.32309,74.38428,100.0,2025-12-02,Castlerock_NA_Viral,50 by 10m vegetation plots and a 5 by 10m regeneration plot within
K8,ncf:ceros:atr_ktr:trees:K8,ncf:ceros:atr_ktr:trees:K8:8,Carissa carandas L.,Carissa carandas,Apocynaceae,Carissa,15.04524,74.33066,100.0,2025-11-24,Anshi_Nujji_Nujji,50 by 10m vegetation plots and a 5 by 10m regeneration plot within
K8,ncf:ceros:atr_ktr:trees:K8,ncf:ceros:atr_ktr:trees:K8:25,Mallotus philippensis (Lam.) Müll.Arg.,Mallotus philippensis,Euphorbiaceae,Mallotus,15.04524,74.33066,100.0,2025-11-24,Anshi_Nujji_Nujji,50 by 10m vegetation plots and a 5 by 10m regeneration plot within
K24,ncf:ceros:atr_ktr:trees:K24,ncf:ceros:atr_ktr:trees:K24:25,Hydnocarpus pentandrus (Buch.-Ham.) Oken,Hydnocarpus pentandrus,Achariaceae,Hydnocarpus,14.97144,74.31979,100.0,2025-11-29,Kadra_Bargadde_Sanake,50 by 10m vegetation plots and a 5 by 10m regeneration plot within
K34,ncf:ceros:atr_ktr:trees:K34,ncf:ceros:atr_ktr:trees:K34:66,Symplocos racemosa Roxb.,Symplocos racemosa,Symplocaceae,Symplocos,15.42029,74.32832,100.0,2025-12-02,Castlerock_Anmod_Anmod-East,50 by 10m vegetation plots and a 5 by 10m regeneration plot within
K3,ncf:ceros:atr_ktr:trees:K3,ncf:ceros:atr_ktr:trees:K3:35,Hydnocarpus pentandrus (Buch.-Ham.) Oken,Hydnocarpus pentandrus,Achariaceae,Hydnocarpus,15.02369,74.45427,100.0,2025-11-23,Anshi_Sawanth Matkarni_Sawanth Matkarni,50 by 10m vegetation plots and a 5 by 10m regeneration plot within
K11,ncf:ceros:atr_ktr:trees:K11,ncf:ceros:atr_ktr:trees:K11:1,Aglaia lawii (Wight) C.J.Saldanha,Aglaia lawii,Meliaceae,Aglaia,15.24596,74.28135,100.0,2025-11-25,Kumbharwada_Diggi_Diggi,50 by 10m vegetation plots and a 5 by 10m regeneration plot within
K4,ncf:ceros:atr_ktr:trees:K4,ncf:ceros:atr_ktr:trees:K4:50,Zingiber Mill.,,Zingiberaceae,Zingiber,15.02334,74.4273,100.0,2025-11-23,Anshi_Sawanth Matkarni_Sawanth Matkarni,50 by 10m vegetation plots and a 5 by 10m regeneration plot within
K15,ncf:ceros:atr_ktr:trees:K15,ncf:ceros:atr_ktr:trees:K15:5,Beilschmiedia dalzellii (Meisn.) Kosterm.,Beilschmiedia dalzellii,Lauraceae,Beilschmiedia,15.23219,74.34004,100.0,2025-11-26,Kumbharwada_Sulaveli_Sulaveli,50 by 10m vegetation plots and a 5 by 10m regeneration plot within
K39,ncf:ceros:atr_ktr:trees:K39,ncf:ceros:atr_ktr:trees:K39:15,Flemingia strobilifera (L.) W.T.Aiton,Flemingia strobilifera,Fabaceae,Flemingia,15.15024,74.62002,100.0,2025-12-04,Kulgi_Kulgi_Kulgi-South,50 by 10m vegetation plots and a 5 by 10m regeneration plot within
K50,ncf:ceros:atr_ktr:trees:K50,ncf:ceros:atr_ktr:trees:K50:36,Nothopegia castaneifolia (Roth) Ding Hou,Nothopegia castaneifolia,Anacardiaceae,Nothopegia,15.02905,74.50175,100.0,2025-12-06,Gund_Ulavi_Ulavi,50 by 10m vegetation plots and a 5 by 10m regeneration plot within
K34,ncf:ceros:atr_ktr:trees:K34,ncf:ceros:atr_ktr:trees:K34:26,Dracaena terniflora Roxb.,Dracaena elliptica,Asparagaceae,Dracaena,15.42029,74.32832,100.0,2025-12-02,Castlerock_Anmod_Anmod-East,50 by 10m vegetation plots and a 5 by 10m regeneration plot within
K56,ncf:ceros:atr_ktr:trees:K56,ncf:ceros:atr_ktr:trees:K56:8,Flemingia Roxb. ex W.T.Aiton,,Fabaceae,Flemingia,15.09191,74.51578,100.0,2025-12-07,Phansoli_Avurli_Avurli,50 by 10m vegetation plots and a 5 by 10m regeneration plot within
K55,ncf:ceros:atr_ktr:trees:K55,ncf:ceros:atr_ktr:trees:K55:27,Sapindus trifoliatus L.,Sapindus trifoliatus,Sapindaceae,Sapindus,15.07023,74.53669,100.0,2025-12-07,Gund_Gund_Gund,50 by 10m vegetation plots and a 5 by 10m regeneration plot within
K8,ncf:ceros:atr_ktr:trees:K8,ncf:ceros:atr_ktr:trees:K8:21,Heynea trijuga Roxb.,Heynea trijuga,Meliaceae,Heynea,15.04524,74.33066,100.0,2025-11-24,Anshi_Nujji_Nujji,50 by 10m vegetation plots and a 5 by 10m regeneration plot within
K31,ncf:ceros:atr_ktr:trees:K31,ncf:ceros:atr_ktr:trees:K31:27,Garcinia gummi-gutta (L.) N.Robson,Garcinia gummi-gutta,Clusiaceae,Garcinia,15.32309,74.38428,100.0,2025-12-02,Castlerock_NA_Viral,50 by 10m vegetation plots and a 5 by 10m regeneration plot within
K11,ncf:ceros:atr_ktr:trees:K11,ncf:ceros:atr_ktr:trees:K11:13,Dimocarpus longan Lour.,Dimocarpus longan,Sapindaceae,Dimocarpus,15.24596,74.28135,100.0,2025-11-25,Kumbharwada_Diggi_Diggi,50 by 10m vegetation plots and a 5 by 10m regeneration plot within
K56,ncf:ceros:atr_ktr:trees:K56,ncf:ceros:atr_ktr:trees:K56:25,Xylia xylocarpa (Roxb.) W.Theob.,Xylia xylocarpa,Fabaceae,Xylia,15.09191,74.51578,100.0,2025-12-07,Phansoli_Avurli_Avurli,50 by 10m vegetation plots and a 5 by 10m regeneration plot within
K26,ncf:ceros:atr_ktr:trees:K26,ncf:ceros:atr_ktr:trees:K26:21,Getonia floribunda Roxb.,Getonia floribunda,Combretaceae,Getonia,14.94972,74.29521,100.0,2025-11-29,Kadra_Bargadde_Bargadde,50 by 10m vegetation plots and a 5 by 10m regeneration plot within
K35,ncf:ceros:atr_ktr:trees:K35,ncf:ceros:atr_ktr:trees:K35:25,Gymnosporia rothiana (Walp.) M.A.Lawson,Gymnosporia rothiana,Celastraceae,Gymnosporia,15.47685,74.30104,100.0,2025-12-03,Castlerock_Karambal_Vatla,50 by 10m vegetation plots and a 5 by 10m regeneration plot within
K1,ncf:ceros:atr_ktr:trees:K1,ncf:ceros:atr_ktr:trees:K1:39,Litsea coriacea (Nees) Hook.fil.,Litsea coriacea,Lauraceae,Litsea,14.95109,74.37002,100.0,2025-11-22,Anshi_Anshi_Badpoli,50 by 10m vegetation plots and a 5 by 10m regeneration plot within
K15,ncf:ceros:atr_ktr:trees:K15,ncf:ceros:atr_ktr:trees:K15:16,Dimocarpus longan Lour.,Dimocarpus longan,Sapindaceae,Dimocarpus,15.23219,74.34004,100.0,2025-11-26,Kumbharwada_Sulaveli_Sulaveli,50 by 10m vegetation plots and a 5 by 10m regeneration plot within
K18,ncf:ceros:atr_ktr:trees:K18,ncf:ceros:atr_ktr:trees:K18:1,Actinodaphne angustifolia (Blume) Nees,Actinodaphne angustifolia,Lauraceae,Actinodaphne,15.09507,74.42705,100.0,2025-11-27,Kumbharwada_Kumbharwada_Kalsai,50 by 10m vegetation plots and a 5 by 10m regeneration plot within
K49,ncf:ceros:atr_ktr:trees:K49,ncf:ceros:atr_ktr:trees:K49:49,Syzygium caryophyllatum (L.) Alston,Syzygium caryophyllatum,Myrtaceae,Syzygium,15.0245,74.4809,100.0,2025-12-06,Gund_Marda_Shimpura Gudda,50 by 10m vegetation plots and a 5 by 10m regeneration plot within
K27,ncf:ceros:atr_ktr:trees:K27,ncf:ceros:atr_ktr:trees:K27:52,Xylia xylocarpa (Roxb.) W.Theob.,Xylia xylocarpa,Fabaceae,Xylia,14.92656,74.35452,100.0,2025-11-29,Kadra_Kadra_Kadra-West,50 by 10m vegetation plots and a 5 by 10m regeneration plot within
K2,ncf:ceros:atr_ktr:trees:K2,ncf:ceros:atr_ktr:trees:K2:30,Leea indica (Burm.fil.) Merr.,Leea indica,Vitaceae,Leea,14.9607,74.37222,100.0,2025-11-22,Anshi_Badpoli_Digali,50 by 10m vegetation plots and a 5 by 10m regeneration plot within
K35,ncf:ceros:atr_ktr:trees:K35,ncf:ceros:atr_ktr:trees:K35:27,Holigarna grahamii (Wight) Kurz,Holigarna grahamii,Anacardiaceae,Holigarna,15.47685,74.30104,100.0,2025-12-03,Castlerock_Karambal_Vatla,50 by 10m vegetation plots and a 5 by 10m regeneration plot within
K55,ncf:ceros:atr_ktr:trees:K55,ncf:ceros:atr_ktr:trees:K55:17,Getonia floribunda Roxb.,Getonia floribunda,Combretaceae,Getonia,15.07023,74.53669,100.0,2025-12-07,Gund_Gund_Gund,50 by 10m vegetation plots and a 5 by 10m regeneration plot within
K6,ncf:ceros:atr_ktr:trees:K6,ncf:ceros:atr_ktr:trees:K6:21,Garcinia gummi-gutta (L.) N.Robson,Garcinia gummi-gutta,Clusiaceae,Garcinia,15.01219,74.39533,100.0,2025-11-23,Anshi_Sawanth Matkarni_Sawanth Matkarni,50 by 10m vegetation plots and a 5 by 10m regeneration plot within
K29,ncf:ceros:atr_ktr:trees:K29,ncf:ceros:atr_ktr:trees:K29:35,Machilus glaucescens (Nees) Wight,Machilus glaucescens,Lauraceae,Machilus,15.4885,74.34842,100.0,2025-12-01,Castlerock_Anmod_Rangarook,50 by 10m vegetation plots and a 5 by 10m regeneration plot within
K35,ncf:ceros:atr_ktr:trees:K35,ncf:ceros:atr_ktr:trees:K35:36,Litsea nigrescens Gamble,Litsea oleoides,Lauraceae,Litsea,15.47685,74.30104,100.0,2025-12-03,Castlerock_Karambal_Vatla,50 by 10m vegetation plots and a 5 by 10m regeneration plot within
K48,ncf:ceros:atr_ktr:trees:K48,ncf:ceros:atr_ktr:trees:K48:17,Embelia tsjeriam-cottam (Roem. & Schult.) A.DC.,Embelia tsjeriam-cottam,Primulaceae,Embelia,15.14195,74.46927,100.0,2025-12-06,Phansoli_Amboli_Kumbeli,50 by 10m vegetation plots and a 5 by 10m regeneration plot within
K32,ncf:ceros:atr_ktr:trees:K32,ncf:ceros:atr_ktr:trees:K32:18,Diploclisia glaucescens (Blume) Diels,Diploclisia glaucescens,Menispermaceae,Diploclisia,15.34117,74.37326,100.0,2025-12-02,Castlerock_Castlerock_Populwadi,50 by 10m vegetation plots and a 5 by 10m regeneration plot within
K17,ncf:ceros:atr_ktr:trees:K17,ncf:ceros:atr_ktr:trees:K17:25,Glochidion hohenackeri (Müll.Arg.) Bedd.,Glochidion hohenackeri,Phyllanthaceae,Glochidion,15.11042,74.36691,100.0,2025-11-27,Kumbharwada_Kumbharwada_Kumbharwada,50 by 10m vegetation plots and a 5 by 10m regeneration plot within
K45,ncf:ceros:atr_ktr:trees:K45,ncf:ceros:atr_ktr:trees:K45:19,Meyna laxiflora Robyns,Meyna laxiflora,Rubiaceae,Meyna,15.12909,74.59881,100.0,2025-12-05,Phansoli_Phansoli_Phansoli,50 by 10m vegetation plots and a 5 by 10m regeneration plot within
K26,ncf:ceros:atr_ktr:trees:K26,ncf:ceros:atr_ktr:trees:K26:46,Terminalia paniculata B.Heyne ex Roth,Terminalia paniculata,Combretaceae,Terminalia,14.94972,74.29521,100.0,2025-11-29,Kadra_Bargadde_Bargadde,50 by 10m vegetation plots and a 5 by 10m regeneration plot within
K40,ncf:ceros:atr_ktr:trees:K40,ncf:ceros:atr_ktr:trees:K40:12,Getonia floribunda Roxb.,Getonia floribunda,Combretaceae,Getonia,15.13301,74.62137,100.0,2025-12-04,Kulgi_Kulgi_Amgaon,50 by 10m vegetation plots and a 5 by 10m regeneration plot within
K52,ncf:ceros:atr_ktr:trees:K52,ncf:ceros:atr_ktr:trees:K52:23,Holarrhena pubescens (Buch.-Ham.) Wall. ex G.Don,Holarrhena pubescens,Apocynaceae,Holarrhena,15.06448,74.52105,100.0,2025-12-07,Gund_Marda_Marda,50 by 10m vegetation plots and a 5 by 10m regeneration plot within
K9,ncf:ceros:atr_ktr:trees:K9,ncf:ceros:atr_ktr:trees:K9:37,Spondias pinnata (L.fil.) Kurz,Spondias pinnata,Anacardiaceae,Spondias,15.04249,74.35,100.0,2025-11-24,Anshi_Badpoli_Lande,50 by 10m vegetation plots and a 5 by 10m regeneration plot within
K14,ncf:ceros:atr_ktr:trees:K14,ncf:ceros:atr_ktr:trees:K14:8,Caryota urens L.,Caryota urens,Arecaceae,Caryota,15.21519,74.37618,100.0,2025-11-26,Kumbharwada_Sulaveli_Sulaveli,50 by 10m vegetation plots and a 5 by 10m regeneration plot within
K39,ncf:ceros:atr_ktr:trees:K39,ncf:ceros:atr_ktr:trees:K39:7,Cassia fistula L.,Cassia fistula,Fabaceae,Cassia,15.15024,74.62002,100.0,2025-12-04,Kulgi_Kulgi_Kulgi-South,50 by 10m vegetation plots and a 5 by 10m regeneration plot within
K33,ncf:ceros:atr_ktr:trees:K33,ncf:ceros:atr_ktr:trees:K33:28,Jasminum malabaricum Wight,Jasminum malabaricum,Oleaceae,Jasminum,15.38466,74.34508,100.0,2025-12-02,Castlerock_Castlerock_Kalambuli,50 by 10m vegetation plots and a 5 by 10m regeneration plot within
K43,ncf:ceros:atr_ktr:trees:K43,ncf:ceros:atr_ktr:trees:K43:27,Xylia xylocarpa (Roxb.) W.Theob.,Xylia xylocarpa,Fabaceae,Xylia,15.13126,74.6676,100.0,2025-12-05,Kulgi_Jamga_Jamga-East,50 by 10m vegetation plots and a 5 by 10m regeneration plot within
K47,ncf:ceros:atr_ktr:trees:K47,ncf:ceros:atr_ktr:trees:K47:4,Alseodaphne semecarpifolia Nees,Alseodaphne semecarpifolia,Lauraceae,Alseodaphne,15.12541,74.48069,100.0,2025-12-06,Phansoli_Amboli_Kumbeli,50 by 10m vegetation plots and a 5 by 10m regeneration plot within
K34,ncf:ceros:atr_ktr:trees:K34,ncf:ceros:atr_ktr:trees:K34:31,Garcinia talbotii Raizada,Garcinia talbotii,Clusiaceae,Garcinia,15.42029,74.32832,100.0,2025-12-02,Castlerock_Anmod_Anmod-East,50 by 10m vegetation plots and a 5 by 10m regeneration plot within
K14,ncf:ceros:atr_ktr:trees:K14,ncf:ceros:atr_ktr:trees:K14:28,Glycosmis pentaphylla (Retz.) Corrêa,Glycosmis pentaphylla,Rutaceae,Glycosmis,15.21519,74.37618,100.0,2025-11-26,Kumbharwada_Sulaveli_Sulaveli,50 by 10m vegetation plots and a 5 by 10m regeneration plot within
K14,ncf:ceros:atr_ktr:trees:K14,ncf:ceros:atr_ktr:trees:K14:6,Calamus rheedei Griff.,Calamus rheedei,Arecaceae,Calamus,15.21519,74.37618,100.0,2025-11-26,Kumbharwada_Sulaveli_Sulaveli,50 by 10m vegetation plots and a 5 by 10m regeneration plot within
K26,ncf:ceros:atr_ktr:trees:K26,ncf:ceros:atr_ktr:trees:K26:9,Catunaregam spinosa (Thunb.) Tirveng.,Catunaregam spinosa,Rubiaceae,Catunaregam,14.94972,74.29521,100.0,2025-11-29,Kadra_Bargadde_Bargadde,50 by 10m vegetation plots and a 5 by 10m regeneration plot within
K14,ncf:ceros:atr_ktr:trees:K14,ncf:ceros:atr_ktr:trees:K14:44,Rourea minor (Gaertn.) Alston,Rourea minor,Connaraceae,Rourea,15.21519,74.37618,100.0,2025-11-26,Kumbharwada_Sulaveli_Sulaveli,50 by 10m vegetation plots and a 5 by 10m regeneration plot within
K29,ncf:ceros:atr_ktr:trees:K29,ncf:ceros:atr_ktr:trees:K29:33,Leea indica (Burm.fil.) Merr.,Leea indica,Vitaceae,Leea,15.4885,74.34842,100.0,2025-12-01,Castlerock_Anmod_Rangarook,50 by 10m vegetation plots and a 5 by 10m regeneration plot within
K28,ncf:ceros:atr_ktr:trees:K28,ncf:ceros:atr_ktr:trees:K28:43,Neolitsea foliosa (Nees) Gamble,Neolitsea foliosa,Lauraceae,Neolitsea,14.93541,74.35854,100.0,2025-11-30,Kadra_Kadra_Kadra-West,50 by 10m vegetation plots and a 5 by 10m regeneration plot within
K7,ncf:ceros:atr_ktr:trees:K7,ncf:ceros:atr_ktr:trees:K7:35,Ixora brachiata Roxb.,Ixora brachiata,Rubiaceae,Ixora,15.09989,74.38199,100.0,2025-11-24,Anshi_Nujji_Jhalavali,50 by 10m vegetation plots and a 5 by 10m regeneration plot within
K28,ncf:ceros:atr_ktr:trees:K28,ncf:ceros:atr_ktr:trees:K28:50,Canthium rheedei DC.,Canthium rheedei,Rubiaceae,Canthium,14.93541,74.35854,100.0,2025-11-30,Kadra_Kadra_Kadra-West,50 by 10m vegetation plots and a 5 by 10m regeneration plot within
K14,ncf:ceros:atr_ktr:trees:K14,ncf:ceros:atr_ktr:trees:K14:43,Canthium rheedei DC.,Canthium rheedei,Rubiaceae,Canthium,15.21519,74.37618,100.0,2025-11-26,Kumbharwada_Sulaveli_Sulaveli,50 by 10m vegetation plots and a 5 by 10m regeneration plot within
K52,ncf:ceros:atr_ktr:trees:K52,ncf:ceros:atr_ktr:trees:K52:2,Actinodaphne angustifolia (Blume) Nees,Actinodaphne angustifolia,Lauraceae,Actinodaphne,15.06448,74.52105,100.0,2025-12-07,Gund_Marda_Marda,50 by 10m vegetation plots and a 5 by 10m regeneration plot within
K8,ncf:ceros:atr_ktr:trees:K8,ncf:ceros:atr_ktr:trees:K8:23,Ixora nigricans R.Br. ex Wight & Arn.,Ixora nigricans,Rubiaceae,Ixora,15.04524,74.33066,100.0,2025-11-24,Anshi_Nujji_Nujji,50 by 10m vegetation plots and a 5 by 10m regeneration plot within
K13,ncf:ceros:atr_ktr:trees:K13,ncf:ceros:atr_ktr:trees:K13:13,Flacourtia montana J.Graham,Flacourtia montana,Salicaceae,Flacourtia,15.22005,74.39724,100.0,2025-11-26,Kumbharwada_Sulaveli_Vagheli,50 by 10m vegetation plots and a 5 by 10m regeneration plot within
K18,ncf:ceros:atr_ktr:trees:K18,ncf:ceros:atr_ktr:trees:K18:2,Adenia hondala (Gaertn.) W.J.de Wilde,Adenia hondala,Passifloraceae,Adenia,15.09507,74.42705,100.0,2025-11-27,Kumbharwada_Kumbharwada_Kalsai,50 by 10m vegetation plots and a 5 by 10m regeneration plot within
K38,ncf:ceros:atr_ktr:trees:K38,ncf:ceros:atr_ktr:trees:K38:35,Tabernaemontana alternifolia L.,Tabernaemontana alternifolia,Apocynaceae,Tabernaemontana,15.16349,74.62148,100.0,2025-12-04,Kulgi_Kulgi_Kulgi-South,50 by 10m vegetation plots and a 5 by 10m regeneration plot within
K22,ncf:ceros:atr_ktr:trees:K22,ncf:ceros:atr_ktr:trees:K22:1,Allophylus cobbe (L.) Forsyth fil.,Allophylus cobbe,Sapindaceae,Allophylus,14.87999,74.41013,100.0,2025-11-28,Kadra_Kadra_Balemane,50 by 10m vegetation plots and a 5 by 10m regeneration plot within
K25,ncf:ceros:atr_ktr:trees:K25,ncf:ceros:atr_ktr:trees:K25:41,Tarenna asiatica (L.) Kuntze ex K.Schum.,Tarenna asiatica,Rubiaceae,Tarenna,14.95361,74.31835,100.0,2025-11-29,Kadra_Bargadde_Bargadde,50 by 10m vegetation plots and a 5 by 10m regeneration plot within
K44,ncf:ceros:atr_ktr:trees:K44,ncf:ceros:atr_ktr:trees:K44:10,Dalbergia latifolia Roxb.,Dalbergia latifolia,Fabaceae,Dalbergia,15.1191,74.68068,100.0,2025-12-05,Kulgi_Kegdal_Amga-East,50 by 10m vegetation plots and a 5 by 10m regeneration plot within
K33,ncf:ceros:atr_ktr:trees:K33,ncf:ceros:atr_ktr:trees:K33:47,Rourea minor (Gaertn.) Alston,Rourea minor,Connaraceae,Rourea,15.38466,74.34508,100.0,2025-12-02,Castlerock_Castlerock_Kalambuli,50 by 10m vegetation plots and a 5 by 10m regeneration plot within
K17,ncf:ceros:atr_ktr:trees:K17,ncf:ceros:atr_ktr:trees:K17:44,Ochna obtusata DC.,Ochna obtusata,Ochnaceae,Ochna,15.11042,74.36691,100.0,2025-11-27,Kumbharwada_Kumbharwada_Kumbharwada,50 by 10m vegetation plots and a 5 by 10m regeneration plot within
K50,ncf:ceros:atr_ktr:trees:K50,ncf:ceros:atr_ktr:trees:K50:40,Tabernaemontana alternifolia L.,Tabernaemontana alternifolia,Apocynaceae,Tabernaemontana,15.02905,74.50175,100.0,2025-12-06,Gund_Ulavi_Ulavi,50 by 10m vegetation plots and a 5 by 10m regeneration plot within
K6,ncf:ceros:atr_ktr:trees:K6,ncf:ceros:atr_ktr:trees:K6:32,Leea indica (Burm.fil.) Merr.,Leea indica,Vitaceae,Leea,15.01219,74.39533,100.0,2025-11-23,Anshi_Sawanth Matkarni_Sawanth Matkarni,50 by 10m vegetation plots and a 5 by 10m regeneration plot within
K14,ncf:ceros:atr_ktr:trees:K14,ncf:ceros:atr_ktr:trees:K14:5,Bischofia javanica Blume,Bischofia javanica,Phyllanthaceae,Bischofia,15.21519,74.37618,100.0,2025-11-26,Kumbharwada_Sulaveli_Sulaveli,50 by 10m vegetation plots and a 5 by 10m regeneration plot within
K35,ncf:ceros:atr_ktr:trees:K35,ncf:ceros:atr_ktr:trees:K35:23,Garcinia indica (Thouars) Choisy,Garcinia indica,Clusiaceae,Garcinia,15.47685,74.30104,100.0,2025-12-03,Castlerock_Karambal_Vatla,50 by 10m vegetation plots and a 5 by 10m regeneration plot within
K18,ncf:ceros:atr_ktr:trees:K18,ncf:ceros:atr_ktr:trees:K18:13,Dalbergia latifolia Roxb.,Dalbergia latifolia,Fabaceae,Dalbergia,15.09507,74.42705,100.0,2025-11-27,Kumbharwada_Kumbharwada_Kalsai,50 by 10m vegetation plots and a 5 by 10m regeneration plot within
K48,ncf:ceros:atr_ktr:trees:K48,ncf:ceros:atr_ktr:trees:K48:26,Paramignya monophylla Wight,Paramignya monophylla,Rutaceae,Paramignya,15.14195,74.46927,100.0,2025-12-06,Phansoli_Amboli_Kumbeli,50 by 10m vegetation plots and a 5 by 10m regeneration plot within
K14,ncf:ceros:atr_ktr:trees:K14,ncf:ceros:atr_ktr:trees:K14:37,Memecylon umbellatum Burm.fil.,Memecylon umbellatum,Melastomataceae,Memecylon,15.21519,74.37618,100.0,2025-11-26,Kumbharwada_Sulaveli_Sulaveli,50 by 10m vegetation plots and a 5 by 10m regeneration plot within
K34,ncf:ceros:atr_ktr:trees:K34,ncf:ceros:atr_ktr:trees:K34:51,Mimusops elengi L.,Mimusops elengi,Sapotaceae,Mimusops,15.42029,74.32832,100.0,2025-12-02,Castlerock_Anmod_Anmod-East,50 by 10m vegetation plots and a 5 by 10m regeneration plot within
K54,ncf:ceros:atr_ktr:trees:K54,ncf:ceros:atr_ktr:trees:K54:4,Colebrookea oppositifolia Sm.,Colebrookea oppositifolia,Lamiaceae,Colebrookea,15.06675,74.57376,100.0,2025-12-07,Gund_Tammanagi_Shavale,50 by 10m vegetation plots and a 5 by 10m regeneration plot within
K28,ncf:ceros:atr_ktr:trees:K28,ncf:ceros:atr_ktr:trees:K28:58,Tabernaemontana alternifolia L.,Tabernaemontana alternifolia,Apocynaceae,Tabernaemontana,14.93541,74.35854,100.0,2025-11-30,Kadra_Kadra_Kadra-West,50 by 10m vegetation plots and a 5 by 10m regeneration plot within
K34,ncf:ceros:atr_ktr:trees:K34,ncf:ceros:atr_ktr:trees:K34:70,Walsura trifoliolata (A.Juss.) Harms,Walsura trifoliolata,Meliaceae,Walsura,15.42029,74.32832,100.0,2025-12-02,Castlerock_Anmod_Anmod-East,50 by 10m vegetation plots and a 5 by 10m regeneration plot within
K31,ncf:ceros:atr_ktr:trees:K31,ncf:ceros:atr_ktr:trees:K31:59,"Zanthoxylum asiaticum (L.) Appelhans, Groppo & J.Wen",Zanthoxylum asiaticum,Rutaceae,Zanthoxylum,15.32309,74.38428,100.0,2025-12-02,Castlerock_NA_Viral,50 by 10m vegetation plots and a 5 by 10m regeneration plot within
K33,ncf:ceros:atr_ktr:trees:K33,ncf:ceros:atr_ktr:trees:K33:48,Strobilanthes heyneana Nees,Strobilanthes heyneana,Acanthaceae,Strobilanthes,15.38466,74.34508,100.0,2025-12-02,Castlerock_Castlerock_Kalambuli,50 by 10m vegetation plots and a 5 by 10m regeneration plot within
K17,ncf:ceros:atr_ktr:trees:K17,ncf:ceros:atr_ktr:trees:K17:51,Psychotria dalzellii Hook.f.,Psychotria dalzellii,Rubiaceae,Psychotria,15.11042,74.36691,100.0,2025-11-27,Kumbharwada_Kumbharwada_Kumbharwada,50 by 10m vegetation plots and a 5 by 10m regeneration plot within
K15,ncf:ceros:atr_ktr:trees:K15,ncf:ceros:atr_ktr:trees:K15:29,Heynea trijuga Roxb.,Heynea trijuga,Meliaceae,Heynea,15.23219,74.34004,100.0,2025-11-26,Kumbharwada_Sulaveli_Sulaveli,50 by 10m vegetation plots and a 5 by 10m regeneration plot within
K51,ncf:ceros:atr_ktr:trees:K51,ncf:ceros:atr_ktr:trees:K51:36,Murraya koenigii (L.) Spreng.,Murraya koenigii,Rutaceae,Murraya,15.03951,74.51396,100.0,2025-12-07,Gund_Marda_Marda,50 by 10m vegetation plots and a 5 by 10m regeneration plot within
K29,ncf:ceros:atr_ktr:trees:K29,ncf:ceros:atr_ktr:trees:K29:22,Flacourtia montana J.Graham,Flacourtia montana,Salicaceae,Flacourtia,15.4885,74.34842,100.0,2025-12-01,Castlerock_Anmod_Rangarook,50 by 10m vegetation plots and a 5 by 10m regeneration plot within
K21,ncf:ceros:atr_ktr:trees:K21,ncf:ceros:atr_ktr:trees:K21:21,Tectona grandis L.f.,Tectona grandis,Lamiaceae,Tectona,14.88869,74.43009,100.0,2025-11-28,Kadra_Kadra_Balemane,50 by 10m vegetation plots and a 5 by 10m regeneration plot within
K32,ncf:ceros:atr_ktr:trees:K32,ncf:ceros:atr_ktr:trees:K32:60,Terminalia elliptica Willd.,Terminalia elliptica,Combretaceae,Terminalia,15.34117,74.37326,100.0,2025-12-02,Castlerock_Castlerock_Populwadi,50 by 10m vegetation plots and a 5 by 10m regeneration plot within
K25,ncf:ceros:atr_ktr:trees:K25,ncf:ceros:atr_ktr:trees:K25:38,Syzygium caryophyllatum (L.) Alston,Syzygium caryophyllatum,Myrtaceae,Syzygium,14.95361,74.31835,100.0,2025-11-29,Kadra_Bargadde_Bargadde,50 by 10m vegetation plots and a 5 by 10m regeneration plot within
K7,ncf:ceros:atr_ktr:trees:K7,ncf:ceros:atr_ktr:trees:K7:32,Gymnosporia rothiana (Walp.) M.A.Lawson,Gymnosporia rothiana,Celastraceae,Gymnosporia,15.09989,74.38199,100.0,2025-11-24,Anshi_Nujji_Jhalavali,50 by 10m vegetation plots and a 5 by 10m regeneration plot within
K44,ncf:ceros:atr_ktr:trees:K44,ncf:ceros:atr_ktr:trees:K44:14,Grewia tiliifolia Vahl,Grewia tiliifolia,Malvaceae,Grewia,15.1191,74.68068,100.0,2025-12-05,Kulgi_Kegdal_Amga-East,50 by 10m vegetation plots and a 5 by 10m regeneration plot within
K15,ncf:ceros:atr_ktr:trees:K15,ncf:ceros:atr_ktr:trees:K15:4,Atalantia racemosa Wight & Arn.,Atalantia racemosa,Rutaceae,Atalantia,15.23219,74.34004,100.0,2025-11-26,Kumbharwada_Sulaveli_Sulaveli,50 by 10m vegetation plots and a 5 by 10m regeneration plot within
K45,ncf:ceros:atr_ktr:trees:K45,ncf:ceros:atr_ktr:trees:K45:29,Terminalia paniculata B.Heyne ex Roth,Terminalia paniculata,Combretaceae,Terminalia,15.12909,74.59881,100.0,2025-12-05,Phansoli_Phansoli_Phansoli,50 by 10m vegetation plots and a 5 by 10m regeneration plot within
K25,ncf:ceros:atr_ktr:trees:K25,ncf:ceros:atr_ktr:trees:K25:42,Terminalia bellirica (Gaertn.) Roxb.,Terminalia bellirica,Combretaceae,Terminalia,14.95361,74.31835,100.0,2025-11-29,Kadra_Bargadde_Bargadde,50 by 10m vegetation plots and a 5 by 10m regeneration plot within
K15,ncf:ceros:atr_ktr:trees:K15,ncf:ceros:atr_ktr:trees:K15:9,Casearia graveolens Dalzell,Casearia graveolens,Salicaceae,Casearia,15.23219,74.34004,100.0,2025-11-26,Kumbharwada_Sulaveli_Sulaveli,50 by 10m vegetation plots and a 5 by 10m regeneration plot within
K34,ncf:ceros:atr_ktr:trees:K34,ncf:ceros:atr_ktr:trees:K34:1,Actinodaphne angustifolia (Blume) Nees,Actinodaphne angustifolia,Lauraceae,Actinodaphne,15.42029,74.32832,100.0,2025-12-02,Castlerock_Anmod_Anmod-East,50 by 10m vegetation plots and a 5 by 10m regeneration plot within
K49,ncf:ceros:atr_ktr:trees:K49,ncf:ceros:atr_ktr:trees:K49:6,Artocarpus gomezianus Wall. ex Trécul,Artocarpus gomezianus,Moraceae,Artocarpus,15.0245,74.4809,100.0,2025-12-06,Gund_Marda_Shimpura Gudda,50 by 10m vegetation plots and a 5 by 10m regeneration plot within
K38,ncf:ceros:atr_ktr:trees:K38,ncf:ceros:atr_ktr:trees:K38:27,Meyna laxiflora Robyns,Meyna laxiflora,Rubiaceae,Meyna,15.16349,74.62148,100.0,2025-12-04,Kulgi_Kulgi_Kulgi-South,50 by 10m vegetation plots and a 5 by 10m regeneration plot within
K11,ncf:ceros:atr_ktr:trees:K11,ncf:ceros:atr_ktr:trees:K11:44,Canthium rheedei DC.,Canthium rheedei,Rubiaceae,Canthium,15.24596,74.28135,100.0,2025-11-25,Kumbharwada_Diggi_Diggi,50 by 10m vegetation plots and a 5 by 10m regeneration plot within
K25,ncf:ceros:atr_ktr:trees:K25,ncf:ceros:atr_ktr:trees:K25:15,Glochidion heyneanum (Wight & Arn.) Wight,Glochidion heyneanum,Phyllanthaceae,Glochidion,14.95361,74.31835,100.0,2025-11-29,Kadra_Bargadde_Bargadde,50 by 10m vegetation plots and a 5 by 10m regeneration plot within
K54,ncf:ceros:atr_ktr:trees:K54,ncf:ceros:atr_ktr:trees:K54:12,Macaranga peltata (Roxb.) Müll.Arg.,Macaranga peltata,Euphorbiaceae,Macaranga,15.06675,74.57376,100.0,2025-12-07,Gund_Tammanagi_Shavale,50 by 10m vegetation plots and a 5 by 10m regeneration plot within
K16,ncf:ceros:atr_ktr:trees:K16,ncf:ceros:atr_ktr:trees:K16:19,Dysoxylum gotadhora (Buch.-Ham.) Mabb.,Dysoxylum gotadhora,Meliaceae,Dysoxylum,15.12424,74.32561,100.0,2025-11-27,Kumbharwada_Kundal_Keloli,50 by 10m vegetation plots and a 5 by 10m regeneration plot within
K27,ncf:ceros:atr_ktr:trees:K27,ncf:ceros:atr_ktr:trees:K27:1,Aglaia lawii (Wight) C.J.Saldanha,Aglaia lawii,Meliaceae,Aglaia,14.92656,74.35452,100.0,2025-11-29,Kadra_Kadra_Kadra-West,50 by 10m vegetation plots and a 5 by 10m regeneration plot within
K28,ncf:ceros:atr_ktr:trees:K28,ncf:ceros:atr_ktr:trees:K28:4,Aporosa cardiosperma (Gaertn.) Merr.,Aporosa cardiosperma,Phyllanthaceae,Aporosa,14.93541,74.35854,100.0,2025-11-30,Kadra_Kadra_Kadra-West,50 by 10m vegetation plots and a 5 by 10m regeneration plot within
K9,ncf:ceros:atr_ktr:trees:K9,ncf:ceros:atr_ktr:trees:K9:9,Connarus monocarpus (L.) Wight & Arn.,,Connaraceae,,15.04249,74.35,100.0,2025-11-24,Anshi_Badpoli_Lande,50 by 10m vegetation plots and a 5 by 10m regeneration plot within
K31,ncf:ceros:atr_ktr:trees:K31,ncf:ceros:atr_ktr:trees:K31:43,Mezoneuron cucullatum (Roxb.) Wight & Arn.,Mezoneuron cucullatum,Fabaceae,Mezoneuron,15.32309,74.38428,100.0,2025-12-02,Castlerock_NA_Viral,50 by 10m vegetation plots and a 5 by 10m regeneration plot within
K18,ncf:ceros:atr_ktr:trees:K18,ncf:ceros:atr_ktr:trees:K18:30,Tabernaemontana alternifolia L.,Tabernaemontana alternifolia,Apocynaceae,Tabernaemontana,15.09507,74.42705,100.0,2025-11-27,Kumbharwada_Kumbharwada_Kalsai,50 by 10m vegetation plots and a 5 by 10m regeneration plot within
K29,ncf:ceros:atr_ktr:trees:K29,ncf:ceros:atr_ktr:trees:K29:3,Aporosa cardiosperma (Gaertn.) Merr.,Aporosa cardiosperma,Phyllanthaceae,Aporosa,15.4885,74.34842,100.0,2025-12-01,Castlerock_Anmod_Rangarook,50 by 10m vegetation plots and a 5 by 10m regeneration plot within
K21,ncf:ceros:atr_ktr:trees:K21,ncf:ceros:atr_ktr:trees:K21:9,Holarrhena pubescens (Buch.-Ham.) Wall. ex G.Don,Holarrhena pubescens,Apocynaceae,Holarrhena,14.88869,74.43009,100.0,2025-11-28,Kadra_Kadra_Balemane,50 by 10m vegetation plots and a 5 by 10m regeneration plot within
K3,ncf:ceros:atr_ktr:trees:K3,ncf:ceros:atr_ktr:trees:K3:54,Symplocos racemosa Roxb.,Symplocos racemosa,Symplocaceae,Symplocos,15.02369,74.45427,100.0,2025-11-23,Anshi_Sawanth Matkarni_Sawanth Matkarni,50 by 10m vegetation plots and a 5 by 10m regeneration plot within
K7,ncf:ceros:atr_ktr:trees:K7,ncf:ceros:atr_ktr:trees:K7:59,Xylia xylocarpa (Roxb.) W.Theob.,Xylia xylocarpa,Fabaceae,Xylia,15.09989,74.38199,100.0,2025-11-24,Anshi_Nujji_Jhalavali,50 by 10m vegetation plots and a 5 by 10m regeneration plot within
K42,ncf:ceros:atr_ktr:trees:K42,ncf:ceros:atr_ktr:trees:K42:29,Terminalia paniculata B.Heyne ex Roth,Terminalia paniculata,Combretaceae,Terminalia,15.1487,74.69531,100.0,2025-12-05,Kulgi_Kegdal_Kalabhavi,50 by 10m vegetation plots and a 5 by 10m regeneration plot within
K29,ncf:ceros:atr_ktr:trees:K29,ncf:ceros:atr_ktr:trees:K29:40,Microcos paniculata L.,Microcos paniculata,Malvaceae,Microcos,15.4885,74.34842,100.0,2025-12-01,Castlerock_Anmod_Rangarook,50 by 10m vegetation plots and a 5 by 10m regeneration plot within
K28,ncf:ceros:atr_ktr:trees:K28,ncf:ceros:atr_ktr:trees:K28:31,Holigarna grahamii (Wight) Kurz,Holigarna grahamii,Anacardiaceae,Holigarna,14.93541,74.35854,100.0,2025-11-30,Kadra_Kadra_Kadra-West,50 by 10m vegetation plots and a 5 by 10m regeneration plot within
K4,ncf:ceros:atr_ktr:trees:K4,ncf:ceros:atr_ktr:trees:K4:47,Terminalia paniculata B.Heyne ex Roth,Terminalia paniculata,Combretaceae,Terminalia,15.02334,74.4273,100.0,2025-11-23,Anshi_Sawanth Matkarni_Sawanth Matkarni,50 by 10m vegetation plots and a 5 by 10m regeneration plot within
K4,ncf:ceros:atr_ktr:trees:K4,ncf:ceros:atr_ktr:trees:K4:8,Calophyllum apetalum Willd.,Calophyllum apetalum,Calophyllaceae,Calophyllum,15.02334,74.4273,100.0,2025-11-23,Anshi_Sawanth Matkarni_Sawanth Matkarni,50 by 10m vegetation plots and a 5 by 10m regeneration plot within
K28,ncf:ceros:atr_ktr:trees:K28,ncf:ceros:atr_ktr:trees:K28:22,Diploclisia glaucescens (Blume) Diels,Diploclisia glaucescens,Menispermaceae,Diploclisia,14.93541,74.35854,100.0,2025-11-30,Kadra_Kadra_Kadra-West,50 by 10m vegetation plots and a 5 by 10m regeneration plot within
K9,ncf:ceros:atr_ktr:trees:K9,ncf:ceros:atr_ktr:trees:K9:27,Mallotus philippensis (Lam.) Müll.Arg.,Mallotus philippensis,Euphorbiaceae,Mallotus,15.04249,74.35,100.0,2025-11-24,Anshi_Badpoli_Lande,50 by 10m vegetation plots and a 5 by 10m regeneration plot within
K26,ncf:ceros:atr_ktr:trees:K26,ncf:ceros:atr_ktr:trees:K26:23,Hemidesmus indicus (L.) R.Br.,Hemidesmus indicus,Apocynaceae,Hemidesmus,14.94972,74.29521,100.0,2025-11-29,Kadra_Bargadde_Bargadde,50 by 10m vegetation plots and a 5 by 10m regeneration plot within
K26,ncf:ceros:atr_ktr:trees:K26,ncf:ceros:atr_ktr:trees:K26:27,Ixora nigricans R.Br. ex Wight & Arn.,Ixora nigricans,Rubiaceae,Ixora,14.94972,74.29521,100.0,2025-11-29,Kadra_Bargadde_Bargadde,50 by 10m vegetation plots and a 5 by 10m regeneration plot within
K44,ncf:ceros:atr_ktr:trees:K44,ncf:ceros:atr_ktr:trees:K44:6,Catunaregam spinosa (Thunb.) Tirveng.,Catunaregam spinosa,Rubiaceae,Catunaregam,15.1191,74.68068,100.0,2025-12-05,Kulgi_Kegdal_Amga-East,50 by 10m vegetation plots and a 5 by 10m regeneration plot within
K2,ncf:ceros:atr_ktr:trees:K2,ncf:ceros:atr_ktr:trees:K2:40,Psychotria dalzellii Hook.f.,Psychotria dalzellii,Rubiaceae,Psychotria,14.9607,74.37222,100.0,2025-11-22,Anshi_Badpoli_Digali,50 by 10m vegetation plots and a 5 by 10m regeneration plot within
K3,ncf:ceros:atr_ktr:trees:K3,ncf:ceros:atr_ktr:trees:K3:31,Grewia umbellata Roxb.,Grewia laevigata,Malvaceae,Grewia,15.02369,74.45427,100.0,2025-11-23,Anshi_Sawanth Matkarni_Sawanth Matkarni,50 by 10m vegetation plots and a 5 by 10m regeneration plot within
K5,ncf:ceros:atr_ktr:trees:K5,ncf:ceros:atr_ktr:trees:K5:39,Piper nigrum L.,Piper nigrum,Piperaceae,Piper,14.98514,74.37265,100.0,2025-11-23,Anshi_Anshi_Anshi,50 by 10m vegetation plots and a 5 by 10m regeneration plot within
K26,ncf:ceros:atr_ktr:trees:K26,ncf:ceros:atr_ktr:trees:K26:35,Psychotria dalzellii Hook.f.,Psychotria dalzellii,Rubiaceae,Psychotria,14.94972,74.29521,100.0,2025-11-29,Kadra_Bargadde_Bargadde,50 by 10m vegetation plots and a 5 by 10m regeneration plot within
K42,ncf:ceros:atr_ktr:trees:K42,ncf:ceros:atr_ktr:trees:K42:17,Holarrhena pubescens (Buch.-Ham.) Wall. ex G.Don,Holarrhena pubescens,Apocynaceae,Holarrhena,15.1487,74.69531,100.0,2025-12-05,Kulgi_Kegdal_Kalabhavi,50 by 10m vegetation plots and a 5 by 10m regeneration plot within
K1,ncf:ceros:atr_ktr:trees:K1,ncf:ceros:atr_ktr:trees:K1:29,Glycosmis pentaphylla (Retz.) Corrêa,Glycosmis pentaphylla,Rutaceae,Glycosmis,14.95109,74.37002,100.0,2025-11-22,Anshi_Anshi_Badpoli,50 by 10m vegetation plots and a 5 by 10m regeneration plot within
K5,ncf:ceros:atr_ktr:trees:K5,ncf:ceros:atr_ktr:trees:K5:26,Ixora nigricans R.Br. ex Wight & Arn.,Ixora nigricans,Rubiaceae,Ixora,14.98514,74.37265,100.0,2025-11-23,Anshi_Anshi_Anshi,50 by 10m vegetation plots and a 5 by 10m regeneration plot within
K53,ncf:ceros:atr_ktr:trees:K53,ncf:ceros:atr_ktr:trees:K53:7,Casearia championii Thwaites,Casearia championii,Salicaceae,Casearia,15.05536,74.53871,100.0,2025-12-07,Gund_Tammanagi_Shavale,50 by 10m vegetation plots and a 5 by 10m regeneration plot within
K38,ncf:ceros:atr_ktr:trees:K38,ncf:ceros:atr_ktr:trees:K38:26,Mallotus philippensis (Lam.) Müll.Arg.,Mallotus philippensis,Euphorbiaceae,Mallotus,15.16349,74.62148,100.0,2025-12-04,Kulgi_Kulgi_Kulgi-South,50 by 10m vegetation plots and a 5 by 10m regeneration plot within
K20,ncf:ceros:atr_ktr:trees:K20,ncf:ceros:atr_ktr:trees:K20:7,Clerodendrum infortunatum L.,Clerodendrum infortunatum,Lamiaceae,Clerodendrum,14.8929,74.46011,100.0,2025-11-28,Kadra_Kadra_Balemane,50 by 10m vegetation plots and a 5 by 10m regeneration plot within
K2,ncf:ceros:atr_ktr:trees:K2,ncf:ceros:atr_ktr:trees:K2:34,Mimusops elengi L.,Mimusops elengi,Sapotaceae,Mimusops,14.9607,74.37222,100.0,2025-11-22,Anshi_Badpoli_Digali,50 by 10m vegetation plots and a 5 by 10m regeneration plot within
K45,ncf:ceros:atr_ktr:trees:K45,ncf:ceros:atr_ktr:trees:K45:3,Callicarpa tomentosa (L.) L.,Callicarpa tomentosa,Lamiaceae,Callicarpa,15.12909,74.59881,100.0,2025-12-05,Phansoli_Phansoli_Phansoli,50 by 10m vegetation plots and a 5 by 10m regeneration plot within
K1,ncf:ceros:atr_ktr:trees:K1,ncf:ceros:atr_ktr:trees:K1:6,Beilschmiedia dalzellii (Meisn.) Kosterm.,Beilschmiedia dalzellii,Lauraceae,Beilschmiedia,14.95109,74.37002,100.0,2025-11-22,Anshi_Anshi_Badpoli,50 by 10m vegetation plots and a 5 by 10m regeneration plot within
K33,ncf:ceros:atr_ktr:trees:K33,ncf:ceros:atr_ktr:trees:K33:21,Getonia floribunda Roxb.,Getonia floribunda,Combretaceae,Getonia,15.38466,74.34508,100.0,2025-12-02,Castlerock_Castlerock_Kalambuli,50 by 10m vegetation plots and a 5 by 10m regeneration plot within
K47,ncf:ceros:atr_ktr:trees:K47,ncf:ceros:atr_ktr:trees:K47:33,Sapindus trifoliatus L.,Sapindus trifoliatus,Sapindaceae,Sapindus,15.12541,74.48069,100.0,2025-12-06,Phansoli_Amboli_Kumbeli,50 by 10m vegetation plots and a 5 by 10m regeneration plot within
K21,ncf:ceros:atr_ktr:trees:K21,ncf:ceros:atr_ktr:trees:K21:6,Clerodendrum infortunatum L.,Clerodendrum infortunatum,Lamiaceae,Clerodendrum,14.88869,74.43009,100.0,2025-11-28,Kadra_Kadra_Balemane,50 by 10m vegetation plots and a 5 by 10m regeneration plot within
K47,ncf:ceros:atr_ktr:trees:K47,ncf:ceros:atr_ktr:trees:K47:37,Strychnos nux-vomica L.,Strychnos nux-vomica,Loganiaceae,Strychnos,15.12541,74.48069,100.0,2025-12-06,Phansoli_Amboli_Kumbeli,50 by 10m vegetation plots and a 5 by 10m regeneration plot within
K16,ncf:ceros:atr_ktr:trees:K16,ncf:ceros:atr_ktr:trees:K16:54,"Zanthoxylum asiaticum (L.) Appelhans, Groppo & J.Wen",Zanthoxylum asiaticum,Rutaceae,Zanthoxylum,15.12424,74.32561,100.0,2025-11-27,Kumbharwada_Kundal_Keloli,50 by 10m vegetation plots and a 5 by 10m regeneration plot within
K3,ncf:ceros:atr_ktr:trees:K3,ncf:ceros:atr_ktr:trees:K3:34,Holigarna arnottiana Wall. ex Hook.fil.,Holigarna arnottiana,Anacardiaceae,Holigarna,15.02369,74.45427,100.0,2025-11-23,Anshi_Sawanth Matkarni_Sawanth Matkarni,50 by 10m vegetation plots and a 5 by 10m regeneration plot within
K20,ncf:ceros:atr_ktr:trees:K20,ncf:ceros:atr_ktr:trees:K20:24,Tabernaemontana alternifolia L.,Tabernaemontana alternifolia,Apocynaceae,Tabernaemontana,14.8929,74.46011,100.0,2025-11-28,Kadra_Kadra_Balemane,50 by 10m vegetation plots and a 5 by 10m regeneration plot within
K27,ncf:ceros:atr_ktr:trees:K27,ncf:ceros:atr_ktr:trees:K27:32,Lepisanthes tetraphylla (Vahl) Radlk.,Lepisanthes tetraphylla,Sapindaceae,Lepisanthes,14.92656,74.35452,100.0,2025-11-29,Kadra_Kadra_Kadra-West,50 by 10m vegetation plots and a 5 by 10m regeneration plot within
K4,ncf:ceros:atr_ktr:trees:K4,ncf:ceros:atr_ktr:trees:K4:7,Callicarpa tomentosa (L.) L.,Callicarpa tomentosa,Lamiaceae,Callicarpa,15.02334,74.4273,100.0,2025-11-23,Anshi_Sawanth Matkarni_Sawanth Matkarni,50 by 10m vegetation plots and a 5 by 10m regeneration plot within
K51,ncf:ceros:atr_ktr:trees:K51,ncf:ceros:atr_ktr:trees:K51:7,Artocarpus hirsutus Lam.,Artocarpus hirsutus,Moraceae,Artocarpus,15.03951,74.51396,100.0,2025-12-07,Gund_Marda_Marda,50 by 10m vegetation plots and a 5 by 10m regeneration plot within
K6,ncf:ceros:atr_ktr:trees:K6,ncf:ceros:atr_ktr:trees:K6:47,Psydrax dicoccos Gaertn.,Psydrax dicoccos,Rubiaceae,Psydrax,15.01219,74.39533,100.0,2025-11-23,Anshi_Sawanth Matkarni_Sawanth Matkarni,50 by 10m vegetation plots and a 5 by 10m regeneration plot within
K5,ncf:ceros:atr_ktr:trees:K5,ncf:ceros:atr_ktr:trees:K5:47,Xantolis tomentosa (Roxb.) Raf.,Xantolis tomentosa,Sapotaceae,Xantolis,14.98514,74.37265,100.0,2025-11-23,Anshi_Anshi_Anshi,50 by 10m vegetation plots and a 5 by 10m regeneration plot within
K15,ncf:ceros:atr_ktr:trees:K15,ncf:ceros:atr_ktr:trees:K15:3,Aporosa cardiosperma (Gaertn.) Merr.,Aporosa cardiosperma,Phyllanthaceae,Aporosa,15.23219,74.34004,100.0,2025-11-26,Kumbharwada_Sulaveli_Sulaveli,50 by 10m vegetation plots and a 5 by 10m regeneration plot within
K24,ncf:ceros:atr_ktr:trees:K24,ncf:ceros:atr_ktr:trees:K24:2,Aglaia elaeagnoidea (A.Juss.) Benth.,Aglaia elaeagnoidea,Meliaceae,Aglaia,14.97144,74.31979,100.0,2025-11-29,Kadra_Bargadde_Sanake,50 by 10m vegetation plots and a 5 by 10m regeneration plot within
K41,ncf:ceros:atr_ktr:trees:K41,ncf:ceros:atr_ktr:trees:K41:4,Catunaregam spinosa (Thunb.) Tirveng.,Catunaregam spinosa,Rubiaceae,Catunaregam,15.14435,74.67638,100.0,2025-12-05,Kulgi_Kegdal_Gutti,50 by 10m vegetation plots and a 5 by 10m regeneration plot within
K32,ncf:ceros:atr_ktr:trees:K32,ncf:ceros:atr_ktr:trees:K32:45,Microcos paniculata L.,Microcos paniculata,Malvaceae,Microcos,15.34117,74.37326,100.0,2025-12-02,Castlerock_Castlerock_Populwadi,50 by 10m vegetation plots and a 5 by 10m regeneration plot within
K51,ncf:ceros:atr_ktr:trees:K51,ncf:ceros:atr_ktr:trees:K51:27,Leea indica (Burm.fil.) Merr.,Leea indica,Vitaceae,Leea,15.03951,74.51396,100.0,2025-12-07,Gund_Marda_Marda,50 by 10m vegetation plots and a 5 by 10m regeneration plot within
K7,ncf:ceros:atr_ktr:trees:K7,ncf:ceros:atr_ktr:trees:K7:38,Litsea coriacea (Nees) Hook.fil.,Litsea coriacea,Lauraceae,Litsea,15.09989,74.38199,100.0,2025-11-24,Anshi_Nujji_Jhalavali,50 by 10m vegetation plots and a 5 by 10m regeneration plot within
K45,ncf:ceros:atr_ktr:trees:K45,ncf:ceros:atr_ktr:trees:K45:4,Clerodendrum infortunatum L.,Clerodendrum infortunatum,Lamiaceae,Clerodendrum,15.12909,74.59881,100.0,2025-12-05,Phansoli_Phansoli_Phansoli,50 by 10m vegetation plots and a 5 by 10m regeneration plot within
K29,ncf:ceros:atr_ktr:trees:K29,ncf:ceros:atr_ktr:trees:K29:60,Xantolis tomentosa (Roxb.) Raf.,Xantolis tomentosa,Sapotaceae,Xantolis,15.4885,74.34842,100.0,2025-12-01,Castlerock_Anmod_Rangarook,50 by 10m vegetation plots and a 5 by 10m regeneration plot within
K52,ncf:ceros:atr_ktr:trees:K52,ncf:ceros:atr_ktr:trees:K52:24,Litsea ghatica C.J.Saldanha,Litsea ghatica,Lauraceae,Litsea,15.06448,74.52105,100.0,2025-12-07,Gund_Marda_Marda,50 by 10m vegetation plots and a 5 by 10m regeneration plot within
K25,ncf:ceros:atr_ktr:trees:K25,ncf:ceros:atr_ktr:trees:K25:20,Hydnocarpus pentandrus (Buch.-Ham.) Oken,Hydnocarpus pentandrus,Achariaceae,Hydnocarpus,14.95361,74.31835,100.0,2025-11-29,Kadra_Bargadde_Bargadde,50 by 10m vegetation plots and a 5 by 10m regeneration plot within
K10,ncf:ceros:atr_ktr:trees:K10,ncf:ceros:atr_ktr:trees:K10:34,Memecylon talbotianum Brandis,Memecylon talbotianum,Melastomataceae,Memecylon,15.01108,74.35722,100.0,2025-11-24,Anshi_Badpoli_Badpoli,50 by 10m vegetation plots and a 5 by 10m regeneration plot within
K52,ncf:ceros:atr_ktr:trees:K52,ncf:ceros:atr_ktr:trees:K52:31,Sterculia guttata Roxb.,Sterculia guttata,Malvaceae,Sterculia,15.06448,74.52105,100.0,2025-12-07,Gund_Marda_Marda,50 by 10m vegetation plots and a 5 by 10m regeneration plot within
K27,ncf:ceros:atr_ktr:trees:K27,ncf:ceros:atr_ktr:trees:K27:28,Hydnocarpus pentandrus (Buch.-Ham.) Oken,Hydnocarpus pentandrus,Achariaceae,Hydnocarpus,14.92656,74.35452,100.0,2025-11-29,Kadra_Kadra_Kadra-West,50 by 10m vegetation plots and a 5 by 10m regeneration plot within
K24,ncf:ceros:atr_ktr:trees:K24,ncf:ceros:atr_ktr:trees:K24:23,Holigarna arnottiana Wall. ex Hook.fil.,Holigarna arnottiana,Anacardiaceae,Holigarna,14.97144,74.31979,100.0,2025-11-29,Kadra_Bargadde_Sanake,50 by 10m vegetation plots and a 5 by 10m regeneration plot within
K9,ncf:ceros:atr_ktr:trees:K9,ncf:ceros:atr_ktr:trees:K9:24,Litsea coriacea (Nees) Hook.fil.,Litsea coriacea,Lauraceae,Litsea,15.04249,74.35,100.0,2025-11-24,Anshi_Badpoli_Lande,50 by 10m vegetation plots and a 5 by 10m regeneration plot within
K1,ncf:ceros:atr_ktr:trees:K1,ncf:ceros:atr_ktr:trees:K1:43,Neolitsea foliosa (Nees) Gamble,Neolitsea foliosa,Lauraceae,Neolitsea,14.95109,74.37002,100.0,2025-11-22,Anshi_Anshi_Badpoli,50 by 10m vegetation plots and a 5 by 10m regeneration plot within
K36,ncf:ceros:atr_ktr:trees:K36,ncf:ceros:atr_ktr:trees:K36:24,Diospyros ferrea (Willd.) Bakh.,Diospyros ferrea,Ebenaceae,Diospyros,15.48777,74.28354,100.0,2025-12-03,Castlerock_Karambal_Vatla,50 by 10m vegetation plots and a 5 by 10m regeneration plot within
K32,ncf:ceros:atr_ktr:trees:K32,ncf:ceros:atr_ktr:trees:K32:54,Salacia beddomei Gamble,Salacia beddomei,Celastraceae,Salacia,15.34117,74.37326,100.0,2025-12-02,Castlerock_Castlerock_Populwadi,50 by 10m vegetation plots and a 5 by 10m regeneration plot within
K11,ncf:ceros:atr_ktr:trees:K11,ncf:ceros:atr_ktr:trees:K11:42,Tetrapilus dioicus (Roxb.) L.A.S.Johnson,Tetrapilus dioicus,Oleaceae,Tetrapilus,15.24596,74.28135,100.0,2025-11-25,Kumbharwada_Diggi_Diggi,50 by 10m vegetation plots and a 5 by 10m regeneration plot within
K43,ncf:ceros:atr_ktr:trees:K43,ncf:ceros:atr_ktr:trees:K43:25,Terminalia paniculata B.Heyne ex Roth,Terminalia paniculata,Combretaceae,Terminalia,15.13126,74.6676,100.0,2025-12-05,Kulgi_Jamga_Jamga-East,50 by 10m vegetation plots and a 5 by 10m regeneration plot within
K35,ncf:ceros:atr_ktr:trees:K35,ncf:ceros:atr_ktr:trees:K35:26,Holigarna arnottiana Wall. ex Hook.fil.,Holigarna arnottiana,Anacardiaceae,Holigarna,15.47685,74.30104,100.0,2025-12-03,Castlerock_Karambal_Vatla,50 by 10m vegetation plots and a 5 by 10m regeneration plot within
K4,ncf:ceros:atr_ktr:trees:K4,ncf:ceros:atr_ktr:trees:K4:48,Xantolis tomentosa (Roxb.) Raf.,Xantolis tomentosa,Sapotaceae,Xantolis,15.02334,74.4273,100.0,2025-11-23,Anshi_Sawanth Matkarni_Sawanth Matkarni,50 by 10m vegetation plots and a 5 by 10m regeneration plot within
K40,ncf:ceros:atr_ktr:trees:K40,ncf:ceros:atr_ktr:trees:K40:13,Glycosmis pentaphylla (Retz.) Corrêa,Glycosmis pentaphylla,Rutaceae,Glycosmis,15.13301,74.62137,100.0,2025-12-04,Kulgi_Kulgi_Amgaon,50 by 10m vegetation plots and a 5 by 10m regeneration plot within
K32,ncf:ceros:atr_ktr:trees:K32,ncf:ceros:atr_ktr:trees:K32:35,Ligustrum robustum (Roxb.) Blume,Ligustrum robustum,Oleaceae,Ligustrum,15.34117,74.37326,100.0,2025-12-02,Castlerock_Castlerock_Populwadi,50 by 10m vegetation plots and a 5 by 10m regeneration plot within
K12,ncf:ceros:atr_ktr:trees:K12,ncf:ceros:atr_ktr:trees:K12:36,Nothapodytes nimmoniana (J.Graham) Mabb.,Nothapodytes nimmoniana,Icacinaceae,Nothapodytes,15.21126,74.348,100.0,2025-11-25,Kumbharwada_Terali_Patagudi,50 by 10m vegetation plots and a 5 by 10m regeneration plot within
K11,ncf:ceros:atr_ktr:trees:K11,ncf:ceros:atr_ktr:trees:K11:49,Syzygium hemisphericum (Walp.) Alston,Syzygium hemisphericum,Myrtaceae,Syzygium,15.24596,74.28135,100.0,2025-11-25,Kumbharwada_Diggi_Diggi,50 by 10m vegetation plots and a 5 by 10m regeneration plot within
K7,ncf:ceros:atr_ktr:trees:K7,ncf:ceros:atr_ktr:trees:K7:13,Caryota urens L.,Caryota urens,Arecaceae,Caryota,15.09989,74.38199,100.0,2025-11-24,Anshi_Nujji_Jhalavali,50 by 10m vegetation plots and a 5 by 10m regeneration plot within
K48,ncf:ceros:atr_ktr:trees:K48,ncf:ceros:atr_ktr:trees:K48:16,Dillenia pentagyna Roxb.,Dillenia pentagyna,Dilleniaceae,Dillenia,15.14195,74.46927,100.0,2025-12-06,Phansoli_Amboli_Kumbeli,50 by 10m vegetation plots and a 5 by 10m regeneration plot within
K24,ncf:ceros:atr_ktr:trees:K24,ncf:ceros:atr_ktr:trees:K24:5,Poaceae,,Poaceae,,14.97144,74.31979,100.0,2025-11-29,Kadra_Bargadde_Sanake,50 by 10m vegetation plots and a 5 by 10m regeneration plot within
K4,ncf:ceros:atr_ktr:trees:K4,ncf:ceros:atr_ktr:trees:K4:23,Gymnosporia rothiana (Walp.) M.A.Lawson,Gymnosporia rothiana,Celastraceae,Gymnosporia,15.02334,74.4273,100.0,2025-11-23,Anshi_Sawanth Matkarni_Sawanth Matkarni,50 by 10m vegetation plots and a 5 by 10m regeneration plot within
K44,ncf:ceros:atr_ktr:trees:K44,ncf:ceros:atr_ktr:trees:K44:25,Xylia xylocarpa (Roxb.) W.Theob.,Xylia xylocarpa,Fabaceae,Xylia,15.1191,74.68068,100.0,2025-12-05,Kulgi_Kegdal_Amga-East,50 by 10m vegetation plots and a 5 by 10m regeneration plot within
K51,ncf:ceros:atr_ktr:trees:K51,ncf:ceros:atr_ktr:trees:K51:19,Elaeagnus conferta Roxb.,Elaeagnus conferta,Elaeagnaceae,Elaeagnus,15.03951,74.51396,100.0,2025-12-07,Gund_Marda_Marda,50 by 10m vegetation plots and a 5 by 10m regeneration plot within
K19,ncf:ceros:atr_ktr:trees:K19,ncf:ceros:atr_ktr:trees:K19:30,Mangifera indica L.,Mangifera indica,Anacardiaceae,Mangifera,15.05663,74.45597,100.0,2025-11-27,Phansoli_Amboli_Amboli,50 by 10m vegetation plots and a 5 by 10m regeneration plot within
K44,ncf:ceros:atr_ktr:trees:K44,ncf:ceros:atr_ktr:trees:K44:1,Poaceae,,Poaceae,,15.1191,74.68068,100.0,2025-12-05,Kulgi_Kegdal_Amga-East,50 by 10m vegetation plots and a 5 by 10m regeneration plot within
K9,ncf:ceros:atr_ktr:trees:K9,ncf:ceros:atr_ktr:trees:K9:32,Tetrapilus dioicus (Roxb.) L.A.S.Johnson,Tetrapilus dioicus,Oleaceae,Tetrapilus,15.04249,74.35,100.0,2025-11-24,Anshi_Badpoli_Lande,50 by 10m vegetation plots and a 5 by 10m regeneration plot within
K53,ncf:ceros:atr_ktr:trees:K53,ncf:ceros:atr_ktr:trees:K53:35,Smilax zeylanica L.,Smilax zeylanica,Smilacaceae,Smilax,15.05536,74.53871,100.0,2025-12-07,Gund_Tammanagi_Shavale,50 by 10m vegetation plots and a 5 by 10m regeneration plot within
K27,ncf:ceros:atr_ktr:trees:K27,ncf:ceros:atr_ktr:trees:K27:49,Sterculia guttata Roxb.,Sterculia guttata,Malvaceae,Sterculia,14.92656,74.35452,100.0,2025-11-29,Kadra_Kadra_Kadra-West,50 by 10m vegetation plots and a 5 by 10m regeneration plot within
K6,ncf:ceros:atr_ktr:trees:K6,ncf:ceros:atr_ktr:trees:K6:41,Murraya koenigii (L.) Spreng.,Murraya koenigii,Rutaceae,Murraya,15.01219,74.39533,100.0,2025-11-23,Anshi_Sawanth Matkarni_Sawanth Matkarni,50 by 10m vegetation plots and a 5 by 10m regeneration plot within
K36,ncf:ceros:atr_ktr:trees:K36,ncf:ceros:atr_ktr:trees:K36:14,Caryota urens L.,Caryota urens,Arecaceae,Caryota,15.48777,74.28354,100.0,2025-12-03,Castlerock_Karambal_Vatla,50 by 10m vegetation plots and a 5 by 10m regeneration plot within
K5,ncf:ceros:atr_ktr:trees:K5,ncf:ceros:atr_ktr:trees:K5:1,Actinodaphne angustifolia (Blume) Nees,Actinodaphne angustifolia,Lauraceae,Actinodaphne,14.98514,74.37265,100.0,2025-11-23,Anshi_Anshi_Anshi,50 by 10m vegetation plots and a 5 by 10m regeneration plot within
K31,ncf:ceros:atr_ktr:trees:K31,ncf:ceros:atr_ktr:trees:K31:11,Carallia brachiata (Lour.) Merr.,Carallia brachiata,Rhizophoraceae,Carallia,15.32309,74.38428,100.0,2025-12-02,Castlerock_NA_Viral,50 by 10m vegetation plots and a 5 by 10m regeneration plot within
K3,ncf:ceros:atr_ktr:trees:K3,ncf:ceros:atr_ktr:trees:K3:28,Glochidion candolleanum (Wight & Arn.) Chakrab. & M.Gangop.,Glochidion candolleanum,Phyllanthaceae,Glochidion,15.02369,74.45427,100.0,2025-11-23,Anshi_Sawanth Matkarni_Sawanth Matkarni,50 by 10m vegetation plots and a 5 by 10m regeneration plot within
K31,ncf:ceros:atr_ktr:trees:K31,ncf:ceros:atr_ktr:trees:K31:42,Memecylon umbellatum Burm.fil.,Memecylon umbellatum,Melastomataceae,Memecylon,15.32309,74.38428,100.0,2025-12-02,Castlerock_NA_Viral,50 by 10m vegetation plots and a 5 by 10m regeneration plot within
K10,ncf:ceros:atr_ktr:trees:K10,ncf:ceros:atr_ktr:trees:K10:4,Antidesma bunius (L.) Spreng.,Antidesma bunius,Phyllanthaceae,Antidesma,15.01108,74.35722,100.0,2025-11-24,Anshi_Badpoli_Badpoli,50 by 10m vegetation plots and a 5 by 10m regeneration plot within
K44,ncf:ceros:atr_ktr:trees:K44,ncf:ceros:atr_ktr:trees:K44:24,Ventilago denticulata Willd.,Ventilago denticulata,Rhamnaceae,Ventilago,15.1191,74.68068,100.0,2025-12-05,Kulgi_Kegdal_Amga-East,50 by 10m vegetation plots and a 5 by 10m regeneration plot within
K46,ncf:ceros:atr_ktr:trees:K46,ncf:ceros:atr_ktr:trees:K46:20,Terminalia elliptica Willd.,Terminalia elliptica,Combretaceae,Terminalia,15.14255,74.58648,100.0,2025-12-05,Phansoli_Phansoli_Phansoli,50 by 10m vegetation plots and a 5 by 10m regeneration plot within
K25,ncf:ceros:atr_ktr:trees:K25,ncf:ceros:atr_ktr:trees:K25:12,Diospyros candolleana Wight,Diospyros candolleana,Ebenaceae,Diospyros,14.95361,74.31835,100.0,2025-11-29,Kadra_Bargadde_Bargadde,50 by 10m vegetation plots and a 5 by 10m regeneration plot within
K7,ncf:ceros:atr_ktr:trees:K7,ncf:ceros:atr_ktr:trees:K7:58,Xantolis tomentosa (Roxb.) Raf.,Xantolis tomentosa,Sapotaceae,Xantolis,15.09989,74.38199,100.0,2025-11-24,Anshi_Nujji_Jhalavali,50 by 10m vegetation plots and a 5 by 10m regeneration plot within
K33,ncf:ceros:atr_ktr:trees:K33,ncf:ceros:atr_ktr:trees:K33:17,Diploclisia glaucescens (Blume) Diels,Diploclisia glaucescens,Menispermaceae,Diploclisia,15.38466,74.34508,100.0,2025-12-02,Castlerock_Castlerock_Kalambuli,50 by 10m vegetation plots and a 5 by 10m regeneration plot within
K9,ncf:ceros:atr_ktr:trees:K9,ncf:ceros:atr_ktr:trees:K9:6,Calamus thwaitesii Becc.,Calamus thwaitesii,Arecaceae,Calamus,15.04249,74.35,100.0,2025-11-24,Anshi_Badpoli_Lande,50 by 10m vegetation plots and a 5 by 10m regeneration plot within
K2,ncf:ceros:atr_ktr:trees:K2,ncf:ceros:atr_ktr:trees:K2:15,Diospyros paniculata Dalzell,Diospyros paniculata,Ebenaceae,Diospyros,14.9607,74.37222,100.0,2025-11-22,Anshi_Badpoli_Digali,50 by 10m vegetation plots and a 5 by 10m regeneration plot within
K1,ncf:ceros:atr_ktr:trees:K1,ncf:ceros:atr_ktr:trees:K1:49,Sarcostigma kleinii Wight & Arn.,Sarcostigma kleinii,Icacinaceae,Sarcostigma,14.95109,74.37002,100.0,2025-11-22,Anshi_Anshi_Badpoli,50 by 10m vegetation plots and a 5 by 10m regeneration plot within
K13,ncf:ceros:atr_ktr:trees:K13,ncf:ceros:atr_ktr:trees:K13:20,Holigarna grahamii (Wight) Kurz,Holigarna grahamii,Anacardiaceae,Holigarna,15.22005,74.39724,100.0,2025-11-26,Kumbharwada_Sulaveli_Vagheli,50 by 10m vegetation plots and a 5 by 10m regeneration plot within
K32,ncf:ceros:atr_ktr:trees:K32,ncf:ceros:atr_ktr:trees:K32:21,Euonymus indicus B.Heyne ex Roxb.,Euonymus indicus,Celastraceae,Euonymus,15.34117,74.37326,100.0,2025-12-02,Castlerock_Castlerock_Populwadi,50 by 10m vegetation plots and a 5 by 10m regeneration plot within
K3,ncf:ceros:atr_ktr:trees:K3,ncf:ceros:atr_ktr:trees:K3:4,Aphanamixis polystachya (Wall.) R.Parker,Aphanamixis polystachya,Meliaceae,Aphanamixis,15.02369,74.45427,100.0,2025-11-23,Anshi_Sawanth Matkarni_Sawanth Matkarni,50 by 10m vegetation plots and a 5 by 10m regeneration plot within
K29,ncf:ceros:atr_ktr:trees:K29,ncf:ceros:atr_ktr:trees:K29:38,Memecylon umbellatum Burm.fil.,Memecylon umbellatum,Melastomataceae,Memecylon,15.4885,74.34842,100.0,2025-12-01,Castlerock_Anmod_Rangarook,50 by 10m vegetation plots and a 5 by 10m regeneration plot within
K12,ncf:ceros:atr_ktr:trees:K12,ncf:ceros:atr_ktr:trees:K12:48,Symplocos racemosa Roxb.,Symplocos racemosa,Symplocaceae,Symplocos,15.21126,74.348,100.0,2025-11-25,Kumbharwada_Terali_Patagudi,50 by 10m vegetation plots and a 5 by 10m regeneration plot within
K11,ncf:ceros:atr_ktr:trees:K11,ncf:ceros:atr_ktr:trees:K11:25,Garcinia morella (Gaertn.) Desr.,Garcinia morella,Clusiaceae,Garcinia,15.24596,74.28135,100.0,2025-11-25,Kumbharwada_Diggi_Diggi,50 by 10m vegetation plots and a 5 by 10m regeneration plot within
K35,ncf:ceros:atr_ktr:trees:K35,ncf:ceros:atr_ktr:trees:K35:15,Diospyros paniculata Dalzell,Diospyros paniculata,Ebenaceae,Diospyros,15.47685,74.30104,100.0,2025-12-03,Castlerock_Karambal_Vatla,50 by 10m vegetation plots and a 5 by 10m regeneration plot within
K12,ncf:ceros:atr_ktr:trees:K12,ncf:ceros:atr_ktr:trees:K12:42,Oxyceros rugulosus (Thwaites) Tirveng.,Oxyceros rugulosus,Rubiaceae,Oxyceros,15.21126,74.348,100.0,2025-11-25,Kumbharwada_Terali_Patagudi,50 by 10m vegetation plots and a 5 by 10m regeneration plot within
K50,ncf:ceros:atr_ktr:trees:K50,ncf:ceros:atr_ktr:trees:K50:34,Murraya koenigii (L.) Spreng.,Murraya koenigii,Rutaceae,Murraya,15.02905,74.50175,100.0,2025-12-06,Gund_Ulavi_Ulavi,50 by 10m vegetation plots and a 5 by 10m regeneration plot within
K12,ncf:ceros:atr_ktr:trees:K12,ncf:ceros:atr_ktr:trees:K12:26,Grewia umbellata Roxb.,Grewia laevigata,Malvaceae,Grewia,15.21126,74.348,100.0,2025-11-25,Kumbharwada_Terali_Patagudi,50 by 10m vegetation plots and a 5 by 10m regeneration plot within
K6,ncf:ceros:atr_ktr:trees:K6,ncf:ceros:atr_ktr:trees:K6:6,Calamus rheedei Griff.,Calamus rheedei,Arecaceae,Calamus,15.01219,74.39533,100.0,2025-11-23,Anshi_Sawanth Matkarni_Sawanth Matkarni,50 by 10m vegetation plots and a 5 by 10m regeneration plot within
K16,ncf:ceros:atr_ktr:trees:K16,ncf:ceros:atr_ktr:trees:K16:20,Elaeagnus conferta Roxb.,Elaeagnus conferta,Elaeagnaceae,Elaeagnus,15.12424,74.32561,100.0,2025-11-27,Kumbharwada_Kundal_Keloli,50 by 10m vegetation plots and a 5 by 10m regeneration plot within
K12,ncf:ceros:atr_ktr:trees:K12,ncf:ceros:atr_ktr:trees:K12:43,Piper nigrum L.,Piper nigrum,Piperaceae,Piper,15.21126,74.348,100.0,2025-11-25,Kumbharwada_Terali_Patagudi,50 by 10m vegetation plots and a 5 by 10m regeneration plot within
K10,ncf:ceros:atr_ktr:trees:K10,ncf:ceros:atr_ktr:trees:K10:40,Psychotria dalzellii Hook.f.,Psychotria dalzellii,Rubiaceae,Psychotria,15.01108,74.35722,100.0,2025-11-24,Anshi_Badpoli_Badpoli,50 by 10m vegetation plots and a 5 by 10m regeneration plot within
K50,ncf:ceros:atr_ktr:trees:K50,ncf:ceros:atr_ktr:trees:K50:41,Terminalia paniculata B.Heyne ex Roth,Terminalia paniculata,Combretaceae,Terminalia,15.02905,74.50175,100.0,2025-12-06,Gund_Ulavi_Ulavi,50 by 10m vegetation plots and a 5 by 10m regeneration plot within
K8,ncf:ceros:atr_ktr:trees:K8,ncf:ceros:atr_ktr:trees:K8:12,Diospyros candolleana Wight,Diospyros candolleana,Ebenaceae,Diospyros,15.04524,74.33066,100.0,2025-11-24,Anshi_Nujji_Nujji,50 by 10m vegetation plots and a 5 by 10m regeneration plot within
K45,ncf:ceros:atr_ktr:trees:K45,ncf:ceros:atr_ktr:trees:K45:16,Macaranga peltata (Roxb.) Müll.Arg.,Macaranga peltata,Euphorbiaceae,Macaranga,15.12909,74.59881,100.0,2025-12-05,Phansoli_Phansoli_Phansoli,50 by 10m vegetation plots and a 5 by 10m regeneration plot within
K8,ncf:ceros:atr_ktr:trees:K8,ncf:ceros:atr_ktr:trees:K8:31,Tetrapilus dioicus (Roxb.) L.A.S.Johnson,Tetrapilus dioicus,Oleaceae,Tetrapilus,15.04524,74.33066,100.0,2025-11-24,Anshi_Nujji_Nujji,50 by 10m vegetation plots and a 5 by 10m regeneration plot within
K17,ncf:ceros:atr_ktr:trees:K17,ncf:ceros:atr_ktr:trees:K17:12,Chassalia curviflora (Wall.) Thwaites,Chassalia curviflora,Rubiaceae,Chassalia,15.11042,74.36691,100.0,2025-11-27,Kumbharwada_Kumbharwada_Kumbharwada,50 by 10m vegetation plots and a 5 by 10m regeneration plot within
K42,ncf:ceros:atr_ktr:trees:K42,ncf:ceros:atr_ktr:trees:K42:30,Ventilago denticulata Willd.,Ventilago denticulata,Rhamnaceae,Ventilago,15.1487,74.69531,100.0,2025-12-05,Kulgi_Kegdal_Kalabhavi,50 by 10m vegetation plots and a 5 by 10m regeneration plot within
K31,ncf:ceros:atr_ktr:trees:K31,ncf:ceros:atr_ktr:trees:K31:41,Memecylon talbotianum Brandis,Memecylon talbotianum,Melastomataceae,Memecylon,15.32309,74.38428,100.0,2025-12-02,Castlerock_NA_Viral,50 by 10m vegetation plots and a 5 by 10m regeneration plot within
K36,ncf:ceros:atr_ktr:trees:K36,ncf:ceros:atr_ktr:trees:K36:10,Capparis rheedei DC.,Capparis rheedei,Capparaceae,Capparis,15.48777,74.28354,100.0,2025-12-03,Castlerock_Karambal_Vatla,50 by 10m vegetation plots and a 5 by 10m regeneration plot within
K51,ncf:ceros:atr_ktr:trees:K51,ncf:ceros:atr_ktr:trees:K51:11,Casearia graveolens Dalzell,Casearia graveolens,Salicaceae,Casearia,15.03951,74.51396,100.0,2025-12-07,Gund_Marda_Marda,50 by 10m vegetation plots and a 5 by 10m regeneration plot within
K39,ncf:ceros:atr_ktr:trees:K39,ncf:ceros:atr_ktr:trees:K39:3,Poaceae,,Poaceae,,15.15024,74.62002,100.0,2025-12-04,Kulgi_Kulgi_Kulgi-South,50 by 10m vegetation plots and a 5 by 10m regeneration plot within
K24,ncf:ceros:atr_ktr:trees:K24,ncf:ceros:atr_ktr:trees:K24:22,Gymnosporia rothiana (Walp.) M.A.Lawson,Gymnosporia rothiana,Celastraceae,Gymnosporia,14.97144,74.31979,100.0,2025-11-29,Kadra_Bargadde_Sanake,50 by 10m vegetation plots and a 5 by 10m regeneration plot within
K5,ncf:ceros:atr_ktr:trees:K5,ncf:ceros:atr_ktr:trees:K5:44,Symplocos racemosa Roxb.,Symplocos racemosa,Symplocaceae,Symplocos,14.98514,74.37265,100.0,2025-11-23,Anshi_Anshi_Anshi,50 by 10m vegetation plots and a 5 by 10m regeneration plot within
K14,ncf:ceros:atr_ktr:trees:K14,ncf:ceros:atr_ktr:trees:K14:20,Dysoxylum gotadhora (Buch.-Ham.) Mabb.,Dysoxylum gotadhora,Meliaceae,Dysoxylum,15.21519,74.37618,100.0,2025-11-26,Kumbharwada_Sulaveli_Sulaveli,50 by 10m vegetation plots and a 5 by 10m regeneration plot within
K25,ncf:ceros:atr_ktr:trees:K25,ncf:ceros:atr_ktr:trees:K25:28,Moullava spicata (Dalzell) Nicolson,Moullava spicata,Fabaceae,Moullava,14.95361,74.31835,100.0,2025-11-29,Kadra_Bargadde_Bargadde,50 by 10m vegetation plots and a 5 by 10m regeneration plot within
K16,ncf:ceros:atr_ktr:trees:K16,ncf:ceros:atr_ktr:trees:K16:47,Rourea minor (Gaertn.) Alston,Rourea minor,Connaraceae,Rourea,15.12424,74.32561,100.0,2025-11-27,Kumbharwada_Kundal_Keloli,50 by 10m vegetation plots and a 5 by 10m regeneration plot within
K49,ncf:ceros:atr_ktr:trees:K49,ncf:ceros:atr_ktr:trees:K49:24,Flacourtia montana J.Graham,Flacourtia montana,Salicaceae,Flacourtia,15.0245,74.4809,100.0,2025-12-06,Gund_Marda_Shimpura Gudda,50 by 10m vegetation plots and a 5 by 10m regeneration plot within
K13,ncf:ceros:atr_ktr:trees:K13,ncf:ceros:atr_ktr:trees:K13:4,Casearia Jacq.,,Salicaceae,Casearia,15.22005,74.39724,100.0,2025-11-26,Kumbharwada_Sulaveli_Vagheli,50 by 10m vegetation plots and a 5 by 10m regeneration plot within
K3,ncf:ceros:atr_ktr:trees:K3,ncf:ceros:atr_ktr:trees:K3:14,Calophyllum polyanthum Wall. ex Choisy,Calophyllum polyanthum,Calophyllaceae,Calophyllum,15.02369,74.45427,100.0,2025-11-23,Anshi_Sawanth Matkarni_Sawanth Matkarni,50 by 10m vegetation plots and a 5 by 10m regeneration plot within
K22,ncf:ceros:atr_ktr:trees:K22,ncf:ceros:atr_ktr:trees:K22:20,Tetrapilus dioicus (Roxb.) L.A.S.Johnson,Tetrapilus dioicus,Oleaceae,Tetrapilus,14.87999,74.41013,100.0,2025-11-28,Kadra_Kadra_Balemane,50 by 10m vegetation plots and a 5 by 10m regeneration plot within
K15,ncf:ceros:atr_ktr:trees:K15,ncf:ceros:atr_ktr:trees:K15:35,Mammea suriga (Buch.-Ham. ex Roxb.) Kosterm.,Mammea suriga,Calophyllaceae,Mammea,15.23219,74.34004,100.0,2025-11-26,Kumbharwada_Sulaveli_Sulaveli,50 by 10m vegetation plots and a 5 by 10m regeneration plot within
K24,ncf:ceros:atr_ktr:trees:K24,ncf:ceros:atr_ktr:trees:K24:9,Connarus monocarpus (L.) Wight & Arn.,,Connaraceae,,14.97144,74.31979,100.0,2025-11-29,Kadra_Bargadde_Sanake,50 by 10m vegetation plots and a 5 by 10m regeneration plot within
K47,ncf:ceros:atr_ktr:trees:K47,ncf:ceros:atr_ktr:trees:K47:14,Dalbergia lanceolaria L.f.,Dalbergia lanceolaria,Fabaceae,Dalbergia,15.12541,74.48069,100.0,2025-12-06,Phansoli_Amboli_Kumbeli,50 by 10m vegetation plots and a 5 by 10m regeneration plot within
K2,ncf:ceros:atr_ktr:trees:K2,ncf:ceros:atr_ktr:trees:K2:13,Dichapetalum gelonioides (Roxb.) Engl.,Dichapetalum gelonioides,Dichapetalaceae,Dichapetalum,14.9607,74.37222,100.0,2025-11-22,Anshi_Badpoli_Digali,50 by 10m vegetation plots and a 5 by 10m regeneration plot within
K42,ncf:ceros:atr_ktr:trees:K42,ncf:ceros:atr_ktr:trees:K42:27,Syzygium cumini (L.) Skeels,Syzygium cumini,Myrtaceae,Syzygium,15.1487,74.69531,100.0,2025-12-05,Kulgi_Kegdal_Kalabhavi,50 by 10m vegetation plots and a 5 by 10m regeneration plot within
K55,ncf:ceros:atr_ktr:trees:K55,ncf:ceros:atr_ktr:trees:K55:13,Diospyros montana Roxb.,Diospyros montana,Ebenaceae,Diospyros,15.07023,74.53669,100.0,2025-12-07,Gund_Gund_Gund,50 by 10m vegetation plots and a 5 by 10m regeneration plot within
K26,ncf:ceros:atr_ktr:trees:K26,ncf:ceros:atr_ktr:trees:K26:36,Psydrax dicoccos Gaertn.,Psydrax dicoccos,Rubiaceae,Psydrax,14.94972,74.29521,100.0,2025-11-29,Kadra_Bargadde_Bargadde,50 by 10m vegetation plots and a 5 by 10m regeneration plot within
K48,ncf:ceros:atr_ktr:trees:K48,ncf:ceros:atr_ktr:trees:K48:15,Clerodendrum infortunatum L.,Clerodendrum infortunatum,Lamiaceae,Clerodendrum,15.14195,74.46927,100.0,2025-12-06,Phansoli_Amboli_Kumbeli,50 by 10m vegetation plots and a 5 by 10m regeneration plot within
K27,ncf:ceros:atr_ktr:trees:K27,ncf:ceros:atr_ktr:trees:K27:4,Ancistrocladus heyneanus Wall.,Ancistrocladus heyneanus,Ancistrocladaceae,Ancistrocladus,14.92656,74.35452,100.0,2025-11-29,Kadra_Kadra_Kadra-West,50 by 10m vegetation plots and a 5 by 10m regeneration plot within
K19,ncf:ceros:atr_ktr:trees:K19,ncf:ceros:atr_ktr:trees:K19:16,Diospyros montana Roxb.,Diospyros montana,Ebenaceae,Diospyros,15.05663,74.45597,100.0,2025-11-27,Phansoli_Amboli_Amboli,50 by 10m vegetation plots and a 5 by 10m regeneration plot within
K31,ncf:ceros:atr_ktr:trees:K31,ncf:ceros:atr_ktr:trees:K31:29,Glycosmis pentaphylla (Retz.) Corrêa,Glycosmis pentaphylla,Rutaceae,Glycosmis,15.32309,74.38428,100.0,2025-12-02,Castlerock_NA_Viral,50 by 10m vegetation plots and a 5 by 10m regeneration plot within
K40,ncf:ceros:atr_ktr:trees:K40,ncf:ceros:atr_ktr:trees:K40:8,Dillenia pentagyna Roxb.,Dillenia pentagyna,Dilleniaceae,Dillenia,15.13301,74.62137,100.0,2025-12-04,Kulgi_Kulgi_Amgaon,50 by 10m vegetation plots and a 5 by 10m regeneration plot within
K9,ncf:ceros:atr_ktr:trees:K9,ncf:ceros:atr_ktr:trees:K9:40,Terminalia paniculata B.Heyne ex Roth,Terminalia paniculata,Combretaceae,Terminalia,15.04249,74.35,100.0,2025-11-24,Anshi_Badpoli_Lande,50 by 10m vegetation plots and a 5 by 10m regeneration plot within
K35,ncf:ceros:atr_ktr:trees:K35,ncf:ceros:atr_ktr:trees:K35:12,Diospyros ferrea (Willd.) Bakh.,Diospyros ferrea,Ebenaceae,Diospyros,15.47685,74.30104,100.0,2025-12-03,Castlerock_Karambal_Vatla,50 by 10m vegetation plots and a 5 by 10m regeneration plot within
K35,ncf:ceros:atr_ktr:trees:K35,ncf:ceros:atr_ktr:trees:K35:13,Diospyros candolleana Wight,Diospyros candolleana,Ebenaceae,Diospyros,15.47685,74.30104,100.0,2025-12-03,Castlerock_Karambal_Vatla,50 by 10m vegetation plots and a 5 by 10m regeneration plot within
K47,ncf:ceros:atr_ktr:trees:K47,ncf:ceros:atr_ktr:trees:K47:20,Heynea trijuga Roxb.,Heynea trijuga,Meliaceae,Heynea,15.12541,74.48069,100.0,2025-12-06,Phansoli_Amboli_Kumbeli,50 by 10m vegetation plots and a 5 by 10m regeneration plot within
K12,ncf:ceros:atr_ktr:trees:K12,ncf:ceros:atr_ktr:trees:K12:22,Garcinia gummi-gutta (L.) N.Robson,Garcinia gummi-gutta,Clusiaceae,Garcinia,15.21126,74.348,100.0,2025-11-25,Kumbharwada_Terali_Patagudi,50 by 10m vegetation plots and a 5 by 10m regeneration plot within
K8,ncf:ceros:atr_ktr:trees:K8,ncf:ceros:atr_ktr:trees:K8:13,Diospyros nigricans Wall. ex Hiern,Diospyros benghalensis,Ebenaceae,Diospyros,15.04524,74.33066,100.0,2025-11-24,Anshi_Nujji_Nujji,50 by 10m vegetation plots and a 5 by 10m regeneration plot within
K14,ncf:ceros:atr_ktr:trees:K14,ncf:ceros:atr_ktr:trees:K14:41,Tetrapilus dioicus (Roxb.) L.A.S.Johnson,Tetrapilus dioicus,Oleaceae,Tetrapilus,15.21519,74.37618,100.0,2025-11-26,Kumbharwada_Sulaveli_Sulaveli,50 by 10m vegetation plots and a 5 by 10m regeneration plot within
K39,ncf:ceros:atr_ktr:trees:K39,ncf:ceros:atr_ktr:trees:K39:23,Microcos paniculata L.,Microcos paniculata,Malvaceae,Microcos,15.15024,74.62002,100.0,2025-12-04,Kulgi_Kulgi_Kulgi-South,50 by 10m vegetation plots and a 5 by 10m regeneration plot within
K21,ncf:ceros:atr_ktr:trees:K21,ncf:ceros:atr_ktr:trees:K21:15,Tetrapilus dioicus (Roxb.) L.A.S.Johnson,Tetrapilus dioicus,Oleaceae,Tetrapilus,14.88869,74.43009,100.0,2025-11-28,Kadra_Kadra_Balemane,50 by 10m vegetation plots and a 5 by 10m regeneration plot within
K38,ncf:ceros:atr_ktr:trees:K38,ncf:ceros:atr_ktr:trees:K38:14,Erythrina stricta Roxb.,Erythrina stricta,Fabaceae,Erythrina,15.16349,74.62148,100.0,2025-12-04,Kulgi_Kulgi_Kulgi-South,50 by 10m vegetation plots and a 5 by 10m regeneration plot within
K3,ncf:ceros:atr_ktr:trees:K3,ncf:ceros:atr_ktr:trees:K3:12,Callicarpa tomentosa (L.) L.,Callicarpa tomentosa,Lamiaceae,Callicarpa,15.02369,74.45427,100.0,2025-11-23,Anshi_Sawanth Matkarni_Sawanth Matkarni,50 by 10m vegetation plots and a 5 by 10m regeneration plot within
K15,ncf:ceros:atr_ktr:trees:K15,ncf:ceros:atr_ktr:trees:K15:33,Leea indica (Burm.fil.) Merr.,Leea indica,Vitaceae,Leea,15.23219,74.34004,100.0,2025-11-26,Kumbharwada_Sulaveli_Sulaveli,50 by 10m vegetation plots and a 5 by 10m regeneration plot within
K15,ncf:ceros:atr_ktr:trees:K15,ncf:ceros:atr_ktr:trees:K15:39,Nothopegia castaneifolia (Roth) Ding Hou,Nothopegia castaneifolia,Anacardiaceae,Nothopegia,15.23219,74.34004,100.0,2025-11-26,Kumbharwada_Sulaveli_Sulaveli,50 by 10m vegetation plots and a 5 by 10m regeneration plot within
K19,ncf:ceros:atr_ktr:trees:K19,ncf:ceros:atr_ktr:trees:K19:29,Macaranga peltata (Roxb.) Müll.Arg.,Macaranga peltata,Euphorbiaceae,Macaranga,15.05663,74.45597,100.0,2025-11-27,Phansoli_Amboli_Amboli,50 by 10m vegetation plots and a 5 by 10m regeneration plot within
K34,ncf:ceros:atr_ktr:trees:K34,ncf:ceros:atr_ktr:trees:K34:68,Tetrastigma leucostaphylum (Dennst.) Alston,Tetrastigma leucostaphylum,Vitaceae,Tetrastigma,15.42029,74.32832,100.0,2025-12-02,Castlerock_Anmod_Anmod-East,50 by 10m vegetation plots and a 5 by 10m regeneration plot within
K34,ncf:ceros:atr_ktr:trees:K34,ncf:ceros:atr_ktr:trees:K34:69,Uvaria hookeri King,Uvaria hookeri,Annonaceae,Uvaria,15.42029,74.32832,100.0,2025-12-02,Castlerock_Anmod_Anmod-East,50 by 10m vegetation plots and a 5 by 10m regeneration plot within
K56,ncf:ceros:atr_ktr:trees:K56,ncf:ceros:atr_ktr:trees:K56:16,Smilax zeylanica L.,Smilax zeylanica,Smilacaceae,Smilax,15.09191,74.51578,100.0,2025-12-07,Phansoli_Avurli_Avurli,50 by 10m vegetation plots and a 5 by 10m regeneration plot within
K31,ncf:ceros:atr_ktr:trees:K31,ncf:ceros:atr_ktr:trees:K31:16,Cinnamomum Schaeff.,,Lauraceae,Cinnamomum,15.32309,74.38428,100.0,2025-12-02,Castlerock_NA_Viral,50 by 10m vegetation plots and a 5 by 10m regeneration plot within
K12,ncf:ceros:atr_ktr:trees:K12,ncf:ceros:atr_ktr:trees:K12:32,Lagerstroemia microcarpa Wight,Lagerstroemia microcarpa,Lythraceae,Lagerstroemia,15.21126,74.348,100.0,2025-11-25,Kumbharwada_Terali_Patagudi,50 by 10m vegetation plots and a 5 by 10m regeneration plot within
K7,ncf:ceros:atr_ktr:trees:K7,ncf:ceros:atr_ktr:trees:K7:14,Casearia Jacq.,,Salicaceae,Casearia,15.09989,74.38199,100.0,2025-11-24,Anshi_Nujji_Jhalavali,50 by 10m vegetation plots and a 5 by 10m regeneration plot within
K32,ncf:ceros:atr_ktr:trees:K32,ncf:ceros:atr_ktr:trees:K32:63,Xantolis tomentosa (Roxb.) Raf.,Xantolis tomentosa,Sapotaceae,Xantolis,15.34117,74.37326,100.0,2025-12-02,Castlerock_Castlerock_Populwadi,50 by 10m vegetation plots and a 5 by 10m regeneration plot within
K29,ncf:ceros:atr_ktr:trees:K29,ncf:ceros:atr_ktr:trees:K29:23,Garcinia gummi-gutta (L.) N.Robson,Garcinia gummi-gutta,Clusiaceae,Garcinia,15.4885,74.34842,100.0,2025-12-01,Castlerock_Anmod_Rangarook,50 by 10m vegetation plots and a 5 by 10m regeneration plot within
K11,ncf:ceros:atr_ktr:trees:K11,ncf:ceros:atr_ktr:trees:K11:45,Psychotria dalzellii Hook.f.,Psychotria dalzellii,Rubiaceae,Psychotria,15.24596,74.28135,100.0,2025-11-25,Kumbharwada_Diggi_Diggi,50 by 10m vegetation plots and a 5 by 10m regeneration plot within
K55,ncf:ceros:atr_ktr:trees:K55,ncf:ceros:atr_ktr:trees:K55:6,Casearia championii Thwaites,Casearia championii,Salicaceae,Casearia,15.07023,74.53669,100.0,2025-12-07,Gund_Gund_Gund,50 by 10m vegetation plots and a 5 by 10m regeneration plot within
K12,ncf:ceros:atr_ktr:trees:K12,ncf:ceros:atr_ktr:trees:K12:17,Diploclisia glaucescens (Blume) Diels,Diploclisia glaucescens,Menispermaceae,Diploclisia,15.21126,74.348,100.0,2025-11-25,Kumbharwada_Terali_Patagudi,50 by 10m vegetation plots and a 5 by 10m regeneration plot within
K33,ncf:ceros:atr_ktr:trees:K33,ncf:ceros:atr_ktr:trees:K33:50,Syzygium caryophyllatum (L.) Alston,Syzygium caryophyllatum,Myrtaceae,Syzygium,15.38466,74.34508,100.0,2025-12-02,Castlerock_Castlerock_Kalambuli,50 by 10m vegetation plots and a 5 by 10m regeneration plot within
K15,ncf:ceros:atr_ktr:trees:K15,ncf:ceros:atr_ktr:trees:K15:37,Memecylon umbellatum Burm.fil.,Memecylon umbellatum,Melastomataceae,Memecylon,15.23219,74.34004,100.0,2025-11-26,Kumbharwada_Sulaveli_Sulaveli,50 by 10m vegetation plots and a 5 by 10m regeneration plot within
K27,ncf:ceros:atr_ktr:trees:K27,ncf:ceros:atr_ktr:trees:K27:43,Psydrax dicoccos Gaertn.,Psydrax dicoccos,Rubiaceae,Psydrax,14.92656,74.35452,100.0,2025-11-29,Kadra_Kadra_Kadra-West,50 by 10m vegetation plots and a 5 by 10m regeneration plot within
K32,ncf:ceros:atr_ktr:trees:K32,ncf:ceros:atr_ktr:trees:K32:20,"Eugenia kalamii Shareef, E.S.S.Kumar, Shaju & Prakashk.",Eugenia kalamii,Myrtaceae,Eugenia,15.34117,74.37326,100.0,2025-12-02,Castlerock_Castlerock_Populwadi,50 by 10m vegetation plots and a 5 by 10m regeneration plot within
K33,ncf:ceros:atr_ktr:trees:K33,ncf:ceros:atr_ktr:trees:K33:32,Macaranga peltata (Roxb.) Müll.Arg.,Macaranga peltata,Euphorbiaceae,Macaranga,15.38466,74.34508,100.0,2025-12-02,Castlerock_Castlerock_Kalambuli,50 by 10m vegetation plots and a 5 by 10m regeneration plot within
K29,ncf:ceros:atr_ktr:trees:K29,ncf:ceros:atr_ktr:trees:K29:52,Sterculia guttata Roxb.,Sterculia guttata,Malvaceae,Sterculia,15.4885,74.34842,100.0,2025-12-01,Castlerock_Anmod_Rangarook,50 by 10m vegetation plots and a 5 by 10m regeneration plot within
K13,ncf:ceros:atr_ktr:trees:K13,ncf:ceros:atr_ktr:trees:K13:27,Nothapodytes nimmoniana (J.Graham) Mabb.,Nothapodytes nimmoniana,Icacinaceae,Nothapodytes,15.22005,74.39724,100.0,2025-11-26,Kumbharwada_Sulaveli_Vagheli,50 by 10m vegetation plots and a 5 by 10m regeneration plot within
K6,ncf:ceros:atr_ktr:trees:K6,ncf:ceros:atr_ktr:trees:K6:29,Ixora brachiata Roxb.,Ixora brachiata,Rubiaceae,Ixora,15.01219,74.39533,100.0,2025-11-23,Anshi_Sawanth Matkarni_Sawanth Matkarni,50 by 10m vegetation plots and a 5 by 10m regeneration plot within
K49,ncf:ceros:atr_ktr:trees:K49,ncf:ceros:atr_ktr:trees:K49:2,Adenia hondala (Gaertn.) W.J.de Wilde,Adenia hondala,Passifloraceae,Adenia,15.0245,74.4809,100.0,2025-12-06,Gund_Marda_Shimpura Gudda,50 by 10m vegetation plots and a 5 by 10m regeneration plot within
K37,ncf:ceros:atr_ktr:trees:K37,ncf:ceros:atr_ktr:trees:K37:6,Chromolaena odorata (L.) R.M.King & H.Rob.,Chromolaena odorata,Asteraceae,Chromolaena,15.15166,74.64497,100.0,2025-12-04,Kulgi_Kegdal_Gutti,50 by 10m vegetation plots and a 5 by 10m regeneration plot within
K30,ncf:ceros:atr_ktr:trees:K30,ncf:ceros:atr_ktr:trees:K30:29,Microcos paniculata L.,Microcos paniculata,Malvaceae,Microcos,15.47372,74.33301,100.0,2025-12-01,Castlerock_Anmod_Meda,50 by 10m vegetation plots and a 5 by 10m regeneration plot within
K36,ncf:ceros:atr_ktr:trees:K36,ncf:ceros:atr_ktr:trees:K36:33,Glycosmis pentaphylla (Retz.) Corrêa,Glycosmis pentaphylla,Rutaceae,Glycosmis,15.48777,74.28354,100.0,2025-12-03,Castlerock_Karambal_Vatla,50 by 10m vegetation plots and a 5 by 10m regeneration plot within
K51,ncf:ceros:atr_ktr:trees:K51,ncf:ceros:atr_ktr:trees:K51:32,Mangifera indica L.,Mangifera indica,Anacardiaceae,Mangifera,15.03951,74.51396,100.0,2025-12-07,Gund_Marda_Marda,50 by 10m vegetation plots and a 5 by 10m regeneration plot within
K49,ncf:ceros:atr_ktr:trees:K49,ncf:ceros:atr_ktr:trees:K49:39,Murraya koenigii (L.) Spreng.,Murraya koenigii,Rutaceae,Murraya,15.0245,74.4809,100.0,2025-12-06,Gund_Marda_Shimpura Gudda,50 by 10m vegetation plots and a 5 by 10m regeneration plot within
K36,ncf:ceros:atr_ktr:trees:K36,ncf:ceros:atr_ktr:trees:K36:20,Clerodendrum infortunatum L.,Clerodendrum infortunatum,Lamiaceae,Clerodendrum,15.48777,74.28354,100.0,2025-12-03,Castlerock_Karambal_Vatla,50 by 10m vegetation plots and a 5 by 10m regeneration plot within
K53,ncf:ceros:atr_ktr:trees:K53,ncf:ceros:atr_ktr:trees:K53:30,Murraya koenigii (L.) Spreng.,Murraya koenigii,Rutaceae,Murraya,15.05536,74.53871,100.0,2025-12-07,Gund_Tammanagi_Shavale,50 by 10m vegetation plots and a 5 by 10m regeneration plot within
K49,ncf:ceros:atr_ktr:trees:K49,ncf:ceros:atr_ktr:trees:K49:48,Symplocos racemosa Roxb.,Symplocos racemosa,Symplocaceae,Symplocos,15.0245,74.4809,100.0,2025-12-06,Gund_Marda_Shimpura Gudda,50 by 10m vegetation plots and a 5 by 10m regeneration plot within
K6,ncf:ceros:atr_ktr:trees:K6,ncf:ceros:atr_ktr:trees:K6:1,Actinodaphne angustifolia (Blume) Nees,Actinodaphne angustifolia,Lauraceae,Actinodaphne,15.01219,74.39533,100.0,2025-11-23,Anshi_Sawanth Matkarni_Sawanth Matkarni,50 by 10m vegetation plots and a 5 by 10m regeneration plot within
K53,ncf:ceros:atr_ktr:trees:K53,ncf:ceros:atr_ktr:trees:K53:2,Aglaia elaeagnoidea (A.Juss.) Benth.,Aglaia elaeagnoidea,Meliaceae,Aglaia,15.05536,74.53871,100.0,2025-12-07,Gund_Tammanagi_Shavale,50 by 10m vegetation plots and a 5 by 10m regeneration plot within
K15,ncf:ceros:atr_ktr:trees:K15,ncf:ceros:atr_ktr:trees:K15:51,Vitex altissima L.f.,Vitex altissima,Lamiaceae,Vitex,15.23219,74.34004,100.0,2025-11-26,Kumbharwada_Sulaveli_Sulaveli,50 by 10m vegetation plots and a 5 by 10m regeneration plot within
K51,ncf:ceros:atr_ktr:trees:K51,ncf:ceros:atr_ktr:trees:K51:39,Paramignya monophylla Wight,Paramignya monophylla,Rutaceae,Paramignya,15.03951,74.51396,100.0,2025-12-07,Gund_Marda_Marda,50 by 10m vegetation plots and a 5 by 10m regeneration plot within
K5,ncf:ceros:atr_ktr:trees:K5,ncf:ceros:atr_ktr:trees:K5:35,Myristica beddomei King,Myristica beddomei,Myristicaceae,Myristica,14.98514,74.37265,100.0,2025-11-23,Anshi_Anshi_Anshi,50 by 10m vegetation plots and a 5 by 10m regeneration plot within
K50,ncf:ceros:atr_ktr:trees:K50,ncf:ceros:atr_ktr:trees:K50:22,Holigarna grahamii (Wight) Kurz,Holigarna grahamii,Anacardiaceae,Holigarna,15.02905,74.50175,100.0,2025-12-06,Gund_Ulavi_Ulavi,50 by 10m vegetation plots and a 5 by 10m regeneration plot within
K54,ncf:ceros:atr_ktr:trees:K54,ncf:ceros:atr_ktr:trees:K54:27,Xylia xylocarpa (Roxb.) W.Theob.,Xylia xylocarpa,Fabaceae,Xylia,15.06675,74.57376,100.0,2025-12-07,Gund_Tammanagi_Shavale,50 by 10m vegetation plots and a 5 by 10m regeneration plot within
K14,ncf:ceros:atr_ktr:trees:K14,ncf:ceros:atr_ktr:trees:K14:13,Cinnamomum Schaeff.,,Lauraceae,Cinnamomum,15.21519,74.37618,100.0,2025-11-26,Kumbharwada_Sulaveli_Sulaveli,50 by 10m vegetation plots and a 5 by 10m regeneration plot within
K44,ncf:ceros:atr_ktr:trees:K44,ncf:ceros:atr_ktr:trees:K44:21,Tectona grandis L.f.,Tectona grandis,Lamiaceae,Tectona,15.1191,74.68068,100.0,2025-12-05,Kulgi_Kegdal_Amga-East,50 by 10m vegetation plots and a 5 by 10m regeneration plot within
K38,ncf:ceros:atr_ktr:trees:K38,ncf:ceros:atr_ktr:trees:K38:9,Clerodendrum infortunatum L.,Clerodendrum infortunatum,Lamiaceae,Clerodendrum,15.16349,74.62148,100.0,2025-12-04,Kulgi_Kulgi_Kulgi-South,50 by 10m vegetation plots and a 5 by 10m regeneration plot within
K10,ncf:ceros:atr_ktr:trees:K10,ncf:ceros:atr_ktr:trees:K10:23,Hopea ponga (Dennst.) Mabb.,Hopea ponga,Dipterocarpaceae,Hopea,15.01108,74.35722,100.0,2025-11-24,Anshi_Badpoli_Badpoli,50 by 10m vegetation plots and a 5 by 10m regeneration plot within
K13,ncf:ceros:atr_ktr:trees:K13,ncf:ceros:atr_ktr:trees:K13:5,Cinnamomum malabatrum (Burm.fil.) J.Presl,Cinnamomum malabatrum,Lauraceae,Cinnamomum,15.22005,74.39724,100.0,2025-11-26,Kumbharwada_Sulaveli_Vagheli,50 by 10m vegetation plots and a 5 by 10m regeneration plot within
K11,ncf:ceros:atr_ktr:trees:K11,ncf:ceros:atr_ktr:trees:K11:48,Symplocos racemosa Roxb.,Symplocos racemosa,Symplocaceae,Symplocos,15.24596,74.28135,100.0,2025-11-25,Kumbharwada_Diggi_Diggi,50 by 10m vegetation plots and a 5 by 10m regeneration plot within
K31,ncf:ceros:atr_ktr:trees:K31,ncf:ceros:atr_ktr:trees:K31:51,Piper nigrum L.,Piper nigrum,Piperaceae,Piper,15.32309,74.38428,100.0,2025-12-02,Castlerock_NA_Viral,50 by 10m vegetation plots and a 5 by 10m regeneration plot within
K32,ncf:ceros:atr_ktr:trees:K32,ncf:ceros:atr_ktr:trees:K32:8,Calophyllum apetalum Willd.,Calophyllum apetalum,Calophyllaceae,Calophyllum,15.34117,74.37326,100.0,2025-12-02,Castlerock_Castlerock_Populwadi,50 by 10m vegetation plots and a 5 by 10m regeneration plot within
K12,ncf:ceros:atr_ktr:trees:K12,ncf:ceros:atr_ktr:trees:K12:41,Tetrapilus dioicus (Roxb.) L.A.S.Johnson,Tetrapilus dioicus,Oleaceae,Tetrapilus,15.21126,74.348,100.0,2025-11-25,Kumbharwada_Terali_Patagudi,50 by 10m vegetation plots and a 5 by 10m regeneration plot within
K15,ncf:ceros:atr_ktr:trees:K15,ncf:ceros:atr_ktr:trees:K15:40,Tetrapilus dioicus (Roxb.) L.A.S.Johnson,Tetrapilus dioicus,Oleaceae,Tetrapilus,15.23219,74.34004,100.0,2025-11-26,Kumbharwada_Sulaveli_Sulaveli,50 by 10m vegetation plots and a 5 by 10m regeneration plot within
K27,ncf:ceros:atr_ktr:trees:K27,ncf:ceros:atr_ktr:trees:K27:12,Connarus monocarpus (L.) Wight & Arn.,,Connaraceae,,14.92656,74.35452,100.0,2025-11-29,Kadra_Kadra_Kadra-West,50 by 10m vegetation plots and a 5 by 10m regeneration plot within
K49,ncf:ceros:atr_ktr:trees:K49,ncf:ceros:atr_ktr:trees:K49:43,Psychotria dalzellii Hook.f.,Psychotria dalzellii,Rubiaceae,Psychotria,15.0245,74.4809,100.0,2025-12-06,Gund_Marda_Shimpura Gudda,50 by 10m vegetation plots and a 5 by 10m regeneration plot within
K18,ncf:ceros:atr_ktr:trees:K18,ncf:ceros:atr_ktr:trees:K18:7,Artocarpus gomezianus Wall. ex Trécul,Artocarpus gomezianus,Moraceae,Artocarpus,15.09507,74.42705,100.0,2025-11-27,Kumbharwada_Kumbharwada_Kalsai,50 by 10m vegetation plots and a 5 by 10m regeneration plot within
K27,ncf:ceros:atr_ktr:trees:K27,ncf:ceros:atr_ktr:trees:K27:30,Knema attenuata (Hook.fil. & Thomson) Warb.,Knema attenuata,Myristicaceae,Knema,14.92656,74.35452,100.0,2025-11-29,Kadra_Kadra_Kadra-West,50 by 10m vegetation plots and a 5 by 10m regeneration plot within
K41,ncf:ceros:atr_ktr:trees:K41,ncf:ceros:atr_ktr:trees:K41:2,Bridelia retusa (L.) A.Juss.,Bridelia retusa,Phyllanthaceae,Bridelia,15.14435,74.67638,100.0,2025-12-05,Kulgi_Kegdal_Gutti,50 by 10m vegetation plots and a 5 by 10m regeneration plot within
K7,ncf:ceros:atr_ktr:trees:K7,ncf:ceros:atr_ktr:trees:K7:22,Diospyros candolleana Wight,Diospyros candolleana,Ebenaceae,Diospyros,15.09989,74.38199,100.0,2025-11-24,Anshi_Nujji_Jhalavali,50 by 10m vegetation plots and a 5 by 10m regeneration plot within
K3,ncf:ceros:atr_ktr:trees:K3,ncf:ceros:atr_ktr:trees:K3:57,Terminalia elliptica Willd.,Terminalia elliptica,Combretaceae,Terminalia,15.02369,74.45427,100.0,2025-11-23,Anshi_Sawanth Matkarni_Sawanth Matkarni,50 by 10m vegetation plots and a 5 by 10m regeneration plot within
K43,ncf:ceros:atr_ktr:trees:K43,ncf:ceros:atr_ktr:trees:K43:12,Flacourtia indica (Burm.fil.) Merr.,Flacourtia indica,Salicaceae,Flacourtia,15.13126,74.6676,100.0,2025-12-05,Kulgi_Jamga_Jamga-East,50 by 10m vegetation plots and a 5 by 10m regeneration plot within
K18,ncf:ceros:atr_ktr:trees:K18,ncf:ceros:atr_ktr:trees:K18:20,Leea indica (Burm.fil.) Merr.,Leea indica,Vitaceae,Leea,15.09507,74.42705,100.0,2025-11-27,Kumbharwada_Kumbharwada_Kalsai,50 by 10m vegetation plots and a 5 by 10m regeneration plot within
K53,ncf:ceros:atr_ktr:trees:K53,ncf:ceros:atr_ktr:trees:K53:15,Diospyros buxifolia (Blume) Hiern,Diospyros buxifolia,Ebenaceae,Diospyros,15.05536,74.53871,100.0,2025-12-07,Gund_Tammanagi_Shavale,50 by 10m vegetation plots and a 5 by 10m regeneration plot within
K24,ncf:ceros:atr_ktr:trees:K24,ncf:ceros:atr_ktr:trees:K24:34,Nothopegia castaneifolia (Roth) Ding Hou,Nothopegia castaneifolia,Anacardiaceae,Nothopegia,14.97144,74.31979,100.0,2025-11-29,Kadra_Bargadde_Sanake,50 by 10m vegetation plots and a 5 by 10m regeneration plot within
K47,ncf:ceros:atr_ktr:trees:K47,ncf:ceros:atr_ktr:trees:K47:28,Moullava spicata (Dalzell) Nicolson,Moullava spicata,Fabaceae,Moullava,15.12541,74.48069,100.0,2025-12-06,Phansoli_Amboli_Kumbeli,50 by 10m vegetation plots and a 5 by 10m regeneration plot within
K25,ncf:ceros:atr_ktr:trees:K25,ncf:ceros:atr_ktr:trees:K25:11,Dillenia pentagyna Roxb.,Dillenia pentagyna,Dilleniaceae,Dillenia,14.95361,74.31835,100.0,2025-11-29,Kadra_Bargadde_Bargadde,50 by 10m vegetation plots and a 5 by 10m regeneration plot within
K31,ncf:ceros:atr_ktr:trees:K31,ncf:ceros:atr_ktr:trees:K31:46,Moullava spicata (Dalzell) Nicolson,Moullava spicata,Fabaceae,Moullava,15.32309,74.38428,100.0,2025-12-02,Castlerock_NA_Viral,50 by 10m vegetation plots and a 5 by 10m regeneration plot within
K42,ncf:ceros:atr_ktr:trees:K42,ncf:ceros:atr_ktr:trees:K42:31,Ziziphus oenopolia (L.) Mill.,Ziziphus oenopolia,Rhamnaceae,Ziziphus,15.1487,74.69531,100.0,2025-12-05,Kulgi_Kegdal_Kalabhavi,50 by 10m vegetation plots and a 5 by 10m regeneration plot within
K15,ncf:ceros:atr_ktr:trees:K15,ncf:ceros:atr_ktr:trees:K15:48,Symplocos racemosa Roxb.,Symplocos racemosa,Symplocaceae,Symplocos,15.23219,74.34004,100.0,2025-11-26,Kumbharwada_Sulaveli_Sulaveli,50 by 10m vegetation plots and a 5 by 10m regeneration plot within
K29,ncf:ceros:atr_ktr:trees:K29,ncf:ceros:atr_ktr:trees:K29:9,Casearia graveolens Dalzell,Casearia graveolens,Salicaceae,Casearia,15.4885,74.34842,100.0,2025-12-01,Castlerock_Anmod_Rangarook,50 by 10m vegetation plots and a 5 by 10m regeneration plot within
K6,ncf:ceros:atr_ktr:trees:K6,ncf:ceros:atr_ktr:trees:K6:10,Cassia fistula L.,Cassia fistula,Fabaceae,Cassia,15.01219,74.39533,100.0,2025-11-23,Anshi_Sawanth Matkarni_Sawanth Matkarni,50 by 10m vegetation plots and a 5 by 10m regeneration plot within
K45,ncf:ceros:atr_ktr:trees:K45,ncf:ceros:atr_ktr:trees:K45:21,Moullava spicata (Dalzell) Nicolson,Moullava spicata,Fabaceae,Moullava,15.12909,74.59881,100.0,2025-12-05,Phansoli_Phansoli_Phansoli,50 by 10m vegetation plots and a 5 by 10m regeneration plot within
K13,ncf:ceros:atr_ktr:trees:K13,ncf:ceros:atr_ktr:trees:K13:18,Gnetum edule (Willd.) Blume,Gnetum edule,Gnetaceae,Gnetum,15.22005,74.39724,100.0,2025-11-26,Kumbharwada_Sulaveli_Vagheli,50 by 10m vegetation plots and a 5 by 10m regeneration plot within
K49,ncf:ceros:atr_ktr:trees:K49,ncf:ceros:atr_ktr:trees:K49:57,Xantolis tomentosa (Roxb.) Raf.,Xantolis tomentosa,Sapotaceae,Xantolis,15.0245,74.4809,100.0,2025-12-06,Gund_Marda_Shimpura Gudda,50 by 10m vegetation plots and a 5 by 10m regeneration plot within
K12,ncf:ceros:atr_ktr:trees:K12,ncf:ceros:atr_ktr:trees:K12:35,Mammea suriga (Buch.-Ham. ex Roxb.) Kosterm.,Mammea suriga,Calophyllaceae,Mammea,15.21126,74.348,100.0,2025-11-25,Kumbharwada_Terali_Patagudi,50 by 10m vegetation plots and a 5 by 10m regeneration plot within
K36,ncf:ceros:atr_ktr:trees:K36,ncf:ceros:atr_ktr:trees:K36:16,Celtis timorensis Span.,Celtis timorensis,Cannabaceae,Celtis,15.48777,74.28354,100.0,2025-12-03,Castlerock_Karambal_Vatla,50 by 10m vegetation plots and a 5 by 10m regeneration plot within
K26,ncf:ceros:atr_ktr:trees:K26,ncf:ceros:atr_ktr:trees:K26:26,Ixora coccinea Comm. ex Lam.,Ixora coccinea,Rubiaceae,Ixora,14.94972,74.29521,100.0,2025-11-29,Kadra_Bargadde_Bargadde,50 by 10m vegetation plots and a 5 by 10m regeneration plot within
K49,ncf:ceros:atr_ktr:trees:K49,ncf:ceros:atr_ktr:trees:K49:54,Terminalia paniculata B.Heyne ex Roth,Terminalia paniculata,Combretaceae,Terminalia,15.0245,74.4809,100.0,2025-12-06,Gund_Marda_Shimpura Gudda,50 by 10m vegetation plots and a 5 by 10m regeneration plot within
K15,ncf:ceros:atr_ktr:trees:K15,ncf:ceros:atr_ktr:trees:K15:50,Terminalia bellirica (Gaertn.) Roxb.,Terminalia bellirica,Combretaceae,Terminalia,15.23219,74.34004,100.0,2025-11-26,Kumbharwada_Sulaveli_Sulaveli,50 by 10m vegetation plots and a 5 by 10m regeneration plot within
K36,ncf:ceros:atr_ktr:trees:K36,ncf:ceros:atr_ktr:trees:K36:46,Mangifera indica L.,Mangifera indica,Anacardiaceae,Mangifera,15.48777,74.28354,100.0,2025-12-03,Castlerock_Karambal_Vatla,50 by 10m vegetation plots and a 5 by 10m regeneration plot within
K4,ncf:ceros:atr_ktr:trees:K4,ncf:ceros:atr_ktr:trees:K4:45,Symplocos racemosa Roxb.,Symplocos racemosa,Symplocaceae,Symplocos,15.02334,74.4273,100.0,2025-11-23,Anshi_Sawanth Matkarni_Sawanth Matkarni,50 by 10m vegetation plots and a 5 by 10m regeneration plot within
K13,ncf:ceros:atr_ktr:trees:K13,ncf:ceros:atr_ktr:trees:K13:41,Tabernaemontana alternifolia L.,Tabernaemontana alternifolia,Apocynaceae,Tabernaemontana,15.22005,74.39724,100.0,2025-11-26,Kumbharwada_Sulaveli_Vagheli,50 by 10m vegetation plots and a 5 by 10m regeneration plot within
K12,ncf:ceros:atr_ktr:trees:K12,ncf:ceros:atr_ktr:trees:K12:4,Beilschmiedia dalzellii (Meisn.) Kosterm.,Beilschmiedia dalzellii,Lauraceae,Beilschmiedia,15.21126,74.348,100.0,2025-11-25,Kumbharwada_Terali_Patagudi,50 by 10m vegetation plots and a 5 by 10m regeneration plot within
K12,ncf:ceros:atr_ktr:trees:K12,ncf:ceros:atr_ktr:trees:K12:33,Leea indica (Burm.fil.) Merr.,Leea indica,Vitaceae,Leea,15.21126,74.348,100.0,2025-11-25,Kumbharwada_Terali_Patagudi,50 by 10m vegetation plots and a 5 by 10m regeneration plot within
K43,ncf:ceros:atr_ktr:trees:K43,ncf:ceros:atr_ktr:trees:K43:4,Catunaregam spinosa (Thunb.) Tirveng.,Catunaregam spinosa,Rubiaceae,Catunaregam,15.13126,74.6676,100.0,2025-12-05,Kulgi_Jamga_Jamga-East,50 by 10m vegetation plots and a 5 by 10m regeneration plot within
K41,ncf:ceros:atr_ktr:trees:K41,ncf:ceros:atr_ktr:trees:K41:14,Schleichera oleosa (Lour.) Oken,Schleichera oleosa,Sapindaceae,Schleichera,15.14435,74.67638,100.0,2025-12-05,Kulgi_Kegdal_Gutti,50 by 10m vegetation plots and a 5 by 10m regeneration plot within
K2,ncf:ceros:atr_ktr:trees:K2,ncf:ceros:atr_ktr:trees:K2:12,Dalbergia horrida (Dennst.) Mabb.,Dalbergia horrida,Fabaceae,Dalbergia,14.9607,74.37222,100.0,2025-11-22,Anshi_Badpoli_Digali,50 by 10m vegetation plots and a 5 by 10m regeneration plot within
K31,ncf:ceros:atr_ktr:trees:K31,ncf:ceros:atr_ktr:trees:K31:49,Tetrapilus dioicus (Roxb.) L.A.S.Johnson,Tetrapilus dioicus,Oleaceae,Tetrapilus,15.32309,74.38428,100.0,2025-12-02,Castlerock_NA_Viral,50 by 10m vegetation plots and a 5 by 10m regeneration plot within
K47,ncf:ceros:atr_ktr:trees:K47,ncf:ceros:atr_ktr:trees:K47:31,Psydrax dicoccos Gaertn.,Psydrax dicoccos,Rubiaceae,Psydrax,15.12541,74.48069,100.0,2025-12-06,Phansoli_Amboli_Kumbeli,50 by 10m vegetation plots and a 5 by 10m regeneration plot within
K10,ncf:ceros:atr_ktr:trees:K10,ncf:ceros:atr_ktr:trees:K10:10,Chassalia curviflora (Wall.) Thwaites,Chassalia curviflora,Rubiaceae,Chassalia,15.01108,74.35722,100.0,2025-11-24,Anshi_Badpoli_Badpoli,50 by 10m vegetation plots and a 5 by 10m regeneration plot within
K11,ncf:ceros:atr_ktr:trees:K11,ncf:ceros:atr_ktr:trees:K11:27,Holigarna grahamii (Wight) Kurz,Holigarna grahamii,Anacardiaceae,Holigarna,15.24596,74.28135,100.0,2025-11-25,Kumbharwada_Diggi_Diggi,50 by 10m vegetation plots and a 5 by 10m regeneration plot within
K19,ncf:ceros:atr_ktr:trees:K19,ncf:ceros:atr_ktr:trees:K19:22,Gnetum edule (Willd.) Blume,Gnetum edule,Gnetaceae,Gnetum,15.05663,74.45597,100.0,2025-11-27,Phansoli_Amboli_Amboli,50 by 10m vegetation plots and a 5 by 10m regeneration plot within
K39,ncf:ceros:atr_ktr:trees:K39,ncf:ceros:atr_ktr:trees:K39:30,Syzygium cumini (L.) Skeels,Syzygium cumini,Myrtaceae,Syzygium,15.15024,74.62002,100.0,2025-12-04,Kulgi_Kulgi_Kulgi-South,50 by 10m vegetation plots and a 5 by 10m regeneration plot within
K28,ncf:ceros:atr_ktr:trees:K28,ncf:ceros:atr_ktr:trees:K28:8,Calamus rheedei Griff.,Calamus rheedei,Arecaceae,Calamus,14.93541,74.35854,100.0,2025-11-30,Kadra_Kadra_Kadra-West,50 by 10m vegetation plots and a 5 by 10m regeneration plot within
K51,ncf:ceros:atr_ktr:trees:K51,ncf:ceros:atr_ktr:trees:K51:20,Flacourtia montana J.Graham,Flacourtia montana,Salicaceae,Flacourtia,15.03951,74.51396,100.0,2025-12-07,Gund_Marda_Marda,50 by 10m vegetation plots and a 5 by 10m regeneration plot within
K13,ncf:ceros:atr_ktr:trees:K13,ncf:ceros:atr_ktr:trees:K13:21,Ixora brachiata Roxb.,Ixora brachiata,Rubiaceae,Ixora,15.22005,74.39724,100.0,2025-11-26,Kumbharwada_Sulaveli_Vagheli,50 by 10m vegetation plots and a 5 by 10m regeneration plot within
K12,ncf:ceros:atr_ktr:trees:K12,ncf:ceros:atr_ktr:trees:K12:46,Scutia myrtina (Burm.fil.) Kurz,Scutia myrtina,Rhamnaceae,Scutia,15.21126,74.348,100.0,2025-11-25,Kumbharwada_Terali_Patagudi,50 by 10m vegetation plots and a 5 by 10m regeneration plot within
K6,ncf:ceros:atr_ktr:trees:K6,ncf:ceros:atr_ktr:trees:K6:18,Elaeagnus conferta Roxb.,Elaeagnus conferta,Elaeagnaceae,Elaeagnus,15.01219,74.39533,100.0,2025-11-23,Anshi_Sawanth Matkarni_Sawanth Matkarni,50 by 10m vegetation plots and a 5 by 10m regeneration plot within
K56,ncf:ceros:atr_ktr:trees:K56,ncf:ceros:atr_ktr:trees:K56:14,Murraya koenigii (L.) Spreng.,Murraya koenigii,Rutaceae,Murraya,15.09191,74.51578,100.0,2025-12-07,Phansoli_Avurli_Avurli,50 by 10m vegetation plots and a 5 by 10m regeneration plot within
K47,ncf:ceros:atr_ktr:trees:K47,ncf:ceros:atr_ktr:trees:K47:13,Clerodendrum infortunatum L.,Clerodendrum infortunatum,Lamiaceae,Clerodendrum,15.12541,74.48069,100.0,2025-12-06,Phansoli_Amboli_Kumbeli,50 by 10m vegetation plots and a 5 by 10m regeneration plot within
K39,ncf:ceros:atr_ktr:trees:K39,ncf:ceros:atr_ktr:trees:K39:17,Grewia tiliifolia Vahl,Grewia tiliifolia,Malvaceae,Grewia,15.15024,74.62002,100.0,2025-12-04,Kulgi_Kulgi_Kulgi-South,50 by 10m vegetation plots and a 5 by 10m regeneration plot within
K15,ncf:ceros:atr_ktr:trees:K15,ncf:ceros:atr_ktr:trees:K15:34,Litsea coriacea (Nees) Hook.fil.,Litsea coriacea,Lauraceae,Litsea,15.23219,74.34004,100.0,2025-11-26,Kumbharwada_Sulaveli_Sulaveli,50 by 10m vegetation plots and a 5 by 10m regeneration plot within
K3,ncf:ceros:atr_ktr:trees:K3,ncf:ceros:atr_ktr:trees:K3:51,Psychotria dalzellii Hook.f.,Psychotria dalzellii,Rubiaceae,Psychotria,15.02369,74.45427,100.0,2025-11-23,Anshi_Sawanth Matkarni_Sawanth Matkarni,50 by 10m vegetation plots and a 5 by 10m regeneration plot within
K1,ncf:ceros:atr_ktr:trees:K1,ncf:ceros:atr_ktr:trees:K1:15,Dichapetalum gelonioides (Roxb.) Engl.,Dichapetalum gelonioides,Dichapetalaceae,Dichapetalum,14.95109,74.37002,100.0,2025-11-22,Anshi_Anshi_Badpoli,50 by 10m vegetation plots and a 5 by 10m regeneration plot within
K42,ncf:ceros:atr_ktr:trees:K42,ncf:ceros:atr_ktr:trees:K42:2,Poaceae,,Poaceae,,15.1487,74.69531,100.0,2025-12-05,Kulgi_Kegdal_Kalabhavi,50 by 10m vegetation plots and a 5 by 10m regeneration plot within
K6,ncf:ceros:atr_ktr:trees:K6,ncf:ceros:atr_ktr:trees:K6:35,Mallotus philippensis (Lam.) Müll.Arg.,Mallotus philippensis,Euphorbiaceae,Mallotus,15.01219,74.39533,100.0,2025-11-23,Anshi_Sawanth Matkarni_Sawanth Matkarni,50 by 10m vegetation plots and a 5 by 10m regeneration plot within
K3,ncf:ceros:atr_ktr:trees:K3,ncf:ceros:atr_ktr:trees:K3:16,Elaeodendron paniculatum Wight & Arn.,Elaeodendron paniculatum,Celastraceae,Elaeodendron,15.02369,74.45427,100.0,2025-11-23,Anshi_Sawanth Matkarni_Sawanth Matkarni,50 by 10m vegetation plots and a 5 by 10m regeneration plot within
K3,ncf:ceros:atr_ktr:trees:K3,ncf:ceros:atr_ktr:trees:K3:2,Allophylus cobbe (L.) Forsyth fil.,Allophylus cobbe,Sapindaceae,Allophylus,15.02369,74.45427,100.0,2025-11-23,Anshi_Sawanth Matkarni_Sawanth Matkarni,50 by 10m vegetation plots and a 5 by 10m regeneration plot within
K16,ncf:ceros:atr_ktr:trees:K16,ncf:ceros:atr_ktr:trees:K16:55,Xantolis tomentosa (Roxb.) Raf.,Xantolis tomentosa,Sapotaceae,Xantolis,15.12424,74.32561,100.0,2025-11-27,Kumbharwada_Kundal_Keloli,50 by 10m vegetation plots and a 5 by 10m regeneration plot within
K56,ncf:ceros:atr_ktr:trees:K56,ncf:ceros:atr_ktr:trees:K56:24,Xantolis tomentosa (Roxb.) Raf.,Xantolis tomentosa,Sapotaceae,Xantolis,15.09191,74.51578,100.0,2025-12-07,Phansoli_Avurli_Avurli,50 by 10m vegetation plots and a 5 by 10m regeneration plot within
K39,ncf:ceros:atr_ktr:trees:K39,ncf:ceros:atr_ktr:trees:K39:1,Acacia Mill.,,Fabaceae,Acacia,15.15024,74.62002,100.0,2025-12-04,Kulgi_Kulgi_Kulgi-South,50 by 10m vegetation plots and a 5 by 10m regeneration plot within
K30,ncf:ceros:atr_ktr:trees:K30,ncf:ceros:atr_ktr:trees:K30:35,Rourea minor (Gaertn.) Alston,Rourea minor,Connaraceae,Rourea,15.47372,74.33301,100.0,2025-12-01,Castlerock_Anmod_Meda,50 by 10m vegetation plots and a 5 by 10m regeneration plot within
K32,ncf:ceros:atr_ktr:trees:K32,ncf:ceros:atr_ktr:trees:K32:38,Mallotus philippensis (Lam.) Müll.Arg.,Mallotus philippensis,Euphorbiaceae,Mallotus,15.34117,74.37326,100.0,2025-12-02,Castlerock_Castlerock_Populwadi,50 by 10m vegetation plots and a 5 by 10m regeneration plot within
K17,ncf:ceros:atr_ktr:trees:K17,ncf:ceros:atr_ktr:trees:K17:19,Diospyros paniculata Dalzell,Diospyros paniculata,Ebenaceae,Diospyros,15.11042,74.36691,100.0,2025-11-27,Kumbharwada_Kumbharwada_Kumbharwada,50 by 10m vegetation plots and a 5 by 10m regeneration plot within
K9,ncf:ceros:atr_ktr:trees:K9,ncf:ceros:atr_ktr:trees:K9:23,Leea indica (Burm.fil.) Merr.,Leea indica,Vitaceae,Leea,15.04249,74.35,100.0,2025-11-24,Anshi_Badpoli_Lande,50 by 10m vegetation plots and a 5 by 10m regeneration plot within
K34,ncf:ceros:atr_ktr:trees:K34,ncf:ceros:atr_ktr:trees:K34:50,Memecylon umbellatum Burm.fil.,Memecylon umbellatum,Melastomataceae,Memecylon,15.42029,74.32832,100.0,2025-12-02,Castlerock_Anmod_Anmod-East,50 by 10m vegetation plots and a 5 by 10m regeneration plot within
K35,ncf:ceros:atr_ktr:trees:K35,ncf:ceros:atr_ktr:trees:K35:16,Diploclisia glaucescens (Blume) Diels,Diploclisia glaucescens,Menispermaceae,Diploclisia,15.47685,74.30104,100.0,2025-12-03,Castlerock_Karambal_Vatla,50 by 10m vegetation plots and a 5 by 10m regeneration plot within
K15,ncf:ceros:atr_ktr:trees:K15,ncf:ceros:atr_ktr:trees:K15:26,Gnetum edule (Willd.) Blume,Gnetum edule,Gnetaceae,Gnetum,15.23219,74.34004,100.0,2025-11-26,Kumbharwada_Sulaveli_Sulaveli,50 by 10m vegetation plots and a 5 by 10m regeneration plot within
K36,ncf:ceros:atr_ktr:trees:K36,ncf:ceros:atr_ktr:trees:K36:30,Eugenia macrosepala Duthie,Eugenia macrosepala,Myrtaceae,Eugenia,15.48777,74.28354,100.0,2025-12-03,Castlerock_Karambal_Vatla,50 by 10m vegetation plots and a 5 by 10m regeneration plot within
K3,ncf:ceros:atr_ktr:trees:K3,ncf:ceros:atr_ktr:trees:K3:45,Memecylon talbotianum Brandis,Memecylon talbotianum,Melastomataceae,Memecylon,15.02369,74.45427,100.0,2025-11-23,Anshi_Sawanth Matkarni_Sawanth Matkarni,50 by 10m vegetation plots and a 5 by 10m regeneration plot within
K26,ncf:ceros:atr_ktr:trees:K26,ncf:ceros:atr_ktr:trees:K26:32,Naregamia alata Wight & Arn.,Naregamia alata,Meliaceae,Naregamia,14.94972,74.29521,100.0,2025-11-29,Kadra_Bargadde_Bargadde,50 by 10m vegetation plots and a 5 by 10m regeneration plot within
K40,ncf:ceros:atr_ktr:trees:K40,ncf:ceros:atr_ktr:trees:K40:19,Meyna laxiflora Robyns,Meyna laxiflora,Rubiaceae,Meyna,15.13301,74.62137,100.0,2025-12-04,Kulgi_Kulgi_Amgaon,50 by 10m vegetation plots and a 5 by 10m regeneration plot within
K28,ncf:ceros:atr_ktr:trees:K28,ncf:ceros:atr_ktr:trees:K28:45,Nothopegia castaneifolia (Roth) Ding Hou,Nothopegia castaneifolia,Anacardiaceae,Nothopegia,14.93541,74.35854,100.0,2025-11-30,Kadra_Kadra_Kadra-West,50 by 10m vegetation plots and a 5 by 10m regeneration plot within
K50,ncf:ceros:atr_ktr:trees:K50,ncf:ceros:atr_ktr:trees:K50:28,Lepisanthes tetraphylla (Vahl) Radlk.,Lepisanthes tetraphylla,Sapindaceae,Lepisanthes,15.02905,74.50175,100.0,2025-12-06,Gund_Ulavi_Ulavi,50 by 10m vegetation plots and a 5 by 10m regeneration plot within
K7,ncf:ceros:atr_ktr:trees:K7,ncf:ceros:atr_ktr:trees:K7:11,Calophyllum apetalum Willd.,Calophyllum apetalum,Calophyllaceae,Calophyllum,15.09989,74.38199,100.0,2025-11-24,Anshi_Nujji_Jhalavali,50 by 10m vegetation plots and a 5 by 10m regeneration plot within
K32,ncf:ceros:atr_ktr:trees:K32,ncf:ceros:atr_ktr:trees:K32:14,Clausena anisata (Willd.) Hook.fil.,Clausena anisata,Rutaceae,Clausena,15.34117,74.37326,100.0,2025-12-02,Castlerock_Castlerock_Populwadi,50 by 10m vegetation plots and a 5 by 10m regeneration plot within
K2,ncf:ceros:atr_ktr:trees:K2,ncf:ceros:atr_ktr:trees:K2:37,Tetrapilus dioicus (Roxb.) L.A.S.Johnson,Tetrapilus dioicus,Oleaceae,Tetrapilus,14.9607,74.37222,100.0,2025-11-22,Anshi_Badpoli_Digali,50 by 10m vegetation plots and a 5 by 10m regeneration plot within
K38,ncf:ceros:atr_ktr:trees:K38,ncf:ceros:atr_ktr:trees:K38:11,Dalbergia volubilis Roxb.,Dalbergia volubilis,Fabaceae,Dalbergia,15.16349,74.62148,100.0,2025-12-04,Kulgi_Kulgi_Kulgi-South,50 by 10m vegetation plots and a 5 by 10m regeneration plot within
K40,ncf:ceros:atr_ktr:trees:K40,ncf:ceros:atr_ktr:trees:K40:28,Ziziphus oenopolia (L.) Mill.,Ziziphus oenopolia,Rhamnaceae,Ziziphus,15.13301,74.62137,100.0,2025-12-04,Kulgi_Kulgi_Amgaon,50 by 10m vegetation plots and a 5 by 10m regeneration plot within
K31,ncf:ceros:atr_ktr:trees:K31,ncf:ceros:atr_ktr:trees:K31:44,Microcos paniculata L.,Microcos paniculata,Malvaceae,Microcos,15.32309,74.38428,100.0,2025-12-02,Castlerock_NA_Viral,50 by 10m vegetation plots and a 5 by 10m regeneration plot within
K51,ncf:ceros:atr_ktr:trees:K51,ncf:ceros:atr_ktr:trees:K51:2,Aglaia elaeagnoidea (A.Juss.) Benth.,Aglaia elaeagnoidea,Meliaceae,Aglaia,15.03951,74.51396,100.0,2025-12-07,Gund_Marda_Marda,50 by 10m vegetation plots and a 5 by 10m regeneration plot within
K30,ncf:ceros:atr_ktr:trees:K30,ncf:ceros:atr_ktr:trees:K30:41,Terminalia paniculata B.Heyne ex Roth,Terminalia paniculata,Combretaceae,Terminalia,15.47372,74.33301,100.0,2025-12-01,Castlerock_Anmod_Meda,50 by 10m vegetation plots and a 5 by 10m regeneration plot within
K32,ncf:ceros:atr_ktr:trees:K32,ncf:ceros:atr_ktr:trees:K32:6,Beilschmiedia dalzellii (Meisn.) Kosterm.,Beilschmiedia dalzellii,Lauraceae,Beilschmiedia,15.34117,74.37326,100.0,2025-12-02,Castlerock_Castlerock_Populwadi,50 by 10m vegetation plots and a 5 by 10m regeneration plot within
K30,ncf:ceros:atr_ktr:trees:K30,ncf:ceros:atr_ktr:trees:K30:33,Pothos scandens L.,Pothos scandens,Araceae,Pothos,15.47372,74.33301,100.0,2025-12-01,Castlerock_Anmod_Meda,50 by 10m vegetation plots and a 5 by 10m regeneration plot within
K34,ncf:ceros:atr_ktr:trees:K34,ncf:ceros:atr_ktr:trees:K34:56,Piper nigrum L.,Piper nigrum,Piperaceae,Piper,15.42029,74.32832,100.0,2025-12-02,Castlerock_Anmod_Anmod-East,50 by 10m vegetation plots and a 5 by 10m regeneration plot within
K36,ncf:ceros:atr_ktr:trees:K36,ncf:ceros:atr_ktr:trees:K36:28,Dysoxylum gotadhora (Buch.-Ham.) Mabb.,Dysoxylum gotadhora,Meliaceae,Dysoxylum,15.48777,74.28354,100.0,2025-12-03,Castlerock_Karambal_Vatla,50 by 10m vegetation plots and a 5 by 10m regeneration plot within
K3,ncf:ceros:atr_ktr:trees:K3,ncf:ceros:atr_ktr:trees:K3:20,Dimocarpus longan Lour.,Dimocarpus longan,Sapindaceae,Dimocarpus,15.02369,74.45427,100.0,2025-11-23,Anshi_Sawanth Matkarni_Sawanth Matkarni,50 by 10m vegetation plots and a 5 by 10m regeneration plot within
K41,ncf:ceros:atr_ktr:trees:K41,ncf:ceros:atr_ktr:trees:K41:16,Terminalia elliptica Willd.,Terminalia elliptica,Combretaceae,Terminalia,15.14435,74.67638,100.0,2025-12-05,Kulgi_Kegdal_Gutti,50 by 10m vegetation plots and a 5 by 10m regeneration plot within
K9,ncf:ceros:atr_ktr:trees:K9,ncf:ceros:atr_ktr:trees:K9:20,Holigarna grahamii (Wight) Kurz,Holigarna grahamii,Anacardiaceae,Holigarna,15.04249,74.35,100.0,2025-11-24,Anshi_Badpoli_Lande,50 by 10m vegetation plots and a 5 by 10m regeneration plot within
K54,ncf:ceros:atr_ktr:trees:K54,ncf:ceros:atr_ktr:trees:K54:10,Lagerstroemia microcarpa Wight,Lagerstroemia microcarpa,Lythraceae,Lagerstroemia,15.06675,74.57376,100.0,2025-12-07,Gund_Tammanagi_Shavale,50 by 10m vegetation plots and a 5 by 10m regeneration plot within
K31,ncf:ceros:atr_ktr:trees:K31,ncf:ceros:atr_ktr:trees:K31:9,Bridelia stipularis (L.) Blume,Bridelia stipularis,Phyllanthaceae,Bridelia,15.32309,74.38428,100.0,2025-12-02,Castlerock_NA_Viral,50 by 10m vegetation plots and a 5 by 10m regeneration plot within
K10,ncf:ceros:atr_ktr:trees:K10,ncf:ceros:atr_ktr:trees:K10:27,Leea indica (Burm.fil.) Merr.,Leea indica,Vitaceae,Leea,15.01108,74.35722,100.0,2025-11-24,Anshi_Badpoli_Badpoli,50 by 10m vegetation plots and a 5 by 10m regeneration plot within
K35,ncf:ceros:atr_ktr:trees:K35,ncf:ceros:atr_ktr:trees:K35:49,Rourea minor (Gaertn.) Alston,Rourea minor,Connaraceae,Rourea,15.47685,74.30104,100.0,2025-12-03,Castlerock_Karambal_Vatla,50 by 10m vegetation plots and a 5 by 10m regeneration plot within
K27,ncf:ceros:atr_ktr:trees:K27,ncf:ceros:atr_ktr:trees:K27:34,Memecylon talbotianum Brandis,Memecylon talbotianum,Melastomataceae,Memecylon,14.92656,74.35452,100.0,2025-11-29,Kadra_Kadra_Kadra-West,50 by 10m vegetation plots and a 5 by 10m regeneration plot within
K27,ncf:ceros:atr_ktr:trees:K27,ncf:ceros:atr_ktr:trees:K27:51,Vincetoxicum dalzellii (Hook.fil.) Kuntze,Vincetoxicum dalzellii,Apocynaceae,Vincetoxicum,14.92656,74.35452,100.0,2025-11-29,Kadra_Kadra_Kadra-West,50 by 10m vegetation plots and a 5 by 10m regeneration plot within
K13,ncf:ceros:atr_ktr:trees:K13,ncf:ceros:atr_ktr:trees:K13:14,Garcinia gummi-gutta (L.) N.Robson,Garcinia gummi-gutta,Clusiaceae,Garcinia,15.22005,74.39724,100.0,2025-11-26,Kumbharwada_Sulaveli_Vagheli,50 by 10m vegetation plots and a 5 by 10m regeneration plot within
K27,ncf:ceros:atr_ktr:trees:K27,ncf:ceros:atr_ktr:trees:K27:47,Smilax zeylanica L.,Smilax zeylanica,Smilacaceae,Smilax,14.92656,74.35452,100.0,2025-11-29,Kadra_Kadra_Kadra-West,50 by 10m vegetation plots and a 5 by 10m regeneration plot within
K53,ncf:ceros:atr_ktr:trees:K53,ncf:ceros:atr_ktr:trees:K53:28,Meyna laxiflora Robyns,Meyna laxiflora,Rubiaceae,Meyna,15.05536,74.53871,100.0,2025-12-07,Gund_Tammanagi_Shavale,50 by 10m vegetation plots and a 5 by 10m regeneration plot within
K39,ncf:ceros:atr_ktr:trees:K39,ncf:ceros:atr_ktr:trees:K39:26,Murraya koenigii (L.) Spreng.,Murraya koenigii,Rutaceae,Murraya,15.15024,74.62002,100.0,2025-12-04,Kulgi_Kulgi_Kulgi-South,50 by 10m vegetation plots and a 5 by 10m regeneration plot within
K16,ncf:ceros:atr_ktr:trees:K16,ncf:ceros:atr_ktr:trees:K16:31,Machilus glaucescens (Nees) Wight,Machilus glaucescens,Lauraceae,Machilus,15.12424,74.32561,100.0,2025-11-27,Kumbharwada_Kundal_Keloli,50 by 10m vegetation plots and a 5 by 10m regeneration plot within
K31,ncf:ceros:atr_ktr:trees:K31,ncf:ceros:atr_ktr:trees:K31:4,Allophylus cobbe (L.) Forsyth fil.,Allophylus cobbe,Sapindaceae,Allophylus,15.32309,74.38428,100.0,2025-12-02,Castlerock_NA_Viral,50 by 10m vegetation plots and a 5 by 10m regeneration plot within
K55,ncf:ceros:atr_ktr:trees:K55,ncf:ceros:atr_ktr:trees:K55:23,Mallotus philippensis (Lam.) Müll.Arg.,Mallotus philippensis,Euphorbiaceae,Mallotus,15.07023,74.53669,100.0,2025-12-07,Gund_Gund_Gund,50 by 10m vegetation plots and a 5 by 10m regeneration plot within
K24,ncf:ceros:atr_ktr:trees:K24,ncf:ceros:atr_ktr:trees:K24:21,Gomphandra tetrandra (Wall.) Sleumer,Gomphandra tetrandra,Stemonuraceae,Gomphandra,14.97144,74.31979,100.0,2025-11-29,Kadra_Bargadde_Sanake,50 by 10m vegetation plots and a 5 by 10m regeneration plot within
K27,ncf:ceros:atr_ktr:trees:K27,ncf:ceros:atr_ktr:trees:K27:42,Piper nigrum L.,Piper nigrum,Piperaceae,Piper,14.92656,74.35452,100.0,2025-11-29,Kadra_Kadra_Kadra-West,50 by 10m vegetation plots and a 5 by 10m regeneration plot within
K12,ncf:ceros:atr_ktr:trees:K12,ncf:ceros:atr_ktr:trees:K12:19,Elaeagnus conferta Roxb.,Elaeagnus conferta,Elaeagnaceae,Elaeagnus,15.21126,74.348,100.0,2025-11-25,Kumbharwada_Terali_Patagudi,50 by 10m vegetation plots and a 5 by 10m regeneration plot within
K9,ncf:ceros:atr_ktr:trees:K9,ncf:ceros:atr_ktr:trees:K9:15,Garcinia indica (Thouars) Choisy,Garcinia indica,Clusiaceae,Garcinia,15.04249,74.35,100.0,2025-11-24,Anshi_Badpoli_Lande,50 by 10m vegetation plots and a 5 by 10m regeneration plot within
K13,ncf:ceros:atr_ktr:trees:K13,ncf:ceros:atr_ktr:trees:K13:39,Symplocos racemosa Roxb.,Symplocos racemosa,Symplocaceae,Symplocos,15.22005,74.39724,100.0,2025-11-26,Kumbharwada_Sulaveli_Vagheli,50 by 10m vegetation plots and a 5 by 10m regeneration plot within
K2,ncf:ceros:atr_ktr:trees:K2,ncf:ceros:atr_ktr:trees:K2:46,Symplocos racemosa Roxb.,Symplocos racemosa,Symplocaceae,Symplocos,14.9607,74.37222,100.0,2025-11-22,Anshi_Badpoli_Digali,50 by 10m vegetation plots and a 5 by 10m regeneration plot within
K40,ncf:ceros:atr_ktr:trees:K40,ncf:ceros:atr_ktr:trees:K40:11,Flemingia strobilifera (L.) W.T.Aiton,Flemingia strobilifera,Fabaceae,Flemingia,15.13301,74.62137,100.0,2025-12-04,Kulgi_Kulgi_Amgaon,50 by 10m vegetation plots and a 5 by 10m regeneration plot within
K2,ncf:ceros:atr_ktr:trees:K2,ncf:ceros:atr_ktr:trees:K2:6,Calamus rheedei Griff.,Calamus rheedei,Arecaceae,Calamus,14.9607,74.37222,100.0,2025-11-22,Anshi_Badpoli_Digali,50 by 10m vegetation plots and a 5 by 10m regeneration plot within
K6,ncf:ceros:atr_ktr:trees:K6,ncf:ceros:atr_ktr:trees:K6:2,Aphanamixis polystachya (Wall.) R.Parker,Aphanamixis polystachya,Meliaceae,Aphanamixis,15.01219,74.39533,100.0,2025-11-23,Anshi_Sawanth Matkarni_Sawanth Matkarni,50 by 10m vegetation plots and a 5 by 10m regeneration plot within
K28,ncf:ceros:atr_ktr:trees:K28,ncf:ceros:atr_ktr:trees:K28:30,Gymnosporia rothiana (Walp.) M.A.Lawson,Gymnosporia rothiana,Celastraceae,Gymnosporia,14.93541,74.35854,100.0,2025-11-30,Kadra_Kadra_Kadra-West,50 by 10m vegetation plots and a 5 by 10m regeneration plot within
K7,ncf:ceros:atr_ktr:trees:K7,ncf:ceros:atr_ktr:trees:K7:18,Clausena anisata (Willd.) Hook.fil.,Clausena anisata,Rutaceae,Clausena,15.09989,74.38199,100.0,2025-11-24,Anshi_Nujji_Jhalavali,50 by 10m vegetation plots and a 5 by 10m regeneration plot within
K34,ncf:ceros:atr_ktr:trees:K34,ncf:ceros:atr_ktr:trees:K34:18,Cryptocarya sheikelmudiyana A.K.H.Bachan & P.K.Fasila,Cryptocarya sheikelmudiyana,Lauraceae,Cryptocarya,15.42029,74.32832,100.0,2025-12-02,Castlerock_Anmod_Anmod-East,50 by 10m vegetation plots and a 5 by 10m regeneration plot within
K27,ncf:ceros:atr_ktr:trees:K27,ncf:ceros:atr_ktr:trees:K27:37,Neolitsea foliosa (Nees) Gamble,Neolitsea foliosa,Lauraceae,Neolitsea,14.92656,74.35452,100.0,2025-11-29,Kadra_Kadra_Kadra-West,50 by 10m vegetation plots and a 5 by 10m regeneration plot within
K35,ncf:ceros:atr_ktr:trees:K35,ncf:ceros:atr_ktr:trees:K35:40,Nothapodytes nimmoniana (J.Graham) Mabb.,Nothapodytes nimmoniana,Icacinaceae,Nothapodytes,15.47685,74.30104,100.0,2025-12-03,Castlerock_Karambal_Vatla,50 by 10m vegetation plots and a 5 by 10m regeneration plot within
K5,ncf:ceros:atr_ktr:trees:K5,ncf:ceros:atr_ktr:trees:K5:36,Nothopegia castaneifolia (Roth) Ding Hou,Nothopegia castaneifolia,Anacardiaceae,Nothopegia,14.98514,74.37265,100.0,2025-11-23,Anshi_Anshi_Anshi,50 by 10m vegetation plots and a 5 by 10m regeneration plot within
K3,ncf:ceros:atr_ktr:trees:K3,ncf:ceros:atr_ktr:trees:K3:48,Tetrapilus dioicus (Roxb.) L.A.S.Johnson,Tetrapilus dioicus,Oleaceae,Tetrapilus,15.02369,74.45427,100.0,2025-11-23,Anshi_Sawanth Matkarni_Sawanth Matkarni,50 by 10m vegetation plots and a 5 by 10m regeneration plot within
K38,ncf:ceros:atr_ktr:trees:K38,ncf:ceros:atr_ktr:trees:K38:22,Lagerstroemia microcarpa Wight,Lagerstroemia microcarpa,Lythraceae,Lagerstroemia,15.16349,74.62148,100.0,2025-12-04,Kulgi_Kulgi_Kulgi-South,50 by 10m vegetation plots and a 5 by 10m regeneration plot within
K31,ncf:ceros:atr_ktr:trees:K31,ncf:ceros:atr_ktr:trees:K31:2,Aglaia elaeagnoidea (A.Juss.) Benth.,Aglaia elaeagnoidea,Meliaceae,Aglaia,15.32309,74.38428,100.0,2025-12-02,Castlerock_NA_Viral,50 by 10m vegetation plots and a 5 by 10m regeneration plot within
K29,ncf:ceros:atr_ktr:trees:K29,ncf:ceros:atr_ktr:trees:K29:4,Calophyllum apetalum Willd.,Calophyllum apetalum,Calophyllaceae,Calophyllum,15.4885,74.34842,100.0,2025-12-01,Castlerock_Anmod_Rangarook,50 by 10m vegetation plots and a 5 by 10m regeneration plot within
K32,ncf:ceros:atr_ktr:trees:K32,ncf:ceros:atr_ktr:trees:K32:26,Garcinia indica (Thouars) Choisy,Garcinia indica,Clusiaceae,Garcinia,15.34117,74.37326,100.0,2025-12-02,Castlerock_Castlerock_Populwadi,50 by 10m vegetation plots and a 5 by 10m regeneration plot within
K55,ncf:ceros:atr_ktr:trees:K55,ncf:ceros:atr_ktr:trees:K55:19,Ixora coccinea Comm. ex Lam.,Ixora coccinea,Rubiaceae,Ixora,15.07023,74.53669,100.0,2025-12-07,Gund_Gund_Gund,50 by 10m vegetation plots and a 5 by 10m regeneration plot within
K6,ncf:ceros:atr_ktr:trees:K6,ncf:ceros:atr_ktr:trees:K6:40,Mimusops elengi L.,Mimusops elengi,Sapotaceae,Mimusops,15.01219,74.39533,100.0,2025-11-23,Anshi_Sawanth Matkarni_Sawanth Matkarni,50 by 10m vegetation plots and a 5 by 10m regeneration plot within
K26,ncf:ceros:atr_ktr:trees:K26,ncf:ceros:atr_ktr:trees:K26:7,Carallia brachiata (Lour.) Merr.,Carallia brachiata,Rhizophoraceae,Carallia,14.94972,74.29521,100.0,2025-11-29,Kadra_Bargadde_Bargadde,50 by 10m vegetation plots and a 5 by 10m regeneration plot within
K36,ncf:ceros:atr_ktr:trees:K36,ncf:ceros:atr_ktr:trees:K36:21,Cryptocarya sheikelmudiyana A.K.H.Bachan & P.K.Fasila,Cryptocarya sheikelmudiyana,Lauraceae,Cryptocarya,15.48777,74.28354,100.0,2025-12-03,Castlerock_Karambal_Vatla,50 by 10m vegetation plots and a 5 by 10m regeneration plot within
K12,ncf:ceros:atr_ktr:trees:K12,ncf:ceros:atr_ktr:trees:K12:31,Ixora nigricans R.Br. ex Wight & Arn.,Ixora nigricans,Rubiaceae,Ixora,15.21126,74.348,100.0,2025-11-25,Kumbharwada_Terali_Patagudi,50 by 10m vegetation plots and a 5 by 10m regeneration plot within
K27,ncf:ceros:atr_ktr:trees:K27,ncf:ceros:atr_ktr:trees:K27:10,Carallia brachiata (Lour.) Merr.,Carallia brachiata,Rhizophoraceae,Carallia,14.92656,74.35452,100.0,2025-11-29,Kadra_Kadra_Kadra-West,50 by 10m vegetation plots and a 5 by 10m regeneration plot within
K28,ncf:ceros:atr_ktr:trees:K28,ncf:ceros:atr_ktr:trees:K28:17,Dimocarpus longan Lour.,Dimocarpus longan,Sapindaceae,Dimocarpus,14.93541,74.35854,100.0,2025-11-30,Kadra_Kadra_Kadra-West,50 by 10m vegetation plots and a 5 by 10m regeneration plot within
K41,ncf:ceros:atr_ktr:trees:K41,ncf:ceros:atr_ktr:trees:K41:7,Diospyros melanoxylon Roxb.,Diospyros melanoxylon,Ebenaceae,Diospyros,15.14435,74.67638,100.0,2025-12-05,Kulgi_Kegdal_Gutti,50 by 10m vegetation plots and a 5 by 10m regeneration plot within
K31,ncf:ceros:atr_ktr:trees:K31,ncf:ceros:atr_ktr:trees:K31:1,Actinodaphne angustifolia (Blume) Nees,Actinodaphne angustifolia,Lauraceae,Actinodaphne,15.32309,74.38428,100.0,2025-12-02,Castlerock_NA_Viral,50 by 10m vegetation plots and a 5 by 10m regeneration plot within
K32,ncf:ceros:atr_ktr:trees:K32,ncf:ceros:atr_ktr:trees:K32:1,Actinodaphne angustifolia (Blume) Nees,Actinodaphne angustifolia,Lauraceae,Actinodaphne,15.34117,74.37326,100.0,2025-12-02,Castlerock_Castlerock_Populwadi,50 by 10m vegetation plots and a 5 by 10m regeneration plot within
K45,ncf:ceros:atr_ktr:trees:K45,ncf:ceros:atr_ktr:trees:K45:14,Lagerstroemia microcarpa Wight,Lagerstroemia microcarpa,Lythraceae,Lagerstroemia,15.12909,74.59881,100.0,2025-12-05,Phansoli_Phansoli_Phansoli,50 by 10m vegetation plots and a 5 by 10m regeneration plot within
K37,ncf:ceros:atr_ktr:trees:K37,ncf:ceros:atr_ktr:trees:K37:18,Lantana camara L.,Lantana camara,Verbenaceae,Lantana,15.15166,74.64497,100.0,2025-12-04,Kulgi_Kegdal_Gutti,50 by 10m vegetation plots and a 5 by 10m regeneration plot within
K14,ncf:ceros:atr_ktr:trees:K14,ncf:ceros:atr_ktr:trees:K14:19,Diospyros paniculata Dalzell,Diospyros paniculata,Ebenaceae,Diospyros,15.21519,74.37618,100.0,2025-11-26,Kumbharwada_Sulaveli_Sulaveli,50 by 10m vegetation plots and a 5 by 10m regeneration plot within
K46,ncf:ceros:atr_ktr:trees:K46,ncf:ceros:atr_ktr:trees:K46:21,Terminalia paniculata B.Heyne ex Roth,Terminalia paniculata,Combretaceae,Terminalia,15.14255,74.58648,100.0,2025-12-05,Phansoli_Phansoli_Phansoli,50 by 10m vegetation plots and a 5 by 10m regeneration plot within
K54,ncf:ceros:atr_ktr:trees:K54,ncf:ceros:atr_ktr:trees:K54:1,Ardisia humilis Vahl,Ardisia humilis,Primulaceae,Ardisia,15.06675,74.57376,100.0,2025-12-07,Gund_Tammanagi_Shavale,50 by 10m vegetation plots and a 5 by 10m regeneration plot within
K53,ncf:ceros:atr_ktr:trees:K53,ncf:ceros:atr_ktr:trees:K53:22,Glycosmis pentaphylla (Retz.) Corrêa,Glycosmis pentaphylla,Rutaceae,Glycosmis,15.05536,74.53871,100.0,2025-12-07,Gund_Tammanagi_Shavale,50 by 10m vegetation plots and a 5 by 10m regeneration plot within
K34,ncf:ceros:atr_ktr:trees:K34,ncf:ceros:atr_ktr:trees:K34:38,Hydnocarpus pentandrus (Buch.-Ham.) Oken,Hydnocarpus pentandrus,Achariaceae,Hydnocarpus,15.42029,74.32832,100.0,2025-12-02,Castlerock_Anmod_Anmod-East,50 by 10m vegetation plots and a 5 by 10m regeneration plot within
K52,ncf:ceros:atr_ktr:trees:K52,ncf:ceros:atr_ktr:trees:K52:5,Allophylus cobbe (L.) Forsyth fil.,Allophylus cobbe,Sapindaceae,Allophylus,15.06448,74.52105,100.0,2025-12-07,Gund_Marda_Marda,50 by 10m vegetation plots and a 5 by 10m regeneration plot within
K6,ncf:ceros:atr_ktr:trees:K6,ncf:ceros:atr_ktr:trees:K6:5,Beilschmiedia dalzellii (Meisn.) Kosterm.,Beilschmiedia dalzellii,Lauraceae,Beilschmiedia,15.01219,74.39533,100.0,2025-11-23,Anshi_Sawanth Matkarni_Sawanth Matkarni,50 by 10m vegetation plots and a 5 by 10m regeneration plot within
K35,ncf:ceros:atr_ktr:trees:K35,ncf:ceros:atr_ktr:trees:K35:43,Mimusops elengi L.,Mimusops elengi,Sapotaceae,Mimusops,15.47685,74.30104,100.0,2025-12-03,Castlerock_Karambal_Vatla,50 by 10m vegetation plots and a 5 by 10m regeneration plot within
K29,ncf:ceros:atr_ktr:trees:K29,ncf:ceros:atr_ktr:trees:K29:43,Nothopegia castaneifolia (Roth) Ding Hou,Nothopegia castaneifolia,Anacardiaceae,Nothopegia,15.4885,74.34842,100.0,2025-12-01,Castlerock_Anmod_Rangarook,50 by 10m vegetation plots and a 5 by 10m regeneration plot within
K36,ncf:ceros:atr_ktr:trees:K36,ncf:ceros:atr_ktr:trees:K36:45,Mallotus philippensis (Lam.) Müll.Arg.,Mallotus philippensis,Euphorbiaceae,Mallotus,15.48777,74.28354,100.0,2025-12-03,Castlerock_Karambal_Vatla,50 by 10m vegetation plots and a 5 by 10m regeneration plot within
K19,ncf:ceros:atr_ktr:trees:K19,ncf:ceros:atr_ktr:trees:K19:36,Nothopegia castaneifolia (Roth) Ding Hou,Nothopegia castaneifolia,Anacardiaceae,Nothopegia,15.05663,74.45597,100.0,2025-11-27,Phansoli_Amboli_Amboli,50 by 10m vegetation plots and a 5 by 10m regeneration plot within
K37,ncf:ceros:atr_ktr:trees:K37,ncf:ceros:atr_ktr:trees:K37:21,Meyna laxiflora Robyns,Meyna laxiflora,Rubiaceae,Meyna,15.15166,74.64497,100.0,2025-12-04,Kulgi_Kegdal_Gutti,50 by 10m vegetation plots and a 5 by 10m regeneration plot within
K6,ncf:ceros:atr_ktr:trees:K6,ncf:ceros:atr_ktr:trees:K6:46,Psychotria dalzellii Hook.f.,Psychotria dalzellii,Rubiaceae,Psychotria,15.01219,74.39533,100.0,2025-11-23,Anshi_Sawanth Matkarni_Sawanth Matkarni,50 by 10m vegetation plots and a 5 by 10m regeneration plot within
K8,ncf:ceros:atr_ktr:trees:K8,ncf:ceros:atr_ktr:trees:K8:17,Euonymus indicus B.Heyne ex Roxb.,Euonymus indicus,Celastraceae,Euonymus,15.04524,74.33066,100.0,2025-11-24,Anshi_Nujji_Nujji,50 by 10m vegetation plots and a 5 by 10m regeneration plot within
K6,ncf:ceros:atr_ktr:trees:K6,ncf:ceros:atr_ktr:trees:K6:43,Tetrapilus dioicus (Roxb.) L.A.S.Johnson,Tetrapilus dioicus,Oleaceae,Tetrapilus,15.01219,74.39533,100.0,2025-11-23,Anshi_Sawanth Matkarni_Sawanth Matkarni,50 by 10m vegetation plots and a 5 by 10m regeneration plot within
K34,ncf:ceros:atr_ktr:trees:K34,ncf:ceros:atr_ktr:trees:K34:30,Garcinia gummi-gutta (L.) N.Robson,Garcinia gummi-gutta,Clusiaceae,Garcinia,15.42029,74.32832,100.0,2025-12-02,Castlerock_Anmod_Anmod-East,50 by 10m vegetation plots and a 5 by 10m regeneration plot within
K2,ncf:ceros:atr_ktr:trees:K2,ncf:ceros:atr_ktr:trees:K2:14,Diospyros candolleana Wight,Diospyros candolleana,Ebenaceae,Diospyros,14.9607,74.37222,100.0,2025-11-22,Anshi_Badpoli_Digali,50 by 10m vegetation plots and a 5 by 10m regeneration plot within
K28,ncf:ceros:atr_ktr:trees:K28,ncf:ceros:atr_ktr:trees:K28:16,Dichapetalum gelonioides (Roxb.) Engl.,Dichapetalum gelonioides,Dichapetalaceae,Dichapetalum,14.93541,74.35854,100.0,2025-11-30,Kadra_Kadra_Kadra-West,50 by 10m vegetation plots and a 5 by 10m regeneration plot within
K56,ncf:ceros:atr_ktr:trees:K56,ncf:ceros:atr_ktr:trees:K56:1,Actinodaphne angustifolia (Blume) Nees,Actinodaphne angustifolia,Lauraceae,Actinodaphne,15.09191,74.51578,100.0,2025-12-07,Phansoli_Avurli_Avurli,50 by 10m vegetation plots and a 5 by 10m regeneration plot within
K13,ncf:ceros:atr_ktr:trees:K13,ncf:ceros:atr_ktr:trees:K13:19,Gymnosporia rothiana (Walp.) M.A.Lawson,Gymnosporia rothiana,Celastraceae,Gymnosporia,15.22005,74.39724,100.0,2025-11-26,Kumbharwada_Sulaveli_Vagheli,50 by 10m vegetation plots and a 5 by 10m regeneration plot within
K55,ncf:ceros:atr_ktr:trees:K55,ncf:ceros:atr_ktr:trees:K55:24,Microcos paniculata L.,Microcos paniculata,Malvaceae,Microcos,15.07023,74.53669,100.0,2025-12-07,Gund_Gund_Gund,50 by 10m vegetation plots and a 5 by 10m regeneration plot within
K51,ncf:ceros:atr_ktr:trees:K51,ncf:ceros:atr_ktr:trees:K51:25,Holigarna grahamii (Wight) Kurz,Holigarna grahamii,Anacardiaceae,Holigarna,15.03951,74.51396,100.0,2025-12-07,Gund_Marda_Marda,50 by 10m vegetation plots and a 5 by 10m regeneration plot within
K34,ncf:ceros:atr_ktr:trees:K34,ncf:ceros:atr_ktr:trees:K34:6,Aporosa cardiosperma (Gaertn.) Merr.,Aporosa cardiosperma,Phyllanthaceae,Aporosa,15.42029,74.32832,100.0,2025-12-02,Castlerock_Anmod_Anmod-East,50 by 10m vegetation plots and a 5 by 10m regeneration plot within
K25,ncf:ceros:atr_ktr:trees:K25,ncf:ceros:atr_ktr:trees:K25:16,Gymnosporia rothiana (Walp.) M.A.Lawson,Gymnosporia rothiana,Celastraceae,Gymnosporia,14.95361,74.31835,100.0,2025-11-29,Kadra_Bargadde_Bargadde,50 by 10m vegetation plots and a 5 by 10m regeneration plot within
K29,ncf:ceros:atr_ktr:trees:K29,ncf:ceros:atr_ktr:trees:K29:1,Allophylus cobbe (L.) Forsyth fil.,Allophylus cobbe,Sapindaceae,Allophylus,15.4885,74.34842,100.0,2025-12-01,Castlerock_Anmod_Rangarook,50 by 10m vegetation plots and a 5 by 10m regeneration plot within
K32,ncf:ceros:atr_ktr:trees:K32,ncf:ceros:atr_ktr:trees:K32:28,Glycosmis pentaphylla (Retz.) Corrêa,Glycosmis pentaphylla,Rutaceae,Glycosmis,15.34117,74.37326,100.0,2025-12-02,Castlerock_Castlerock_Populwadi,50 by 10m vegetation plots and a 5 by 10m regeneration plot within
K52,ncf:ceros:atr_ktr:trees:K52,ncf:ceros:atr_ktr:trees:K52:1,Acacia Mill.,,Fabaceae,Acacia,15.06448,74.52105,100.0,2025-12-07,Gund_Marda_Marda,50 by 10m vegetation plots and a 5 by 10m regeneration plot within
K35,ncf:ceros:atr_ktr:trees:K35,ncf:ceros:atr_ktr:trees:K35:3,Ardisia humilis Vahl,Ardisia humilis,Primulaceae,Ardisia,15.47685,74.30104,100.0,2025-12-03,Castlerock_Karambal_Vatla,50 by 10m vegetation plots and a 5 by 10m regeneration plot within
K5,ncf:ceros:atr_ktr:trees:K5,ncf:ceros:atr_ktr:trees:K5:9,Calamus thwaitesii Becc.,Calamus thwaitesii,Arecaceae,Calamus,14.98514,74.37265,100.0,2025-11-23,Anshi_Anshi_Anshi,50 by 10m vegetation plots and a 5 by 10m regeneration plot within
K38,ncf:ceros:atr_ktr:trees:K38,ncf:ceros:atr_ktr:trees:K38:40,Ziziphus oenopolia (L.) Mill.,Ziziphus oenopolia,Rhamnaceae,Ziziphus,15.16349,74.62148,100.0,2025-12-04,Kulgi_Kulgi_Kulgi-South,50 by 10m vegetation plots and a 5 by 10m regeneration plot within
K40,ncf:ceros:atr_ktr:trees:K40,ncf:ceros:atr_ktr:trees:K40:16,Lagerstroemia microcarpa Wight,Lagerstroemia microcarpa,Lythraceae,Lagerstroemia,15.13301,74.62137,100.0,2025-12-04,Kulgi_Kulgi_Amgaon,50 by 10m vegetation plots and a 5 by 10m regeneration plot within
K52,ncf:ceros:atr_ktr:trees:K52,ncf:ceros:atr_ktr:trees:K52:12,Chromolaena odorata (L.) R.M.King & H.Rob.,Chromolaena odorata,Asteraceae,Chromolaena,15.06448,74.52105,100.0,2025-12-07,Gund_Marda_Marda,50 by 10m vegetation plots and a 5 by 10m regeneration plot within
K49,ncf:ceros:atr_ktr:trees:K49,ncf:ceros:atr_ktr:trees:K49:28,Getonia floribunda Roxb.,Getonia floribunda,Combretaceae,Getonia,15.0245,74.4809,100.0,2025-12-06,Gund_Marda_Shimpura Gudda,50 by 10m vegetation plots and a 5 by 10m regeneration plot within
K16,ncf:ceros:atr_ktr:trees:K16,ncf:ceros:atr_ktr:trees:K16:45,Canthium rheedei DC.,Canthium rheedei,Rubiaceae,Canthium,15.12424,74.32561,100.0,2025-11-27,Kumbharwada_Kundal_Keloli,50 by 10m vegetation plots and a 5 by 10m regeneration plot within
K11,ncf:ceros:atr_ktr:trees:K11,ncf:ceros:atr_ktr:trees:K11:40,Moullava spicata (Dalzell) Nicolson,Moullava spicata,Fabaceae,Moullava,15.24596,74.28135,100.0,2025-11-25,Kumbharwada_Diggi_Diggi,50 by 10m vegetation plots and a 5 by 10m regeneration plot within
K11,ncf:ceros:atr_ktr:trees:K11,ncf:ceros:atr_ktr:trees:K11:3,Antidesma montanum Blume,Antidesma montanum,Phyllanthaceae,Antidesma,15.24596,74.28135,100.0,2025-11-25,Kumbharwada_Diggi_Diggi,50 by 10m vegetation plots and a 5 by 10m regeneration plot within
K29,ncf:ceros:atr_ktr:trees:K29,ncf:ceros:atr_ktr:trees:K29:11,Clausena anisata (Willd.) Hook.fil.,Clausena anisata,Rutaceae,Clausena,15.4885,74.34842,100.0,2025-12-01,Castlerock_Anmod_Rangarook,50 by 10m vegetation plots and a 5 by 10m regeneration plot within
K11,ncf:ceros:atr_ktr:trees:K11,ncf:ceros:atr_ktr:trees:K11:37,Memecylon talbotianum Brandis,Memecylon talbotianum,Melastomataceae,Memecylon,15.24596,74.28135,100.0,2025-11-25,Kumbharwada_Diggi_Diggi,50 by 10m vegetation plots and a 5 by 10m regeneration plot within
K32,ncf:ceros:atr_ktr:trees:K32,ncf:ceros:atr_ktr:trees:K32:9,Carallia brachiata (Lour.) Merr.,Carallia brachiata,Rhizophoraceae,Carallia,15.34117,74.37326,100.0,2025-12-02,Castlerock_Castlerock_Populwadi,50 by 10m vegetation plots and a 5 by 10m regeneration plot within
K13,ncf:ceros:atr_ktr:trees:K13,ncf:ceros:atr_ktr:trees:K13:22,Ixora nigricans R.Br. ex Wight & Arn.,Ixora nigricans,Rubiaceae,Ixora,15.22005,74.39724,100.0,2025-11-26,Kumbharwada_Sulaveli_Vagheli,50 by 10m vegetation plots and a 5 by 10m regeneration plot within
K34,ncf:ceros:atr_ktr:trees:K34,ncf:ceros:atr_ktr:trees:K34:58,Pothos scandens L.,Pothos scandens,Araceae,Pothos,15.42029,74.32832,100.0,2025-12-02,Castlerock_Anmod_Anmod-East,50 by 10m vegetation plots and a 5 by 10m regeneration plot within
K37,ncf:ceros:atr_ktr:trees:K37,ncf:ceros:atr_ktr:trees:K37:9,Phyllodium pulchellum (L.) Desv.,Phyllodium pulchellum,Fabaceae,Phyllodium,15.15166,74.64497,100.0,2025-12-04,Kulgi_Kegdal_Gutti,50 by 10m vegetation plots and a 5 by 10m regeneration plot within
K49,ncf:ceros:atr_ktr:trees:K49,ncf:ceros:atr_ktr:trees:K49:53,Terminalia elliptica Willd.,Terminalia elliptica,Combretaceae,Terminalia,15.0245,74.4809,100.0,2025-12-06,Gund_Marda_Shimpura Gudda,50 by 10m vegetation plots and a 5 by 10m regeneration plot within
K11,ncf:ceros:atr_ktr:trees:K11,ncf:ceros:atr_ktr:trees:K11:36,Nothapodytes nimmoniana (J.Graham) Mabb.,Nothapodytes nimmoniana,Icacinaceae,Nothapodytes,15.24596,74.28135,100.0,2025-11-25,Kumbharwada_Diggi_Diggi,50 by 10m vegetation plots and a 5 by 10m regeneration plot within
K32,ncf:ceros:atr_ktr:trees:K32,ncf:ceros:atr_ktr:trees:K32:33,Ixora nigricans R.Br. ex Wight & Arn.,Ixora nigricans,Rubiaceae,Ixora,15.34117,74.37326,100.0,2025-12-02,Castlerock_Castlerock_Populwadi,50 by 10m vegetation plots and a 5 by 10m regeneration plot within
K26,ncf:ceros:atr_ktr:trees:K26,ncf:ceros:atr_ktr:trees:K26:12,Clerodendrum infortunatum L.,Clerodendrum infortunatum,Lamiaceae,Clerodendrum,14.94972,74.29521,100.0,2025-11-29,Kadra_Bargadde_Bargadde,50 by 10m vegetation plots and a 5 by 10m regeneration plot within
K13,ncf:ceros:atr_ktr:trees:K13,ncf:ceros:atr_ktr:trees:K13:2,Ardisia humilis Vahl,Ardisia humilis,Primulaceae,Ardisia,15.22005,74.39724,100.0,2025-11-26,Kumbharwada_Sulaveli_Vagheli,50 by 10m vegetation plots and a 5 by 10m regeneration plot within
K17,ncf:ceros:atr_ktr:trees:K17,ncf:ceros:atr_ktr:trees:K17:2,Allophylus cobbe (L.) Forsyth fil.,Allophylus cobbe,Sapindaceae,Allophylus,15.11042,74.36691,100.0,2025-11-27,Kumbharwada_Kumbharwada_Kumbharwada,50 by 10m vegetation plots and a 5 by 10m regeneration plot within
K4,ncf:ceros:atr_ktr:trees:K4,ncf:ceros:atr_ktr:trees:K4:27,Ixora nigricans R.Br. ex Wight & Arn.,Ixora nigricans,Rubiaceae,Ixora,15.02334,74.4273,100.0,2025-11-23,Anshi_Sawanth Matkarni_Sawanth Matkarni,50 by 10m vegetation plots and a 5 by 10m regeneration plot within
K3,ncf:ceros:atr_ktr:trees:K3,ncf:ceros:atr_ktr:trees:K3:43,Machilus glaucescens (Nees) Wight,Machilus glaucescens,Lauraceae,Machilus,15.02369,74.45427,100.0,2025-11-23,Anshi_Sawanth Matkarni_Sawanth Matkarni,50 by 10m vegetation plots and a 5 by 10m regeneration plot within
K22,ncf:ceros:atr_ktr:trees:K22,ncf:ceros:atr_ktr:trees:K22:26,Terminalia paniculata B.Heyne ex Roth,Terminalia paniculata,Combretaceae,Terminalia,14.87999,74.41013,100.0,2025-11-28,Kadra_Kadra_Balemane,50 by 10m vegetation plots and a 5 by 10m regeneration plot within
K40,ncf:ceros:atr_ktr:trees:K40,ncf:ceros:atr_ktr:trees:K40:27,Xylia xylocarpa (Roxb.) W.Theob.,Xylia xylocarpa,Fabaceae,Xylia,15.13301,74.62137,100.0,2025-12-04,Kulgi_Kulgi_Amgaon,50 by 10m vegetation plots and a 5 by 10m regeneration plot within
K27,ncf:ceros:atr_ktr:trees:K27,ncf:ceros:atr_ktr:trees:K27:20,Embelia tsjeriam-cottam (Roem. & Schult.) A.DC.,Embelia tsjeriam-cottam,Primulaceae,Embelia,14.92656,74.35452,100.0,2025-11-29,Kadra_Kadra_Kadra-West,50 by 10m vegetation plots and a 5 by 10m regeneration plot within
K24,ncf:ceros:atr_ktr:trees:K24,ncf:ceros:atr_ktr:trees:K24:16,Eugenia macrosepala Duthie,Eugenia macrosepala,Myrtaceae,Eugenia,14.97144,74.31979,100.0,2025-11-29,Kadra_Bargadde_Sanake,50 by 10m vegetation plots and a 5 by 10m regeneration plot within
K30,ncf:ceros:atr_ktr:trees:K30,ncf:ceros:atr_ktr:trees:K30:32,Piper nigrum L.,Piper nigrum,Piperaceae,Piper,15.47372,74.33301,100.0,2025-12-01,Castlerock_Anmod_Meda,50 by 10m vegetation plots and a 5 by 10m regeneration plot within
K5,ncf:ceros:atr_ktr:trees:K5,ncf:ceros:atr_ktr:trees:K5:41,Psychotria dalzellii Hook.f.,Psychotria dalzellii,Rubiaceae,Psychotria,14.98514,74.37265,100.0,2025-11-23,Anshi_Anshi_Anshi,50 by 10m vegetation plots and a 5 by 10m regeneration plot within
K8,ncf:ceros:atr_ktr:trees:K8,ncf:ceros:atr_ktr:trees:K8:14,Diploclisia glaucescens (Blume) Diels,Diploclisia glaucescens,Menispermaceae,Diploclisia,15.04524,74.33066,100.0,2025-11-24,Anshi_Nujji_Nujji,50 by 10m vegetation plots and a 5 by 10m regeneration plot within
K16,ncf:ceros:atr_ktr:trees:K16,ncf:ceros:atr_ktr:trees:K16:24,Gymnosporia rothiana (Walp.) M.A.Lawson,Gymnosporia rothiana,Celastraceae,Gymnosporia,15.12424,74.32561,100.0,2025-11-27,Kumbharwada_Kundal_Keloli,50 by 10m vegetation plots and a 5 by 10m regeneration plot within
K6,ncf:ceros:atr_ktr:trees:K6,ncf:ceros:atr_ktr:trees:K6:51,Terminalia bellirica (Gaertn.) Roxb.,Terminalia bellirica,Combretaceae,Terminalia,15.01219,74.39533,100.0,2025-11-23,Anshi_Sawanth Matkarni_Sawanth Matkarni,50 by 10m vegetation plots and a 5 by 10m regeneration plot within
K56,ncf:ceros:atr_ktr:trees:K56,ncf:ceros:atr_ktr:trees:K56:6,Clerodendrum infortunatum L.,Clerodendrum infortunatum,Lamiaceae,Clerodendrum,15.09191,74.51578,100.0,2025-12-07,Phansoli_Avurli_Avurli,50 by 10m vegetation plots and a 5 by 10m regeneration plot within
K27,ncf:ceros:atr_ktr:trees:K27,ncf:ceros:atr_ktr:trees:K27:5,Aporosa cardiosperma (Gaertn.) Merr.,Aporosa cardiosperma,Phyllanthaceae,Aporosa,14.92656,74.35452,100.0,2025-11-29,Kadra_Kadra_Kadra-West,50 by 10m vegetation plots and a 5 by 10m regeneration plot within
K26,ncf:ceros:atr_ktr:trees:K26,ncf:ceros:atr_ktr:trees:K26:11,Pseudocaryopteris bicolor (Roxb. ex Hardw.) P.D.Cantino,Pseudocaryopteris bicolor,Lamiaceae,Pseudocaryopteris,14.94972,74.29521,100.0,2025-11-29,Kadra_Bargadde_Bargadde,50 by 10m vegetation plots and a 5 by 10m regeneration plot within
K25,ncf:ceros:atr_ktr:trees:K25,ncf:ceros:atr_ktr:trees:K25:22,Leea indica (Burm.fil.) Merr.,Leea indica,Vitaceae,Leea,14.95361,74.31835,100.0,2025-11-29,Kadra_Bargadde_Bargadde,50 by 10m vegetation plots and a 5 by 10m regeneration plot within
K29,ncf:ceros:atr_ktr:trees:K29,ncf:ceros:atr_ktr:trees:K29:49,Rourea minor (Gaertn.) Alston,Rourea minor,Connaraceae,Rourea,15.4885,74.34842,100.0,2025-12-01,Castlerock_Anmod_Rangarook,50 by 10m vegetation plots and a 5 by 10m regeneration plot within
K55,ncf:ceros:atr_ktr:trees:K55,ncf:ceros:atr_ktr:trees:K55:35,Zanthoxylum rhetsa (Roxb.) DC.,Zanthoxylum rhetsa,Rutaceae,Zanthoxylum,15.07023,74.53669,100.0,2025-12-07,Gund_Gund_Gund,50 by 10m vegetation plots and a 5 by 10m regeneration plot within
K53,ncf:ceros:atr_ktr:trees:K53,ncf:ceros:atr_ktr:trees:K53:18,Diospyros paniculata Dalzell,Diospyros paniculata,Ebenaceae,Diospyros,15.05536,74.53871,100.0,2025-12-07,Gund_Tammanagi_Shavale,50 by 10m vegetation plots and a 5 by 10m regeneration plot within
K10,ncf:ceros:atr_ktr:trees:K10,ncf:ceros:atr_ktr:trees:K10:44,Symplocos racemosa Roxb.,Symplocos racemosa,Symplocaceae,Symplocos,15.01108,74.35722,100.0,2025-11-24,Anshi_Badpoli_Badpoli,50 by 10m vegetation plots and a 5 by 10m regeneration plot within
K19,ncf:ceros:atr_ktr:trees:K19,ncf:ceros:atr_ktr:trees:K19:7,Piliostigma foveolatum (Dalzell) Thoth.,Piliostigma foveolatum,Fabaceae,Piliostigma,15.05663,74.45597,100.0,2025-11-27,Phansoli_Amboli_Amboli,50 by 10m vegetation plots and a 5 by 10m regeneration plot within
K36,ncf:ceros:atr_ktr:trees:K36,ncf:ceros:atr_ktr:trees:K36:8,Calamus rheedei Griff.,Calamus rheedei,Arecaceae,Calamus,15.48777,74.28354,100.0,2025-12-03,Castlerock_Karambal_Vatla,50 by 10m vegetation plots and a 5 by 10m regeneration plot within
K13,ncf:ceros:atr_ktr:trees:K13,ncf:ceros:atr_ktr:trees:K13:43,Terminalia paniculata B.Heyne ex Roth,Terminalia paniculata,Combretaceae,Terminalia,15.22005,74.39724,100.0,2025-11-26,Kumbharwada_Sulaveli_Vagheli,50 by 10m vegetation plots and a 5 by 10m regeneration plot within
K52,ncf:ceros:atr_ktr:trees:K52,ncf:ceros:atr_ktr:trees:K52:22,Helicteres isora L.,Helicteres isora,Malvaceae,Helicteres,15.06448,74.52105,100.0,2025-12-07,Gund_Marda_Marda,50 by 10m vegetation plots and a 5 by 10m regeneration plot within
K11,ncf:ceros:atr_ktr:trees:K11,ncf:ceros:atr_ktr:trees:K11:52,"Zanthoxylum asiaticum (L.) Appelhans, Groppo & J.Wen",Zanthoxylum asiaticum,Rutaceae,Zanthoxylum,15.24596,74.28135,100.0,2025-11-25,Kumbharwada_Diggi_Diggi,50 by 10m vegetation plots and a 5 by 10m regeneration plot within
K19,ncf:ceros:atr_ktr:trees:K19,ncf:ceros:atr_ktr:trees:K19:19,Flemingia Roxb. ex W.T.Aiton,,Fabaceae,Flemingia,15.05663,74.45597,100.0,2025-11-27,Phansoli_Amboli_Amboli,50 by 10m vegetation plots and a 5 by 10m regeneration plot within
K20,ncf:ceros:atr_ktr:trees:K20,ncf:ceros:atr_ktr:trees:K20:3,Poaceae,,Poaceae,,14.8929,74.46011,100.0,2025-11-28,Kadra_Kadra_Balemane,50 by 10m vegetation plots and a 5 by 10m regeneration plot within
K11,ncf:ceros:atr_ktr:trees:K11,ncf:ceros:atr_ktr:trees:K11:29,Ixora brachiata Roxb.,Ixora brachiata,Rubiaceae,Ixora,15.24596,74.28135,100.0,2025-11-25,Kumbharwada_Diggi_Diggi,50 by 10m vegetation plots and a 5 by 10m regeneration plot within
K40,ncf:ceros:atr_ktr:trees:K40,ncf:ceros:atr_ktr:trees:K40:17,Macaranga peltata (Roxb.) Müll.Arg.,Macaranga peltata,Euphorbiaceae,Macaranga,15.13301,74.62137,100.0,2025-12-04,Kulgi_Kulgi_Amgaon,50 by 10m vegetation plots and a 5 by 10m regeneration plot within
K11,ncf:ceros:atr_ktr:trees:K11,ncf:ceros:atr_ktr:trees:K11:6,Calamus rheedei Griff.,Calamus rheedei,Arecaceae,Calamus,15.24596,74.28135,100.0,2025-11-25,Kumbharwada_Diggi_Diggi,50 by 10m vegetation plots and a 5 by 10m regeneration plot within
K24,ncf:ceros:atr_ktr:trees:K24,ncf:ceros:atr_ktr:trees:K24:35,Tetrapilus dioicus (Roxb.) L.A.S.Johnson,Tetrapilus dioicus,Oleaceae,Tetrapilus,14.97144,74.31979,100.0,2025-11-29,Kadra_Bargadde_Sanake,50 by 10m vegetation plots and a 5 by 10m regeneration plot within
K34,ncf:ceros:atr_ktr:trees:K34,ncf:ceros:atr_ktr:trees:K34:60,Psydrax dicoccos Gaertn.,Psydrax dicoccos,Rubiaceae,Psydrax,15.42029,74.32832,100.0,2025-12-02,Castlerock_Anmod_Anmod-East,50 by 10m vegetation plots and a 5 by 10m regeneration plot within
K30,ncf:ceros:atr_ktr:trees:K30,ncf:ceros:atr_ktr:trees:K30:43,Xantolis tomentosa (Roxb.) Raf.,Xantolis tomentosa,Sapotaceae,Xantolis,15.47372,74.33301,100.0,2025-12-01,Castlerock_Anmod_Meda,50 by 10m vegetation plots and a 5 by 10m regeneration plot within
K12,ncf:ceros:atr_ktr:trees:K12,ncf:ceros:atr_ktr:trees:K12:34,Luvunga sarmentosa (Blume) Kurz,Luvunga sarmentosa,Rutaceae,Luvunga,15.21126,74.348,100.0,2025-11-25,Kumbharwada_Terali_Patagudi,50 by 10m vegetation plots and a 5 by 10m regeneration plot within
K1,ncf:ceros:atr_ktr:trees:K1,ncf:ceros:atr_ktr:trees:K1:21,Diospyros paniculata Dalzell,Diospyros paniculata,Ebenaceae,Diospyros,14.95109,74.37002,100.0,2025-11-22,Anshi_Anshi_Badpoli,50 by 10m vegetation plots and a 5 by 10m regeneration plot within
K14,ncf:ceros:atr_ktr:trees:K14,ncf:ceros:atr_ktr:trees:K14:34,Mallotus philippensis (Lam.) Müll.Arg.,Mallotus philippensis,Euphorbiaceae,Mallotus,15.21519,74.37618,100.0,2025-11-26,Kumbharwada_Sulaveli_Sulaveli,50 by 10m vegetation plots and a 5 by 10m regeneration plot within
K49,ncf:ceros:atr_ktr:trees:K49,ncf:ceros:atr_ktr:trees:K49:41,Tetrapilus dioicus (Roxb.) L.A.S.Johnson,Tetrapilus dioicus,Oleaceae,Tetrapilus,15.0245,74.4809,100.0,2025-12-06,Gund_Marda_Shimpura Gudda,50 by 10m vegetation plots and a 5 by 10m regeneration plot within
K24,ncf:ceros:atr_ktr:trees:K24,ncf:ceros:atr_ktr:trees:K24:28,Knema attenuata (Hook.fil. & Thomson) Warb.,Knema attenuata,Myristicaceae,Knema,14.97144,74.31979,100.0,2025-11-29,Kadra_Bargadde_Sanake,50 by 10m vegetation plots and a 5 by 10m regeneration plot within
K54,ncf:ceros:atr_ktr:trees:K54,ncf:ceros:atr_ktr:trees:K54:16,Pongamia pinnata (L.) Pierre,Pongamia pinnata,Fabaceae,Pongamia,15.06675,74.57376,100.0,2025-12-07,Gund_Tammanagi_Shavale,50 by 10m vegetation plots and a 5 by 10m regeneration plot within
K17,ncf:ceros:atr_ktr:trees:K17,ncf:ceros:atr_ktr:trees:K17:43,Nothopegia castaneifolia (Roth) Ding Hou,Nothopegia castaneifolia,Anacardiaceae,Nothopegia,15.11042,74.36691,100.0,2025-11-27,Kumbharwada_Kumbharwada_Kumbharwada,50 by 10m vegetation plots and a 5 by 10m regeneration plot within
K10,ncf:ceros:atr_ktr:trees:K10,ncf:ceros:atr_ktr:trees:K10:28,Litsea coriacea (Nees) Hook.fil.,Litsea coriacea,Lauraceae,Litsea,15.01108,74.35722,100.0,2025-11-24,Anshi_Badpoli_Badpoli,50 by 10m vegetation plots and a 5 by 10m regeneration plot within
K24,ncf:ceros:atr_ktr:trees:K24,ncf:ceros:atr_ktr:trees:K24:41,Rourea minor (Gaertn.) Alston,Rourea minor,Connaraceae,Rourea,14.97144,74.31979,100.0,2025-11-29,Kadra_Bargadde_Sanake,50 by 10m vegetation plots and a 5 by 10m regeneration plot within
K24,ncf:ceros:atr_ktr:trees:K24,ncf:ceros:atr_ktr:trees:K24:20,Gnetum edule (Willd.) Blume,Gnetum edule,Gnetaceae,Gnetum,14.97144,74.31979,100.0,2025-11-29,Kadra_Bargadde_Sanake,50 by 10m vegetation plots and a 5 by 10m regeneration plot within
K46,ncf:ceros:atr_ktr:trees:K46,ncf:ceros:atr_ktr:trees:K46:11,Lagerstroemia microcarpa Wight,Lagerstroemia microcarpa,Lythraceae,Lagerstroemia,15.14255,74.58648,100.0,2025-12-05,Phansoli_Phansoli_Phansoli,50 by 10m vegetation plots and a 5 by 10m regeneration plot within
K25,ncf:ceros:atr_ktr:trees:K25,ncf:ceros:atr_ktr:trees:K25:34,Smilax L.,,Smilacaceae,Smilax,14.95361,74.31835,100.0,2025-11-29,Kadra_Bargadde_Bargadde,50 by 10m vegetation plots and a 5 by 10m regeneration plot within
K45,ncf:ceros:atr_ktr:trees:K45,ncf:ceros:atr_ktr:trees:K45:18,Nothapodytes nimmoniana (J.Graham) Mabb.,Nothapodytes nimmoniana,Icacinaceae,Nothapodytes,15.12909,74.59881,100.0,2025-12-05,Phansoli_Phansoli_Phansoli,50 by 10m vegetation plots and a 5 by 10m regeneration plot within
K53,ncf:ceros:atr_ktr:trees:K53,ncf:ceros:atr_ktr:trees:K53:10,Catunaregam spinosa (Thunb.) Tirveng.,Catunaregam spinosa,Rubiaceae,Catunaregam,15.05536,74.53871,100.0,2025-12-07,Gund_Tammanagi_Shavale,50 by 10m vegetation plots and a 5 by 10m regeneration plot within
K30,ncf:ceros:atr_ktr:trees:K30,ncf:ceros:atr_ktr:trees:K30:31,Tetrapilus dioicus (Roxb.) L.A.S.Johnson,Tetrapilus dioicus,Oleaceae,Tetrapilus,15.47372,74.33301,100.0,2025-12-01,Castlerock_Anmod_Meda,50 by 10m vegetation plots and a 5 by 10m regeneration plot within
K27,ncf:ceros:atr_ktr:trees:K27,ncf:ceros:atr_ktr:trees:K27:44,Sageraea laurina Dalzell,Sageraea laurina,Annonaceae,Sageraea,14.92656,74.35452,100.0,2025-11-29,Kadra_Kadra_Kadra-West,50 by 10m vegetation plots and a 5 by 10m regeneration plot within
K7,ncf:ceros:atr_ktr:trees:K7,ncf:ceros:atr_ktr:trees:K7:50,Salacia beddomei Gamble,Salacia beddomei,Celastraceae,Salacia,15.09989,74.38199,100.0,2025-11-24,Anshi_Nujji_Jhalavali,50 by 10m vegetation plots and a 5 by 10m regeneration plot within
K32,ncf:ceros:atr_ktr:trees:K32,ncf:ceros:atr_ktr:trees:K32:22,Ficus hispida L.fil.,Ficus hispida,Moraceae,Ficus,15.34117,74.37326,100.0,2025-12-02,Castlerock_Castlerock_Populwadi,50 by 10m vegetation plots and a 5 by 10m regeneration plot within
K19,ncf:ceros:atr_ktr:trees:K19,ncf:ceros:atr_ktr:trees:K19:31,Memecylon talbotianum Brandis,Memecylon talbotianum,Melastomataceae,Memecylon,15.05663,74.45597,100.0,2025-11-27,Phansoli_Amboli_Amboli,50 by 10m vegetation plots and a 5 by 10m regeneration plot within
K2,ncf:ceros:atr_ktr:trees:K2,ncf:ceros:atr_ktr:trees:K2:33,Memecylon talbotianum Brandis,Memecylon talbotianum,Melastomataceae,Memecylon,14.9607,74.37222,100.0,2025-11-22,Anshi_Badpoli_Digali,50 by 10m vegetation plots and a 5 by 10m regeneration plot within
K35,ncf:ceros:atr_ktr:trees:K35,ncf:ceros:atr_ktr:trees:K35:4,Beilschmiedia dalzellii (Meisn.) Kosterm.,Beilschmiedia dalzellii,Lauraceae,Beilschmiedia,15.47685,74.30104,100.0,2025-12-03,Castlerock_Karambal_Vatla,50 by 10m vegetation plots and a 5 by 10m regeneration plot within
K19,ncf:ceros:atr_ktr:trees:K19,ncf:ceros:atr_ktr:trees:K19:39,Rourea minor (Gaertn.) Alston,Rourea minor,Connaraceae,Rourea,15.05663,74.45597,100.0,2025-11-27,Phansoli_Amboli_Amboli,50 by 10m vegetation plots and a 5 by 10m regeneration plot within
K38,ncf:ceros:atr_ktr:trees:K38,ncf:ceros:atr_ktr:trees:K38:4,Breynia J.R.Forst. & G.Forst.,,Phyllanthaceae,Breynia,15.16349,74.62148,100.0,2025-12-04,Kulgi_Kulgi_Kulgi-South,50 by 10m vegetation plots and a 5 by 10m regeneration plot within
K17,ncf:ceros:atr_ktr:trees:K17,ncf:ceros:atr_ktr:trees:K17:46,Oxyceros rugulosus (Thwaites) Tirveng.,Oxyceros rugulosus,Rubiaceae,Oxyceros,15.11042,74.36691,100.0,2025-11-27,Kumbharwada_Kumbharwada_Kumbharwada,50 by 10m vegetation plots and a 5 by 10m regeneration plot within
K9,ncf:ceros:atr_ktr:trees:K9,ncf:ceros:atr_ktr:trees:K9:36,Rourea minor (Gaertn.) Alston,Rourea minor,Connaraceae,Rourea,15.04249,74.35,100.0,2025-11-24,Anshi_Badpoli_Lande,50 by 10m vegetation plots and a 5 by 10m regeneration plot within
K6,ncf:ceros:atr_ktr:trees:K6,ncf:ceros:atr_ktr:trees:K6:17,Diploclisia glaucescens (Blume) Diels,Diploclisia glaucescens,Menispermaceae,Diploclisia,15.01219,74.39533,100.0,2025-11-23,Anshi_Sawanth Matkarni_Sawanth Matkarni,50 by 10m vegetation plots and a 5 by 10m regeneration plot within
K39,ncf:ceros:atr_ktr:trees:K39,ncf:ceros:atr_ktr:trees:K39:21,Meyna laxiflora Robyns,Meyna laxiflora,Rubiaceae,Meyna,15.15024,74.62002,100.0,2025-12-04,Kulgi_Kulgi_Kulgi-South,50 by 10m vegetation plots and a 5 by 10m regeneration plot within
K1,ncf:ceros:atr_ktr:trees:K1,ncf:ceros:atr_ktr:trees:K1:22,Dracaena terniflora Roxb.,Dracaena elliptica,Asparagaceae,Dracaena,14.95109,74.37002,100.0,2025-11-22,Anshi_Anshi_Badpoli,50 by 10m vegetation plots and a 5 by 10m regeneration plot within
K34,ncf:ceros:atr_ktr:trees:K34,ncf:ceros:atr_ktr:trees:K34:45,Litsea coriacea (Nees) Hook.fil.,Litsea coriacea,Lauraceae,Litsea,15.42029,74.32832,100.0,2025-12-02,Castlerock_Anmod_Anmod-East,50 by 10m vegetation plots and a 5 by 10m regeneration plot within
K39,ncf:ceros:atr_ktr:trees:K39,ncf:ceros:atr_ktr:trees:K39:18,Lagerstroemia microcarpa Wight,Lagerstroemia microcarpa,Lythraceae,Lagerstroemia,15.15024,74.62002,100.0,2025-12-04,Kulgi_Kulgi_Kulgi-South,50 by 10m vegetation plots and a 5 by 10m regeneration plot within
K15,ncf:ceros:atr_ktr:trees:K15,ncf:ceros:atr_ktr:trees:K15:10,Elaeodendron paniculatum Wight & Arn.,Elaeodendron paniculatum,Celastraceae,Elaeodendron,15.23219,74.34004,100.0,2025-11-26,Kumbharwada_Sulaveli_Sulaveli,50 by 10m vegetation plots and a 5 by 10m regeneration plot within
K28,ncf:ceros:atr_ktr:trees:K28,ncf:ceros:atr_ktr:trees:K28:44,Nothopegia beddomei Gamble,Nothopegia beddomei,Anacardiaceae,Nothopegia,14.93541,74.35854,100.0,2025-11-30,Kadra_Kadra_Kadra-West,50 by 10m vegetation plots and a 5 by 10m regeneration plot within
K37,ncf:ceros:atr_ktr:trees:K37,ncf:ceros:atr_ktr:trees:K37:20,Mallotus philippensis (Lam.) Müll.Arg.,Mallotus philippensis,Euphorbiaceae,Mallotus,15.15166,74.64497,100.0,2025-12-04,Kulgi_Kegdal_Gutti,50 by 10m vegetation plots and a 5 by 10m regeneration plot within
K31,ncf:ceros:atr_ktr:trees:K31,ncf:ceros:atr_ktr:trees:K31:19,Diospyros ferrea (Willd.) Bakh.,Diospyros ferrea,Ebenaceae,Diospyros,15.32309,74.38428,100.0,2025-12-02,Castlerock_NA_Viral,50 by 10m vegetation plots and a 5 by 10m regeneration plot within
K40,ncf:ceros:atr_ktr:trees:K40,ncf:ceros:atr_ktr:trees:K40:7,Dalbergia latifolia Roxb.,Dalbergia latifolia,Fabaceae,Dalbergia,15.13301,74.62137,100.0,2025-12-04,Kulgi_Kulgi_Amgaon,50 by 10m vegetation plots and a 5 by 10m regeneration plot within
K13,ncf:ceros:atr_ktr:trees:K13,ncf:ceros:atr_ktr:trees:K13:44,Uvaria hookeri King,Uvaria hookeri,Annonaceae,Uvaria,15.22005,74.39724,100.0,2025-11-26,Kumbharwada_Sulaveli_Vagheli,50 by 10m vegetation plots and a 5 by 10m regeneration plot within
K30,ncf:ceros:atr_ktr:trees:K30,ncf:ceros:atr_ktr:trees:K30:18,Gymnosporia rothiana (Walp.) M.A.Lawson,Gymnosporia rothiana,Celastraceae,Gymnosporia,15.47372,74.33301,100.0,2025-12-01,Castlerock_Anmod_Meda,50 by 10m vegetation plots and a 5 by 10m regeneration plot within
K14,ncf:ceros:atr_ktr:trees:K14,ncf:ceros:atr_ktr:trees:K14:42,Paramignya monophylla Wight,Paramignya monophylla,Rutaceae,Paramignya,15.21519,74.37618,100.0,2025-11-26,Kumbharwada_Sulaveli_Sulaveli,50 by 10m vegetation plots and a 5 by 10m regeneration plot within
K24,ncf:ceros:atr_ktr:trees:K24,ncf:ceros:atr_ktr:trees:K24:17,Garcinia indica (Thouars) Choisy,Garcinia indica,Clusiaceae,Garcinia,14.97144,74.31979,100.0,2025-11-29,Kadra_Bargadde_Sanake,50 by 10m vegetation plots and a 5 by 10m regeneration plot within
K5,ncf:ceros:atr_ktr:trees:K5,ncf:ceros:atr_ktr:trees:K5:19,Flacourtia montana J.Graham,Flacourtia montana,Salicaceae,Flacourtia,14.98514,74.37265,100.0,2025-11-23,Anshi_Anshi_Anshi,50 by 10m vegetation plots and a 5 by 10m regeneration plot within
K6,ncf:ceros:atr_ktr:trees:K6,ncf:ceros:atr_ktr:trees:K6:36,Nothapodytes nimmoniana (J.Graham) Mabb.,Nothapodytes nimmoniana,Icacinaceae,Nothapodytes,15.01219,74.39533,100.0,2025-11-23,Anshi_Sawanth Matkarni_Sawanth Matkarni,50 by 10m vegetation plots and a 5 by 10m regeneration plot within
K16,ncf:ceros:atr_ktr:trees:K16,ncf:ceros:atr_ktr:trees:K16:4,Aporosa cardiosperma (Gaertn.) Merr.,Aporosa cardiosperma,Phyllanthaceae,Aporosa,15.12424,74.32561,100.0,2025-11-27,Kumbharwada_Kundal_Keloli,50 by 10m vegetation plots and a 5 by 10m regeneration plot within
K26,ncf:ceros:atr_ktr:trees:K26,ncf:ceros:atr_ktr:trees:K26:37,Schleichera oleosa (Lour.) Oken,Schleichera oleosa,Sapindaceae,Schleichera,14.94972,74.29521,100.0,2025-11-29,Kadra_Bargadde_Bargadde,50 by 10m vegetation plots and a 5 by 10m regeneration plot within
K36,ncf:ceros:atr_ktr:trees:K36,ncf:ceros:atr_ktr:trees:K36:61,Ventilago denticulata Willd.,Ventilago denticulata,Rhamnaceae,Ventilago,15.48777,74.28354,100.0,2025-12-03,Castlerock_Karambal_Vatla,50 by 10m vegetation plots and a 5 by 10m regeneration plot within
K15,ncf:ceros:atr_ktr:trees:K15,ncf:ceros:atr_ktr:trees:K15:7,Calophyllum apetalum Willd.,Calophyllum apetalum,Calophyllaceae,Calophyllum,15.23219,74.34004,100.0,2025-11-26,Kumbharwada_Sulaveli_Sulaveli,50 by 10m vegetation plots and a 5 by 10m regeneration plot within
K34,ncf:ceros:atr_ktr:trees:K34,ncf:ceros:atr_ktr:trees:K34:28,Eugenia macrosepala Duthie,Eugenia macrosepala,Myrtaceae,Eugenia,15.42029,74.32832,100.0,2025-12-02,Castlerock_Anmod_Anmod-East,50 by 10m vegetation plots and a 5 by 10m regeneration plot within
K33,ncf:ceros:atr_ktr:trees:K33,ncf:ceros:atr_ktr:trees:K33:20,Ficus tsjakela Burm.fil.,Ficus tsjakela,Moraceae,Ficus,15.38466,74.34508,100.0,2025-12-02,Castlerock_Castlerock_Kalambuli,50 by 10m vegetation plots and a 5 by 10m regeneration plot within
K15,ncf:ceros:atr_ktr:trees:K15,ncf:ceros:atr_ktr:trees:K15:25,Glycosmis pentaphylla (Retz.) Corrêa,Glycosmis pentaphylla,Rutaceae,Glycosmis,15.23219,74.34004,100.0,2025-11-26,Kumbharwada_Sulaveli_Sulaveli,50 by 10m vegetation plots and a 5 by 10m regeneration plot within
K3,ncf:ceros:atr_ktr:trees:K3,ncf:ceros:atr_ktr:trees:K3:33,Heynea trijuga Roxb.,Heynea trijuga,Meliaceae,Heynea,15.02369,74.45427,100.0,2025-11-23,Anshi_Sawanth Matkarni_Sawanth Matkarni,50 by 10m vegetation plots and a 5 by 10m regeneration plot within
K2,ncf:ceros:atr_ktr:trees:K2,ncf:ceros:atr_ktr:trees:K2:23,Gymnosporia rothiana (Walp.) M.A.Lawson,Gymnosporia rothiana,Celastraceae,Gymnosporia,14.9607,74.37222,100.0,2025-11-22,Anshi_Badpoli_Digali,50 by 10m vegetation plots and a 5 by 10m regeneration plot within
K33,ncf:ceros:atr_ktr:trees:K33,ncf:ceros:atr_ktr:trees:K33:23,Grewia umbellata Roxb.,Grewia laevigata,Malvaceae,Grewia,15.38466,74.34508,100.0,2025-12-02,Castlerock_Castlerock_Kalambuli,50 by 10m vegetation plots and a 5 by 10m regeneration plot within
K47,ncf:ceros:atr_ktr:trees:K47,ncf:ceros:atr_ktr:trees:K47:8,Caryota urens L.,Caryota urens,Arecaceae,Caryota,15.12541,74.48069,100.0,2025-12-06,Phansoli_Amboli_Kumbeli,50 by 10m vegetation plots and a 5 by 10m regeneration plot within
K45,ncf:ceros:atr_ktr:trees:K45,ncf:ceros:atr_ktr:trees:K45:1,Allophylus cobbe (L.) Forsyth fil.,Allophylus cobbe,Sapindaceae,Allophylus,15.12909,74.59881,100.0,2025-12-05,Phansoli_Phansoli_Phansoli,50 by 10m vegetation plots and a 5 by 10m regeneration plot within
K13,ncf:ceros:atr_ktr:trees:K13,ncf:ceros:atr_ktr:trees:K13:7,Clausena anisata (Willd.) Hook.fil.,Clausena anisata,Rutaceae,Clausena,15.22005,74.39724,100.0,2025-11-26,Kumbharwada_Sulaveli_Vagheli,50 by 10m vegetation plots and a 5 by 10m regeneration plot within
K38,ncf:ceros:atr_ktr:trees:K38,ncf:ceros:atr_ktr:trees:K38:19,Helicteres isora L.,Helicteres isora,Malvaceae,Helicteres,15.16349,74.62148,100.0,2025-12-04,Kulgi_Kulgi_Kulgi-South,50 by 10m vegetation plots and a 5 by 10m regeneration plot within
K29,ncf:ceros:atr_ktr:trees:K29,ncf:ceros:atr_ktr:trees:K29:16,Diospyros candolleana Wight,Diospyros candolleana,Ebenaceae,Diospyros,15.4885,74.34842,100.0,2025-12-01,Castlerock_Anmod_Rangarook,50 by 10m vegetation plots and a 5 by 10m regeneration plot within
K14,ncf:ceros:atr_ktr:trees:K14,ncf:ceros:atr_ktr:trees:K14:17,Dimocarpus longan Lour.,Dimocarpus longan,Sapindaceae,Dimocarpus,15.21519,74.37618,100.0,2025-11-26,Kumbharwada_Sulaveli_Sulaveli,50 by 10m vegetation plots and a 5 by 10m regeneration plot within
K10,ncf:ceros:atr_ktr:trees:K10,ncf:ceros:atr_ktr:trees:K10:9,Celastrus paniculatus Willd.,Celastrus paniculatus,Celastraceae,Celastrus,15.01108,74.35722,100.0,2025-11-24,Anshi_Badpoli_Badpoli,50 by 10m vegetation plots and a 5 by 10m regeneration plot within
K56,ncf:ceros:atr_ktr:trees:K56,ncf:ceros:atr_ktr:trees:K56:20,Tabernaemontana alternifolia L.,Tabernaemontana alternifolia,Apocynaceae,Tabernaemontana,15.09191,74.51578,100.0,2025-12-07,Phansoli_Avurli_Avurli,50 by 10m vegetation plots and a 5 by 10m regeneration plot within
K18,ncf:ceros:atr_ktr:trees:K18,ncf:ceros:atr_ktr:trees:K18:34,Xantolis tomentosa (Roxb.) Raf.,Xantolis tomentosa,Sapotaceae,Xantolis,15.09507,74.42705,100.0,2025-11-27,Kumbharwada_Kumbharwada_Kalsai,50 by 10m vegetation plots and a 5 by 10m regeneration plot within
K3,ncf:ceros:atr_ktr:trees:K3,ncf:ceros:atr_ktr:trees:K3:6,Aporosa cardiosperma (Gaertn.) Merr.,Aporosa cardiosperma,Phyllanthaceae,Aporosa,15.02369,74.45427,100.0,2025-11-23,Anshi_Sawanth Matkarni_Sawanth Matkarni,50 by 10m vegetation plots and a 5 by 10m regeneration plot within
K26,ncf:ceros:atr_ktr:trees:K26,ncf:ceros:atr_ktr:trees:K26:10,Clematis zeylanica (L.) Poir.,Clematis zeylanica,Ranunculaceae,Clematis,14.94972,74.29521,100.0,2025-11-29,Kadra_Bargadde_Bargadde,50 by 10m vegetation plots and a 5 by 10m regeneration plot within
K2,ncf:ceros:atr_ktr:trees:K2,ncf:ceros:atr_ktr:trees:K2:39,Pothos scandens L.,Pothos scandens,Araceae,Pothos,14.9607,74.37222,100.0,2025-11-22,Anshi_Badpoli_Digali,50 by 10m vegetation plots and a 5 by 10m regeneration plot within
K41,ncf:ceros:atr_ktr:trees:K41,ncf:ceros:atr_ktr:trees:K41:15,Tectona grandis L.f.,Tectona grandis,Lamiaceae,Tectona,15.14435,74.67638,100.0,2025-12-05,Kulgi_Kegdal_Gutti,50 by 10m vegetation plots and a 5 by 10m regeneration plot within
K55,ncf:ceros:atr_ktr:trees:K55,ncf:ceros:atr_ktr:trees:K55:21,Macaranga peltata (Roxb.) Müll.Arg.,Macaranga peltata,Euphorbiaceae,Macaranga,15.07023,74.53669,100.0,2025-12-07,Gund_Gund_Gund,50 by 10m vegetation plots and a 5 by 10m regeneration plot within
K2,ncf:ceros:atr_ktr:trees:K2,ncf:ceros:atr_ktr:trees:K2:5,Beilschmiedia dalzellii (Meisn.) Kosterm.,Beilschmiedia dalzellii,Lauraceae,Beilschmiedia,14.9607,74.37222,100.0,2025-11-22,Anshi_Badpoli_Digali,50 by 10m vegetation plots and a 5 by 10m regeneration plot within
K3,ncf:ceros:atr_ktr:trees:K3,ncf:ceros:atr_ktr:trees:K3:37,Ixora nigricans R.Br. ex Wight & Arn.,Ixora nigricans,Rubiaceae,Ixora,15.02369,74.45427,100.0,2025-11-23,Anshi_Sawanth Matkarni_Sawanth Matkarni,50 by 10m vegetation plots and a 5 by 10m regeneration plot within
K37,ncf:ceros:atr_ktr:trees:K37,ncf:ceros:atr_ktr:trees:K37:16,Holarrhena pubescens (Buch.-Ham.) Wall. ex G.Don,Holarrhena pubescens,Apocynaceae,Holarrhena,15.15166,74.64497,100.0,2025-12-04,Kulgi_Kegdal_Gutti,50 by 10m vegetation plots and a 5 by 10m regeneration plot within
K44,ncf:ceros:atr_ktr:trees:K44,ncf:ceros:atr_ktr:trees:K44:11,Diospyros montana Roxb.,Diospyros montana,Ebenaceae,Diospyros,15.1191,74.68068,100.0,2025-12-05,Kulgi_Kegdal_Amga-East,50 by 10m vegetation plots and a 5 by 10m regeneration plot within
K29,ncf:ceros:atr_ktr:trees:K29,ncf:ceros:atr_ktr:trees:K29:32,Lagerstroemia microcarpa Wight,Lagerstroemia microcarpa,Lythraceae,Lagerstroemia,15.4885,74.34842,100.0,2025-12-01,Castlerock_Anmod_Rangarook,50 by 10m vegetation plots and a 5 by 10m regeneration plot within
K20,ncf:ceros:atr_ktr:trees:K20,ncf:ceros:atr_ktr:trees:K20:13,Grewia tiliifolia Vahl,Grewia tiliifolia,Malvaceae,Grewia,14.8929,74.46011,100.0,2025-11-28,Kadra_Kadra_Balemane,50 by 10m vegetation plots and a 5 by 10m regeneration plot within
K25,ncf:ceros:atr_ktr:trees:K25,ncf:ceros:atr_ktr:trees:K25:25,Melicope lunu-ankenda (Gaertn.) T.G.Hartley,Melicope lunu-ankenda,Rutaceae,Melicope,14.95361,74.31835,100.0,2025-11-29,Kadra_Bargadde_Bargadde,50 by 10m vegetation plots and a 5 by 10m regeneration plot within
K16,ncf:ceros:atr_ktr:trees:K16,ncf:ceros:atr_ktr:trees:K16:10,Carissa inermis Vahl,Carissa inermis,Apocynaceae,Carissa,15.12424,74.32561,100.0,2025-11-27,Kumbharwada_Kundal_Keloli,50 by 10m vegetation plots and a 5 by 10m regeneration plot within
K4,ncf:ceros:atr_ktr:trees:K4,ncf:ceros:atr_ktr:trees:K4:5,Beilschmiedia dalzellii (Meisn.) Kosterm.,Beilschmiedia dalzellii,Lauraceae,Beilschmiedia,15.02334,74.4273,100.0,2025-11-23,Anshi_Sawanth Matkarni_Sawanth Matkarni,50 by 10m vegetation plots and a 5 by 10m regeneration plot within
K31,ncf:ceros:atr_ktr:trees:K31,ncf:ceros:atr_ktr:trees:K31:25,Ecbolium viride (Forssk.) Alston,Ecbolium viride,Acanthaceae,Ecbolium,15.32309,74.38428,100.0,2025-12-02,Castlerock_NA_Viral,50 by 10m vegetation plots and a 5 by 10m regeneration plot within
K55,ncf:ceros:atr_ktr:trees:K55,ncf:ceros:atr_ktr:trees:K55:15,Ficus callosa Willd.,Ficus callosa,Moraceae,Ficus,15.07023,74.53669,100.0,2025-12-07,Gund_Gund_Gund,50 by 10m vegetation plots and a 5 by 10m regeneration plot within
K16,ncf:ceros:atr_ktr:trees:K16,ncf:ceros:atr_ktr:trees:K16:53,Terminalia paniculata B.Heyne ex Roth,Terminalia paniculata,Combretaceae,Terminalia,15.12424,74.32561,100.0,2025-11-27,Kumbharwada_Kundal_Keloli,50 by 10m vegetation plots and a 5 by 10m regeneration plot within
K42,ncf:ceros:atr_ktr:trees:K42,ncf:ceros:atr_ktr:trees:K42:15,Flacourtia indica (Burm.fil.) Merr.,Flacourtia indica,Salicaceae,Flacourtia,15.1487,74.69531,100.0,2025-12-05,Kulgi_Kegdal_Kalabhavi,50 by 10m vegetation plots and a 5 by 10m regeneration plot within
K49,ncf:ceros:atr_ktr:trees:K49,ncf:ceros:atr_ktr:trees:K49:5,Aporosa cardiosperma (Gaertn.) Merr.,Aporosa cardiosperma,Phyllanthaceae,Aporosa,15.0245,74.4809,100.0,2025-12-06,Gund_Marda_Shimpura Gudda,50 by 10m vegetation plots and a 5 by 10m regeneration plot within
K39,ncf:ceros:atr_ktr:trees:K39,ncf:ceros:atr_ktr:trees:K39:5,Careya arborea Roxb.,Careya arborea,Lecythidaceae,Careya,15.15024,74.62002,100.0,2025-12-04,Kulgi_Kulgi_Kulgi-South,50 by 10m vegetation plots and a 5 by 10m regeneration plot within
K35,ncf:ceros:atr_ktr:trees:K35,ncf:ceros:atr_ktr:trees:K35:53,Terminalia elliptica Willd.,Terminalia elliptica,Combretaceae,Terminalia,15.47685,74.30104,100.0,2025-12-03,Castlerock_Karambal_Vatla,50 by 10m vegetation plots and a 5 by 10m regeneration plot within
K41,ncf:ceros:atr_ktr:trees:K41,ncf:ceros:atr_ktr:trees:K41:11,Holarrhena pubescens (Buch.-Ham.) Wall. ex G.Don,Holarrhena pubescens,Apocynaceae,Holarrhena,15.14435,74.67638,100.0,2025-12-05,Kulgi_Kegdal_Gutti,50 by 10m vegetation plots and a 5 by 10m regeneration plot within
K50,ncf:ceros:atr_ktr:trees:K50,ncf:ceros:atr_ktr:trees:K50:27,Leea indica (Burm.fil.) Merr.,Leea indica,Vitaceae,Leea,15.02905,74.50175,100.0,2025-12-06,Gund_Ulavi_Ulavi,50 by 10m vegetation plots and a 5 by 10m regeneration plot within
K42,ncf:ceros:atr_ktr:trees:K42,ncf:ceros:atr_ktr:trees:K42:5,Catunaregam spinosa (Thunb.) Tirveng.,Catunaregam spinosa,Rubiaceae,Catunaregam,15.1487,74.69531,100.0,2025-12-05,Kulgi_Kegdal_Kalabhavi,50 by 10m vegetation plots and a 5 by 10m regeneration plot within
K6,ncf:ceros:atr_ktr:trees:K6,ncf:ceros:atr_ktr:trees:K6:20,Flacourtia montana J.Graham,Flacourtia montana,Salicaceae,Flacourtia,15.01219,74.39533,100.0,2025-11-23,Anshi_Sawanth Matkarni_Sawanth Matkarni,50 by 10m vegetation plots and a 5 by 10m regeneration plot within
K38,ncf:ceros:atr_ktr:trees:K38,ncf:ceros:atr_ktr:trees:K38:20,Holarrhena pubescens (Buch.-Ham.) Wall. ex G.Don,Holarrhena pubescens,Apocynaceae,Holarrhena,15.16349,74.62148,100.0,2025-12-04,Kulgi_Kulgi_Kulgi-South,50 by 10m vegetation plots and a 5 by 10m regeneration plot within
K17,ncf:ceros:atr_ktr:trees:K17,ncf:ceros:atr_ktr:trees:K17:34,Lagerstroemia microcarpa Wight,Lagerstroemia microcarpa,Lythraceae,Lagerstroemia,15.11042,74.36691,100.0,2025-11-27,Kumbharwada_Kumbharwada_Kumbharwada,50 by 10m vegetation plots and a 5 by 10m regeneration plot within
K38,ncf:ceros:atr_ktr:trees:K38,ncf:ceros:atr_ktr:trees:K38:21,Ipomoea campanulata L.,Stictocardia campanulata,Convolvulaceae,Stictocardia,15.16349,74.62148,100.0,2025-12-04,Kulgi_Kulgi_Kulgi-South,50 by 10m vegetation plots and a 5 by 10m regeneration plot within
K54,ncf:ceros:atr_ktr:trees:K54,ncf:ceros:atr_ktr:trees:K54:29,Ziziphus rugosa Lam.,Ziziphus rugosa,Rhamnaceae,Ziziphus,15.06675,74.57376,100.0,2025-12-07,Gund_Tammanagi_Shavale,50 by 10m vegetation plots and a 5 by 10m regeneration plot within
K49,ncf:ceros:atr_ktr:trees:K49,ncf:ceros:atr_ktr:trees:K49:18,Cinnamomum Schaeff.,,Lauraceae,Cinnamomum,15.0245,74.4809,100.0,2025-12-06,Gund_Marda_Shimpura Gudda,50 by 10m vegetation plots and a 5 by 10m regeneration plot within
K1,ncf:ceros:atr_ktr:trees:K1,ncf:ceros:atr_ktr:trees:K1:38,Leea indica (Burm.fil.) Merr.,Leea indica,Vitaceae,Leea,14.95109,74.37002,100.0,2025-11-22,Anshi_Anshi_Badpoli,50 by 10m vegetation plots and a 5 by 10m regeneration plot within
K25,ncf:ceros:atr_ktr:trees:K25,ncf:ceros:atr_ktr:trees:K25:45,Xantolis tomentosa (Roxb.) Raf.,Xantolis tomentosa,Sapotaceae,Xantolis,14.95361,74.31835,100.0,2025-11-29,Kadra_Bargadde_Bargadde,50 by 10m vegetation plots and a 5 by 10m regeneration plot within
K35,ncf:ceros:atr_ktr:trees:K35,ncf:ceros:atr_ktr:trees:K35:54,Tetrastigma leucostaphylum (Dennst.) Alston,Tetrastigma leucostaphylum,Vitaceae,Tetrastigma,15.47685,74.30104,100.0,2025-12-03,Castlerock_Karambal_Vatla,50 by 10m vegetation plots and a 5 by 10m regeneration plot within
K29,ncf:ceros:atr_ktr:trees:K29,ncf:ceros:atr_ktr:trees:K29:34,Luvunga sarmentosa (Blume) Kurz,Luvunga sarmentosa,Rutaceae,Luvunga,15.4885,74.34842,100.0,2025-12-01,Castlerock_Anmod_Rangarook,50 by 10m vegetation plots and a 5 by 10m regeneration plot within
K35,ncf:ceros:atr_ktr:trees:K35,ncf:ceros:atr_ktr:trees:K35:33,Ligustrum robustum (Roxb.) Blume,Ligustrum robustum,Oleaceae,Ligustrum,15.47685,74.30104,100.0,2025-12-03,Castlerock_Karambal_Vatla,50 by 10m vegetation plots and a 5 by 10m regeneration plot within
K1,ncf:ceros:atr_ktr:trees:K1,ncf:ceros:atr_ktr:trees:K1:51,Symplocos racemosa Roxb.,Symplocos racemosa,Symplocaceae,Symplocos,14.95109,74.37002,100.0,2025-11-22,Anshi_Anshi_Badpoli,50 by 10m vegetation plots and a 5 by 10m regeneration plot within
K20,ncf:ceros:atr_ktr:trees:K20,ncf:ceros:atr_ktr:trees:K20:17,Mezoneuron cucullatum (Roxb.) Wight & Arn.,Mezoneuron cucullatum,Fabaceae,Mezoneuron,14.8929,74.46011,100.0,2025-11-28,Kadra_Kadra_Balemane,50 by 10m vegetation plots and a 5 by 10m regeneration plot within
K7,ncf:ceros:atr_ktr:trees:K7,ncf:ceros:atr_ktr:trees:K7:3,Aphanamixis polystachya (Wall.) R.Parker,Aphanamixis polystachya,Meliaceae,Aphanamixis,15.09989,74.38199,100.0,2025-11-24,Anshi_Nujji_Jhalavali,50 by 10m vegetation plots and a 5 by 10m regeneration plot within
K42,ncf:ceros:atr_ktr:trees:K42,ncf:ceros:atr_ktr:trees:K42:20,Mallotus philippensis (Lam.) Müll.Arg.,Mallotus philippensis,Euphorbiaceae,Mallotus,15.1487,74.69531,100.0,2025-12-05,Kulgi_Kegdal_Kalabhavi,50 by 10m vegetation plots and a 5 by 10m regeneration plot within
K12,ncf:ceros:atr_ktr:trees:K12,ncf:ceros:atr_ktr:trees:K12:14,Diospyros ferrea (Willd.) Bakh.,Diospyros ferrea,Ebenaceae,Diospyros,15.21126,74.348,100.0,2025-11-25,Kumbharwada_Terali_Patagudi,50 by 10m vegetation plots and a 5 by 10m regeneration plot within
K25,ncf:ceros:atr_ktr:trees:K25,ncf:ceros:atr_ktr:trees:K25:17,Hemidesmus indicus (L.) R.Br.,Hemidesmus indicus,Apocynaceae,Hemidesmus,14.95361,74.31835,100.0,2025-11-29,Kadra_Bargadde_Bargadde,50 by 10m vegetation plots and a 5 by 10m regeneration plot within
K5,ncf:ceros:atr_ktr:trees:K5,ncf:ceros:atr_ktr:trees:K5:14,Diospyros montana Roxb.,Diospyros montana,Ebenaceae,Diospyros,14.98514,74.37265,100.0,2025-11-23,Anshi_Anshi_Anshi,50 by 10m vegetation plots and a 5 by 10m regeneration plot within
K8,ncf:ceros:atr_ktr:trees:K8,ncf:ceros:atr_ktr:trees:K8:36,Terminalia bellirica (Gaertn.) Roxb.,Terminalia bellirica,Combretaceae,Terminalia,15.04524,74.33066,100.0,2025-11-24,Anshi_Nujji_Nujji,50 by 10m vegetation plots and a 5 by 10m regeneration plot within
K10,ncf:ceros:atr_ktr:trees:K10,ncf:ceros:atr_ktr:trees:K10:47,Tetrastigma leucostaphylum (Dennst.) Alston,Tetrastigma leucostaphylum,Vitaceae,Tetrastigma,15.01108,74.35722,100.0,2025-11-24,Anshi_Badpoli_Badpoli,50 by 10m vegetation plots and a 5 by 10m regeneration plot within
K12,ncf:ceros:atr_ktr:trees:K12,ncf:ceros:atr_ktr:trees:K12:20,Erycibe paniculata Roxb.,Erycibe paniculata,Convolvulaceae,Erycibe,15.21126,74.348,100.0,2025-11-25,Kumbharwada_Terali_Patagudi,50 by 10m vegetation plots and a 5 by 10m regeneration plot within
K39,ncf:ceros:atr_ktr:trees:K39,ncf:ceros:atr_ktr:trees:K39:11,Dillenia pentagyna Roxb.,Dillenia pentagyna,Dilleniaceae,Dillenia,15.15024,74.62002,100.0,2025-12-04,Kulgi_Kulgi_Kulgi-South,50 by 10m vegetation plots and a 5 by 10m regeneration plot within
K39,ncf:ceros:atr_ktr:trees:K39,ncf:ceros:atr_ktr:trees:K39:34,Ventilago denticulata Willd.,Ventilago denticulata,Rhamnaceae,Ventilago,15.15024,74.62002,100.0,2025-12-04,Kulgi_Kulgi_Kulgi-South,50 by 10m vegetation plots and a 5 by 10m regeneration plot within
K31,ncf:ceros:atr_ktr:trees:K31,ncf:ceros:atr_ktr:trees:K31:8,Breynia J.R.Forst. & G.Forst.,,Phyllanthaceae,Breynia,15.32309,74.38428,100.0,2025-12-02,Castlerock_NA_Viral,50 by 10m vegetation plots and a 5 by 10m regeneration plot within
K56,ncf:ceros:atr_ktr:trees:K56,ncf:ceros:atr_ktr:trees:K56:5,Cinnamomum Schaeff.,,Lauraceae,Cinnamomum,15.09191,74.51578,100.0,2025-12-07,Phansoli_Avurli_Avurli,50 by 10m vegetation plots and a 5 by 10m regeneration plot within
K30,ncf:ceros:atr_ktr:trees:K30,ncf:ceros:atr_ktr:trees:K30:3,Bombax ceiba L.,Bombax ceiba,Malvaceae,Bombax,15.47372,74.33301,100.0,2025-12-01,Castlerock_Anmod_Meda,50 by 10m vegetation plots and a 5 by 10m regeneration plot within
K27,ncf:ceros:atr_ktr:trees:K27,ncf:ceros:atr_ktr:trees:K27:25,Glycosmis pentaphylla (Retz.) Corrêa,Glycosmis pentaphylla,Rutaceae,Glycosmis,14.92656,74.35452,100.0,2025-11-29,Kadra_Kadra_Kadra-West,50 by 10m vegetation plots and a 5 by 10m regeneration plot within
K4,ncf:ceros:atr_ktr:trees:K4,ncf:ceros:atr_ktr:trees:K4:1,Actinodaphne angustifolia (Blume) Nees,Actinodaphne angustifolia,Lauraceae,Actinodaphne,15.02334,74.4273,100.0,2025-11-23,Anshi_Sawanth Matkarni_Sawanth Matkarni,50 by 10m vegetation plots and a 5 by 10m regeneration plot within
K48,ncf:ceros:atr_ktr:trees:K48,ncf:ceros:atr_ktr:trees:K48:30,Terminalia bellirica (Gaertn.) Roxb.,Terminalia bellirica,Combretaceae,Terminalia,15.14195,74.46927,100.0,2025-12-06,Phansoli_Amboli_Kumbeli,50 by 10m vegetation plots and a 5 by 10m regeneration plot within
K46,ncf:ceros:atr_ktr:trees:K46,ncf:ceros:atr_ktr:trees:K46:12,Macaranga peltata (Roxb.) Müll.Arg.,Macaranga peltata,Euphorbiaceae,Macaranga,15.14255,74.58648,100.0,2025-12-05,Phansoli_Phansoli_Phansoli,50 by 10m vegetation plots and a 5 by 10m regeneration plot within
K4,ncf:ceros:atr_ktr:trees:K4,ncf:ceros:atr_ktr:trees:K4:41,Piper nigrum L.,Piper nigrum,Piperaceae,Piper,15.02334,74.4273,100.0,2025-11-23,Anshi_Sawanth Matkarni_Sawanth Matkarni,50 by 10m vegetation plots and a 5 by 10m regeneration plot within
K30,ncf:ceros:atr_ktr:trees:K30,ncf:ceros:atr_ktr:trees:K30:16,Glochidion johnstonei J.Hk.,Glochidion hohenackeri,Phyllanthaceae,Glochidion,15.47372,74.33301,100.0,2025-12-01,Castlerock_Anmod_Meda,50 by 10m vegetation plots and a 5 by 10m regeneration plot within
K13,ncf:ceros:atr_ktr:trees:K13,ncf:ceros:atr_ktr:trees:K13:6,Cinnamomum Schaeff.,,Lauraceae,Cinnamomum,15.22005,74.39724,100.0,2025-11-26,Kumbharwada_Sulaveli_Vagheli,50 by 10m vegetation plots and a 5 by 10m regeneration plot within
K48,ncf:ceros:atr_ktr:trees:K48,ncf:ceros:atr_ktr:trees:K48:4,Artocarpus gomezianus Wall. ex Trécul,Artocarpus gomezianus,Moraceae,Artocarpus,15.14195,74.46927,100.0,2025-12-06,Phansoli_Amboli_Kumbeli,50 by 10m vegetation plots and a 5 by 10m regeneration plot within
K49,ncf:ceros:atr_ktr:trees:K49,ncf:ceros:atr_ktr:trees:K49:25,Flemingia Roxb. ex W.T.Aiton,,Fabaceae,Flemingia,15.0245,74.4809,100.0,2025-12-06,Gund_Marda_Shimpura Gudda,50 by 10m vegetation plots and a 5 by 10m regeneration plot within
K52,ncf:ceros:atr_ktr:trees:K52,ncf:ceros:atr_ktr:trees:K52:28,Moullava spicata (Dalzell) Nicolson,Moullava spicata,Fabaceae,Moullava,15.06448,74.52105,100.0,2025-12-07,Gund_Marda_Marda,50 by 10m vegetation plots and a 5 by 10m regeneration plot within
K17,ncf:ceros:atr_ktr:trees:K17,ncf:ceros:atr_ktr:trees:K17:8,Calamus thwaitesii Becc.,Calamus thwaitesii,Arecaceae,Calamus,15.11042,74.36691,100.0,2025-11-27,Kumbharwada_Kumbharwada_Kumbharwada,50 by 10m vegetation plots and a 5 by 10m regeneration plot within
K30,ncf:ceros:atr_ktr:trees:K30,ncf:ceros:atr_ktr:trees:K30:12,Dysoxylum gotadhora (Buch.-Ham.) Mabb.,Dysoxylum gotadhora,Meliaceae,Dysoxylum,15.47372,74.33301,100.0,2025-12-01,Castlerock_Anmod_Meda,50 by 10m vegetation plots and a 5 by 10m regeneration plot within
K17,ncf:ceros:atr_ktr:trees:K17,ncf:ceros:atr_ktr:trees:K17:49,Phyllanthus emblica L.,Emblica officinalis,Phyllanthaceae,Emblica,15.11042,74.36691,100.0,2025-11-27,Kumbharwada_Kumbharwada_Kumbharwada,50 by 10m vegetation plots and a 5 by 10m regeneration plot within
K38,ncf:ceros:atr_ktr:trees:K38,ncf:ceros:atr_ktr:trees:K38:10,Colebrookea oppositifolia Sm.,Colebrookea oppositifolia,Lamiaceae,Colebrookea,15.16349,74.62148,100.0,2025-12-04,Kulgi_Kulgi_Kulgi-South,50 by 10m vegetation plots and a 5 by 10m regeneration plot within
K30,ncf:ceros:atr_ktr:trees:K30,ncf:ceros:atr_ktr:trees:K30:30,Nothopegia castaneifolia (Roth) Ding Hou,Nothopegia castaneifolia,Anacardiaceae,Nothopegia,15.47372,74.33301,100.0,2025-12-01,Castlerock_Anmod_Meda,50 by 10m vegetation plots and a 5 by 10m regeneration plot within
K14,ncf:ceros:atr_ktr:trees:K14,ncf:ceros:atr_ktr:trees:K14:2,Atalantia racemosa Wight & Arn.,Atalantia racemosa,Rutaceae,Atalantia,15.21519,74.37618,100.0,2025-11-26,Kumbharwada_Sulaveli_Sulaveli,50 by 10m vegetation plots and a 5 by 10m regeneration plot within
K31,ncf:ceros:atr_ktr:trees:K31,ncf:ceros:atr_ktr:trees:K31:39,Mammea suriga (Buch.-Ham. ex Roxb.) Kosterm.,Mammea suriga,Calophyllaceae,Mammea,15.32309,74.38428,100.0,2025-12-02,Castlerock_NA_Viral,50 by 10m vegetation plots and a 5 by 10m regeneration plot within
K11,ncf:ceros:atr_ktr:trees:K11,ncf:ceros:atr_ktr:trees:K11:50,Syzygium rubicundum Wight & Arn.,Syzygium rubicundum,Myrtaceae,Syzygium,15.24596,74.28135,100.0,2025-11-25,Kumbharwada_Diggi_Diggi,50 by 10m vegetation plots and a 5 by 10m regeneration plot within
K2,ncf:ceros:atr_ktr:trees:K2,ncf:ceros:atr_ktr:trees:K2:32,Machilus glaucescens (Nees) Wight,Machilus glaucescens,Lauraceae,Machilus,14.9607,74.37222,100.0,2025-11-22,Anshi_Badpoli_Digali,50 by 10m vegetation plots and a 5 by 10m regeneration plot within
K48,ncf:ceros:atr_ktr:trees:K48,ncf:ceros:atr_ktr:trees:K48:23,Microcos paniculata L.,Microcos paniculata,Malvaceae,Microcos,15.14195,74.46927,100.0,2025-12-06,Phansoli_Amboli_Kumbeli,50 by 10m vegetation plots and a 5 by 10m regeneration plot within
K47,ncf:ceros:atr_ktr:trees:K47,ncf:ceros:atr_ktr:trees:K47:40,Terminalia bellirica (Gaertn.) Roxb.,Terminalia bellirica,Combretaceae,Terminalia,15.12541,74.48069,100.0,2025-12-06,Phansoli_Amboli_Kumbeli,50 by 10m vegetation plots and a 5 by 10m regeneration plot within
K51,ncf:ceros:atr_ktr:trees:K51,ncf:ceros:atr_ktr:trees:K51:15,Desmos chinensis Lour.,Desmos chinensis,Annonaceae,Desmos,15.03951,74.51396,100.0,2025-12-07,Gund_Marda_Marda,50 by 10m vegetation plots and a 5 by 10m regeneration plot within
K19,ncf:ceros:atr_ktr:trees:K19,ncf:ceros:atr_ktr:trees:K19:48,Terminalia elliptica Willd.,Terminalia elliptica,Combretaceae,Terminalia,15.05663,74.45597,100.0,2025-11-27,Phansoli_Amboli_Amboli,50 by 10m vegetation plots and a 5 by 10m regeneration plot within
K15,ncf:ceros:atr_ktr:trees:K15,ncf:ceros:atr_ktr:trees:K15:38,Mimusops elengi L.,Mimusops elengi,Sapotaceae,Mimusops,15.23219,74.34004,100.0,2025-11-26,Kumbharwada_Sulaveli_Sulaveli,50 by 10m vegetation plots and a 5 by 10m regeneration plot within
K1,ncf:ceros:atr_ktr:trees:K1,ncf:ceros:atr_ktr:trees:K1:19,Diospyros candolleana Wight,Diospyros candolleana,Ebenaceae,Diospyros,14.95109,74.37002,100.0,2025-11-22,Anshi_Anshi_Badpoli,50 by 10m vegetation plots and a 5 by 10m regeneration plot within
K50,ncf:ceros:atr_ktr:trees:K50,ncf:ceros:atr_ktr:trees:K50:1,Aglaia lawii (Wight) C.J.Saldanha,Aglaia lawii,Meliaceae,Aglaia,15.02905,74.50175,100.0,2025-12-06,Gund_Ulavi_Ulavi,50 by 10m vegetation plots and a 5 by 10m regeneration plot within
K35,ncf:ceros:atr_ktr:trees:K35,ncf:ceros:atr_ktr:trees:K35:46,Piper nigrum L.,Piper nigrum,Piperaceae,Piper,15.47685,74.30104,100.0,2025-12-03,Castlerock_Karambal_Vatla,50 by 10m vegetation plots and a 5 by 10m regeneration plot within
K53,ncf:ceros:atr_ktr:trees:K53,ncf:ceros:atr_ktr:trees:K53:29,Mimusops elengi L.,Mimusops elengi,Sapotaceae,Mimusops,15.05536,74.53871,100.0,2025-12-07,Gund_Tammanagi_Shavale,50 by 10m vegetation plots and a 5 by 10m regeneration plot within
K4,ncf:ceros:atr_ktr:trees:K4,ncf:ceros:atr_ktr:trees:K4:49,Xylia xylocarpa (Roxb.) W.Theob.,Xylia xylocarpa,Fabaceae,Xylia,15.02334,74.4273,100.0,2025-11-23,Anshi_Sawanth Matkarni_Sawanth Matkarni,50 by 10m vegetation plots and a 5 by 10m regeneration plot within
K29,ncf:ceros:atr_ktr:trees:K29,ncf:ceros:atr_ktr:trees:K29:2,Anodendron parviflorum (Roxb.) I.M.Turner,Anodendron parviflorum,Apocynaceae,Anodendron,15.4885,74.34842,100.0,2025-12-01,Castlerock_Anmod_Rangarook,50 by 10m vegetation plots and a 5 by 10m regeneration plot within
K9,ncf:ceros:atr_ktr:trees:K9,ncf:ceros:atr_ktr:trees:K9:5,Beilschmiedia dalzellii (Meisn.) Kosterm.,Beilschmiedia dalzellii,Lauraceae,Beilschmiedia,15.04249,74.35,100.0,2025-11-24,Anshi_Badpoli_Lande,50 by 10m vegetation plots and a 5 by 10m regeneration plot within
K46,ncf:ceros:atr_ktr:trees:K46,ncf:ceros:atr_ktr:trees:K46:8,Glycosmis pentaphylla (Retz.) Corrêa,Glycosmis pentaphylla,Rutaceae,Glycosmis,15.14255,74.58648,100.0,2025-12-05,Phansoli_Phansoli_Phansoli,50 by 10m vegetation plots and a 5 by 10m regeneration plot within
K1,ncf:ceros:atr_ktr:trees:K1,ncf:ceros:atr_ktr:trees:K1:2,Aglaia elaeagnoidea (A.Juss.) Benth.,Aglaia elaeagnoidea,Meliaceae,Aglaia,14.95109,74.37002,100.0,2025-11-22,Anshi_Anshi_Badpoli,50 by 10m vegetation plots and a 5 by 10m regeneration plot within
K54,ncf:ceros:atr_ktr:trees:K54,ncf:ceros:atr_ktr:trees:K54:18,Spondias pinnata (L.fil.) Kurz,Spondias pinnata,Anacardiaceae,Spondias,15.06675,74.57376,100.0,2025-12-07,Gund_Tammanagi_Shavale,50 by 10m vegetation plots and a 5 by 10m regeneration plot within
K26,ncf:ceros:atr_ktr:trees:K26,ncf:ceros:atr_ktr:trees:K26:18,Embelia tsjeriam-cottam (Roem. & Schult.) A.DC.,Embelia tsjeriam-cottam,Primulaceae,Embelia,14.94972,74.29521,100.0,2025-11-29,Kadra_Bargadde_Bargadde,50 by 10m vegetation plots and a 5 by 10m regeneration plot within
K7,ncf:ceros:atr_ktr:trees:K7,ncf:ceros:atr_ktr:trees:K7:52,Symplocos racemosa Roxb.,Symplocos racemosa,Symplocaceae,Symplocos,15.09989,74.38199,100.0,2025-11-24,Anshi_Nujji_Jhalavali,50 by 10m vegetation plots and a 5 by 10m regeneration plot within
K30,ncf:ceros:atr_ktr:trees:K30,ncf:ceros:atr_ktr:trees:K30:37,Syzygium caryophyllatum (L.) Alston,Syzygium caryophyllatum,Myrtaceae,Syzygium,15.47372,74.33301,100.0,2025-12-01,Castlerock_Anmod_Meda,50 by 10m vegetation plots and a 5 by 10m regeneration plot within
K35,ncf:ceros:atr_ktr:trees:K35,ncf:ceros:atr_ktr:trees:K35:39,Mallotus philippensis (Lam.) Müll.Arg.,Mallotus philippensis,Euphorbiaceae,Mallotus,15.47685,74.30104,100.0,2025-12-03,Castlerock_Karambal_Vatla,50 by 10m vegetation plots and a 5 by 10m regeneration plot within
K6,ncf:ceros:atr_ktr:trees:K6,ncf:ceros:atr_ktr:trees:K6:34,Machilus glaucescens (Nees) Wight,Machilus glaucescens,Lauraceae,Machilus,15.01219,74.39533,100.0,2025-11-23,Anshi_Sawanth Matkarni_Sawanth Matkarni,50 by 10m vegetation plots and a 5 by 10m regeneration plot within
K49,ncf:ceros:atr_ktr:trees:K49,ncf:ceros:atr_ktr:trees:K49:45,Sapindus trifoliatus L.,Sapindus trifoliatus,Sapindaceae,Sapindus,15.0245,74.4809,100.0,2025-12-06,Gund_Marda_Shimpura Gudda,50 by 10m vegetation plots and a 5 by 10m regeneration plot within
K16,ncf:ceros:atr_ktr:trees:K16,ncf:ceros:atr_ktr:trees:K16:44,Oxyceros rugulosus (Thwaites) Tirveng.,Oxyceros rugulosus,Rubiaceae,Oxyceros,15.12424,74.32561,100.0,2025-11-27,Kumbharwada_Kundal_Keloli,50 by 10m vegetation plots and a 5 by 10m regeneration plot within
K29,ncf:ceros:atr_ktr:trees:K29,ncf:ceros:atr_ktr:trees:K29:41,Mimusops elengi L.,Mimusops elengi,Sapotaceae,Mimusops,15.4885,74.34842,100.0,2025-12-01,Castlerock_Anmod_Rangarook,50 by 10m vegetation plots and a 5 by 10m regeneration plot within
K30,ncf:ceros:atr_ktr:trees:K30,ncf:ceros:atr_ktr:trees:K30:42,Uvaria hookeri King,Uvaria hookeri,Annonaceae,Uvaria,15.47372,74.33301,100.0,2025-12-01,Castlerock_Anmod_Meda,50 by 10m vegetation plots and a 5 by 10m regeneration plot within
K16,ncf:ceros:atr_ktr:trees:K16,ncf:ceros:atr_ktr:trees:K16:30,Litsea ghatica C.J.Saldanha,Litsea ghatica,Lauraceae,Litsea,15.12424,74.32561,100.0,2025-11-27,Kumbharwada_Kundal_Keloli,50 by 10m vegetation plots and a 5 by 10m regeneration plot within
K21,ncf:ceros:atr_ktr:trees:K21,ncf:ceros:atr_ktr:trees:K21:20,Tarenna asiatica (L.) Kuntze ex K.Schum.,Tarenna asiatica,Rubiaceae,Tarenna,14.88869,74.43009,100.0,2025-11-28,Kadra_Kadra_Balemane,50 by 10m vegetation plots and a 5 by 10m regeneration plot within
K8,ncf:ceros:atr_ktr:trees:K8,ncf:ceros:atr_ktr:trees:K8:5,Beilschmiedia dalzellii (Meisn.) Kosterm.,Beilschmiedia dalzellii,Lauraceae,Beilschmiedia,15.04524,74.33066,100.0,2025-11-24,Anshi_Nujji_Nujji,50 by 10m vegetation plots and a 5 by 10m regeneration plot within
K17,ncf:ceros:atr_ktr:trees:K17,ncf:ceros:atr_ktr:trees:K17:4,Artocarpus gomezianus Wall. ex Trécul,Artocarpus gomezianus,Moraceae,Artocarpus,15.11042,74.36691,100.0,2025-11-27,Kumbharwada_Kumbharwada_Kumbharwada,50 by 10m vegetation plots and a 5 by 10m regeneration plot within
K11,ncf:ceros:atr_ktr:trees:K11,ncf:ceros:atr_ktr:trees:K11:38,Memecylon umbellatum Burm.fil.,Memecylon umbellatum,Melastomataceae,Memecylon,15.24596,74.28135,100.0,2025-11-25,Kumbharwada_Diggi_Diggi,50 by 10m vegetation plots and a 5 by 10m regeneration plot within
K34,ncf:ceros:atr_ktr:trees:K34,ncf:ceros:atr_ktr:trees:K34:40,Ixora nigricans R.Br. ex Wight & Arn.,Ixora nigricans,Rubiaceae,Ixora,15.42029,74.32832,100.0,2025-12-02,Castlerock_Anmod_Anmod-East,50 by 10m vegetation plots and a 5 by 10m regeneration plot within
K33,ncf:ceros:atr_ktr:trees:K33,ncf:ceros:atr_ktr:trees:K33:7,Calophyllum apetalum Willd.,Calophyllum apetalum,Calophyllaceae,Calophyllum,15.38466,74.34508,100.0,2025-12-02,Castlerock_Castlerock_Kalambuli,50 by 10m vegetation plots and a 5 by 10m regeneration plot within
K13,ncf:ceros:atr_ktr:trees:K13,ncf:ceros:atr_ktr:trees:K13:30,Memecylon wightii Thwaites,Memecylon wightii,Melastomataceae,Memecylon,15.22005,74.39724,100.0,2025-11-26,Kumbharwada_Sulaveli_Vagheli,50 by 10m vegetation plots and a 5 by 10m regeneration plot within
K24,ncf:ceros:atr_ktr:trees:K24,ncf:ceros:atr_ktr:trees:K24:12,Diospyros candolleana Wight,Diospyros candolleana,Ebenaceae,Diospyros,14.97144,74.31979,100.0,2025-11-29,Kadra_Bargadde_Sanake,50 by 10m vegetation plots and a 5 by 10m regeneration plot within
K51,ncf:ceros:atr_ktr:trees:K51,ncf:ceros:atr_ktr:trees:K51:24,Holigarna arnottiana Wall. ex Hook.fil.,Holigarna arnottiana,Anacardiaceae,Holigarna,15.03951,74.51396,100.0,2025-12-07,Gund_Marda_Marda,50 by 10m vegetation plots and a 5 by 10m regeneration plot within
K42,ncf:ceros:atr_ktr:trees:K42,ncf:ceros:atr_ktr:trees:K42:12,Diospyros melanoxylon Roxb.,Diospyros melanoxylon,Ebenaceae,Diospyros,15.1487,74.69531,100.0,2025-12-05,Kulgi_Kegdal_Kalabhavi,50 by 10m vegetation plots and a 5 by 10m regeneration plot within
K35,ncf:ceros:atr_ktr:trees:K35,ncf:ceros:atr_ktr:trees:K35:1,Aglaia elaeagnoidea (A.Juss.) Benth.,Aglaia elaeagnoidea,Meliaceae,Aglaia,15.47685,74.30104,100.0,2025-12-03,Castlerock_Karambal_Vatla,50 by 10m vegetation plots and a 5 by 10m regeneration plot within
K46,ncf:ceros:atr_ktr:trees:K46,ncf:ceros:atr_ktr:trees:K46:3,Catunaregam spinosa (Thunb.) Tirveng.,Catunaregam spinosa,Rubiaceae,Catunaregam,15.14255,74.58648,100.0,2025-12-05,Phansoli_Phansoli_Phansoli,50 by 10m vegetation plots and a 5 by 10m regeneration plot within
K33,ncf:ceros:atr_ktr:trees:K33,ncf:ceros:atr_ktr:trees:K33:10,Casearia graveolens Dalzell,Casearia graveolens,Salicaceae,Casearia,15.38466,74.34508,100.0,2025-12-02,Castlerock_Castlerock_Kalambuli,50 by 10m vegetation plots and a 5 by 10m regeneration plot within
K49,ncf:ceros:atr_ktr:trees:K49,ncf:ceros:atr_ktr:trees:K49:17,Catunaregam spinosa (Thunb.) Tirveng.,Catunaregam spinosa,Rubiaceae,Catunaregam,15.0245,74.4809,100.0,2025-12-06,Gund_Marda_Shimpura Gudda,50 by 10m vegetation plots and a 5 by 10m regeneration plot within
K47,ncf:ceros:atr_ktr:trees:K47,ncf:ceros:atr_ktr:trees:K47:3,Allophylus cobbe (L.) Forsyth fil.,Allophylus cobbe,Sapindaceae,Allophylus,15.12541,74.48069,100.0,2025-12-06,Phansoli_Amboli_Kumbeli,50 by 10m vegetation plots and a 5 by 10m regeneration plot within
K19,ncf:ceros:atr_ktr:trees:K19,ncf:ceros:atr_ktr:trees:K19:49,Terminalia paniculata B.Heyne ex Roth,Terminalia paniculata,Combretaceae,Terminalia,15.05663,74.45597,100.0,2025-11-27,Phansoli_Amboli_Amboli,50 by 10m vegetation plots and a 5 by 10m regeneration plot within
K31,ncf:ceros:atr_ktr:trees:K31,ncf:ceros:atr_ktr:trees:K31:52,Psychotria dalzellii Hook.f.,Psychotria dalzellii,Rubiaceae,Psychotria,15.32309,74.38428,100.0,2025-12-02,Castlerock_NA_Viral,50 by 10m vegetation plots and a 5 by 10m regeneration plot within
K28,ncf:ceros:atr_ktr:trees:K28,ncf:ceros:atr_ktr:trees:K28:21,Diospyros paniculata Dalzell,Diospyros paniculata,Ebenaceae,Diospyros,14.93541,74.35854,100.0,2025-11-30,Kadra_Kadra_Kadra-West,50 by 10m vegetation plots and a 5 by 10m regeneration plot within
K9,ncf:ceros:atr_ktr:trees:K9,ncf:ceros:atr_ktr:trees:K9:26,Machilus glaucescens (Nees) Wight,Machilus glaucescens,Lauraceae,Machilus,15.04249,74.35,100.0,2025-11-24,Anshi_Badpoli_Lande,50 by 10m vegetation plots and a 5 by 10m regeneration plot within
K34,ncf:ceros:atr_ktr:trees:K34,ncf:ceros:atr_ktr:trees:K34:49,Memecylon talbotianum Brandis,Memecylon talbotianum,Melastomataceae,Memecylon,15.42029,74.32832,100.0,2025-12-02,Castlerock_Anmod_Anmod-East,50 by 10m vegetation plots and a 5 by 10m regeneration plot within
K7,ncf:ceros:atr_ktr:trees:K7,ncf:ceros:atr_ktr:trees:K7:47,Canthium rheedei DC.,Canthium rheedei,Rubiaceae,Canthium,15.09989,74.38199,100.0,2025-11-24,Anshi_Nujji_Jhalavali,50 by 10m vegetation plots and a 5 by 10m regeneration plot within
K29,ncf:ceros:atr_ktr:trees:K29,ncf:ceros:atr_ktr:trees:K29:47,Psychotria dalzellii Hook.f.,Psychotria dalzellii,Rubiaceae,Psychotria,15.4885,74.34842,100.0,2025-12-01,Castlerock_Anmod_Rangarook,50 by 10m vegetation plots and a 5 by 10m regeneration plot within
K36,ncf:ceros:atr_ktr:trees:K36,ncf:ceros:atr_ktr:trees:K36:31,Flacourtia montana J.Graham,Flacourtia montana,Salicaceae,Flacourtia,15.48777,74.28354,100.0,2025-12-03,Castlerock_Karambal_Vatla,50 by 10m vegetation plots and a 5 by 10m regeneration plot within
K19,ncf:ceros:atr_ktr:trees:K19,ncf:ceros:atr_ktr:trees:K19:18,Elaeagnus conferta Roxb.,Elaeagnus conferta,Elaeagnaceae,Elaeagnus,15.05663,74.45597,100.0,2025-11-27,Phansoli_Amboli_Amboli,50 by 10m vegetation plots and a 5 by 10m regeneration plot within
K9,ncf:ceros:atr_ktr:trees:K9,ncf:ceros:atr_ktr:trees:K9:34,Psychotria dalzellii Hook.f.,Psychotria dalzellii,Rubiaceae,Psychotria,15.04249,74.35,100.0,2025-11-24,Anshi_Badpoli_Lande,50 by 10m vegetation plots and a 5 by 10m regeneration plot within
K14,ncf:ceros:atr_ktr:trees:K14,ncf:ceros:atr_ktr:trees:K14:24,Flacourtia montana J.Graham,Flacourtia montana,Salicaceae,Flacourtia,15.21519,74.37618,100.0,2025-11-26,Kumbharwada_Sulaveli_Sulaveli,50 by 10m vegetation plots and a 5 by 10m regeneration plot within
K4,ncf:ceros:atr_ktr:trees:K4,ncf:ceros:atr_ktr:trees:K4:20,Garcinia indica (Thouars) Choisy,Garcinia indica,Clusiaceae,Garcinia,15.02334,74.4273,100.0,2025-11-23,Anshi_Sawanth Matkarni_Sawanth Matkarni,50 by 10m vegetation plots and a 5 by 10m regeneration plot within
K6,ncf:ceros:atr_ktr:trees:K6,ncf:ceros:atr_ktr:trees:K6:28,Hopea ponga (Dennst.) Mabb.,Hopea ponga,Dipterocarpaceae,Hopea,15.01219,74.39533,100.0,2025-11-23,Anshi_Sawanth Matkarni_Sawanth Matkarni,50 by 10m vegetation plots and a 5 by 10m regeneration plot within
K43,ncf:ceros:atr_ktr:trees:K43,ncf:ceros:atr_ktr:trees:K43:13,Getonia floribunda Roxb.,Getonia floribunda,Combretaceae,Getonia,15.13126,74.6676,100.0,2025-12-05,Kulgi_Jamga_Jamga-East,50 by 10m vegetation plots and a 5 by 10m regeneration plot within
K44,ncf:ceros:atr_ktr:trees:K44,ncf:ceros:atr_ktr:trees:K44:19,Smilax L.,,Smilacaceae,Smilax,15.1191,74.68068,100.0,2025-12-05,Kulgi_Kegdal_Amga-East,50 by 10m vegetation plots and a 5 by 10m regeneration plot within
K53,ncf:ceros:atr_ktr:trees:K53,ncf:ceros:atr_ktr:trees:K53:23,Ixora brachiata Roxb.,Ixora brachiata,Rubiaceae,Ixora,15.05536,74.53871,100.0,2025-12-07,Gund_Tammanagi_Shavale,50 by 10m vegetation plots and a 5 by 10m regeneration plot within
K32,ncf:ceros:atr_ktr:trees:K32,ncf:ceros:atr_ktr:trees:K32:52,Reissantia indica (Willd.) N.Hallé,Reissantia indica,Celastraceae,Reissantia,15.34117,74.37326,100.0,2025-12-02,Castlerock_Castlerock_Populwadi,50 by 10m vegetation plots and a 5 by 10m regeneration plot within
K10,ncf:ceros:atr_ktr:trees:K10,ncf:ceros:atr_ktr:trees:K10:33,Nothapodytes nimmoniana (J.Graham) Mabb.,Nothapodytes nimmoniana,Icacinaceae,Nothapodytes,15.01108,74.35722,100.0,2025-11-24,Anshi_Badpoli_Badpoli,50 by 10m vegetation plots and a 5 by 10m regeneration plot within
K33,ncf:ceros:atr_ktr:trees:K33,ncf:ceros:atr_ktr:trees:K33:24,Gymnosporia rothiana (Walp.) M.A.Lawson,Gymnosporia rothiana,Celastraceae,Gymnosporia,15.38466,74.34508,100.0,2025-12-02,Castlerock_Castlerock_Kalambuli,50 by 10m vegetation plots and a 5 by 10m regeneration plot within
K50,ncf:ceros:atr_ktr:trees:K50,ncf:ceros:atr_ktr:trees:K50:21,Gymnosporia rothiana (Walp.) M.A.Lawson,Gymnosporia rothiana,Celastraceae,Gymnosporia,15.02905,74.50175,100.0,2025-12-06,Gund_Ulavi_Ulavi,50 by 10m vegetation plots and a 5 by 10m regeneration plot within
K19,ncf:ceros:atr_ktr:trees:K19,ncf:ceros:atr_ktr:trees:K19:35,Neolitsea foliosa (Nees) Gamble,Neolitsea foliosa,Lauraceae,Neolitsea,15.05663,74.45597,100.0,2025-11-27,Phansoli_Amboli_Amboli,50 by 10m vegetation plots and a 5 by 10m regeneration plot within
K38,ncf:ceros:atr_ktr:trees:K38,ncf:ceros:atr_ktr:trees:K38:37,Terminalia paniculata B.Heyne ex Roth,Terminalia paniculata,Combretaceae,Terminalia,15.16349,74.62148,100.0,2025-12-04,Kulgi_Kulgi_Kulgi-South,50 by 10m vegetation plots and a 5 by 10m regeneration plot within
K50,ncf:ceros:atr_ktr:trees:K50,ncf:ceros:atr_ktr:trees:K50:43,Ventilago denticulata Willd.,Ventilago denticulata,Rhamnaceae,Ventilago,15.02905,74.50175,100.0,2025-12-06,Gund_Ulavi_Ulavi,50 by 10m vegetation plots and a 5 by 10m regeneration plot within
K17,ncf:ceros:atr_ktr:trees:K17,ncf:ceros:atr_ktr:trees:K17:11,Casearia graveolens Dalzell,Casearia graveolens,Salicaceae,Casearia,15.11042,74.36691,100.0,2025-11-27,Kumbharwada_Kumbharwada_Kumbharwada,50 by 10m vegetation plots and a 5 by 10m regeneration plot within
K3,ncf:ceros:atr_ktr:trees:K3,ncf:ceros:atr_ktr:trees:K3:13,Calophyllum apetalum Willd.,Calophyllum apetalum,Calophyllaceae,Calophyllum,15.02369,74.45427,100.0,2025-11-23,Anshi_Sawanth Matkarni_Sawanth Matkarni,50 by 10m vegetation plots and a 5 by 10m regeneration plot within
K35,ncf:ceros:atr_ktr:trees:K35,ncf:ceros:atr_ktr:trees:K35:51,Sterculia guttata Roxb.,Sterculia guttata,Malvaceae,Sterculia,15.47685,74.30104,100.0,2025-12-03,Castlerock_Karambal_Vatla,50 by 10m vegetation plots and a 5 by 10m regeneration plot within
K30,ncf:ceros:atr_ktr:trees:K30,ncf:ceros:atr_ktr:trees:K30:6,Careya arborea Roxb.,Careya arborea,Lecythidaceae,Careya,15.47372,74.33301,100.0,2025-12-01,Castlerock_Anmod_Meda,50 by 10m vegetation plots and a 5 by 10m regeneration plot within
K43,ncf:ceros:atr_ktr:trees:K43,ncf:ceros:atr_ktr:trees:K43:15,Holarrhena pubescens (Buch.-Ham.) Wall. ex G.Don,Holarrhena pubescens,Apocynaceae,Holarrhena,15.13126,74.6676,100.0,2025-12-05,Kulgi_Jamga_Jamga-East,50 by 10m vegetation plots and a 5 by 10m regeneration plot within
K29,ncf:ceros:atr_ktr:trees:K29,ncf:ceros:atr_ktr:trees:K29:54,Syzygium cumini (L.) Skeels,Syzygium cumini,Myrtaceae,Syzygium,15.4885,74.34842,100.0,2025-12-01,Castlerock_Anmod_Rangarook,50 by 10m vegetation plots and a 5 by 10m regeneration plot within
K3,ncf:ceros:atr_ktr:trees:K3,ncf:ceros:atr_ktr:trees:K3:56,Tabernaemontana alternifolia L.,Tabernaemontana alternifolia,Apocynaceae,Tabernaemontana,15.02369,74.45427,100.0,2025-11-23,Anshi_Sawanth Matkarni_Sawanth Matkarni,50 by 10m vegetation plots and a 5 by 10m regeneration plot within
K13,ncf:ceros:atr_ktr:trees:K13,ncf:ceros:atr_ktr:trees:K13:29,Memecylon umbellatum Burm.fil.,Memecylon umbellatum,Melastomataceae,Memecylon,15.22005,74.39724,100.0,2025-11-26,Kumbharwada_Sulaveli_Vagheli,50 by 10m vegetation plots and a 5 by 10m regeneration plot within
K31,ncf:ceros:atr_ktr:trees:K31,ncf:ceros:atr_ktr:trees:K31:38,Mallotus philippensis (Lam.) Müll.Arg.,Mallotus philippensis,Euphorbiaceae,Mallotus,15.32309,74.38428,100.0,2025-12-02,Castlerock_NA_Viral,50 by 10m vegetation plots and a 5 by 10m regeneration plot within
K10,ncf:ceros:atr_ktr:trees:K10,ncf:ceros:atr_ktr:trees:K10:29,Litsea ghatica C.J.Saldanha,Litsea ghatica,Lauraceae,Litsea,15.01108,74.35722,100.0,2025-11-24,Anshi_Badpoli_Badpoli,50 by 10m vegetation plots and a 5 by 10m regeneration plot within
K34,ncf:ceros:atr_ktr:trees:K34,ncf:ceros:atr_ktr:trees:K34:46,Mallotus philippensis (Lam.) Müll.Arg.,Mallotus philippensis,Euphorbiaceae,Mallotus,15.42029,74.32832,100.0,2025-12-02,Castlerock_Anmod_Anmod-East,50 by 10m vegetation plots and a 5 by 10m regeneration plot within
K7,ncf:ceros:atr_ktr:trees:K7,ncf:ceros:atr_ktr:trees:K7:26,Eugenia macrosepala Duthie,Eugenia macrosepala,Myrtaceae,Eugenia,15.09989,74.38199,100.0,2025-11-24,Anshi_Nujji_Jhalavali,50 by 10m vegetation plots and a 5 by 10m regeneration plot within
K16,ncf:ceros:atr_ktr:trees:K16,ncf:ceros:atr_ktr:trees:K16:27,Ixora nigricans R.Br. ex Wight & Arn.,Ixora nigricans,Rubiaceae,Ixora,15.12424,74.32561,100.0,2025-11-27,Kumbharwada_Kundal_Keloli,50 by 10m vegetation plots and a 5 by 10m regeneration plot within
K5,ncf:ceros:atr_ktr:trees:K5,ncf:ceros:atr_ktr:trees:K5:15,Diospyros paniculata Dalzell,Diospyros paniculata,Ebenaceae,Diospyros,14.98514,74.37265,100.0,2025-11-23,Anshi_Anshi_Anshi,50 by 10m vegetation plots and a 5 by 10m regeneration plot within
K17,ncf:ceros:atr_ktr:trees:K17,ncf:ceros:atr_ktr:trees:K17:10,Caryota urens L.,Caryota urens,Arecaceae,Caryota,15.11042,74.36691,100.0,2025-11-27,Kumbharwada_Kumbharwada_Kumbharwada,50 by 10m vegetation plots and a 5 by 10m regeneration plot within
K44,ncf:ceros:atr_ktr:trees:K44,ncf:ceros:atr_ktr:trees:K44:20,Syzygium cumini (L.) Skeels,Syzygium cumini,Myrtaceae,Syzygium,15.1191,74.68068,100.0,2025-12-05,Kulgi_Kegdal_Amga-East,50 by 10m vegetation plots and a 5 by 10m regeneration plot within
K39,ncf:ceros:atr_ktr:trees:K39,ncf:ceros:atr_ktr:trees:K39:28,Spondias pinnata (L.fil.) Kurz,Spondias pinnata,Anacardiaceae,Spondias,15.15024,74.62002,100.0,2025-12-04,Kulgi_Kulgi_Kulgi-South,50 by 10m vegetation plots and a 5 by 10m regeneration plot within
K13,ncf:ceros:atr_ktr:trees:K13,ncf:ceros:atr_ktr:trees:K13:33,Murraya koenigii (L.) Spreng.,Murraya koenigii,Rutaceae,Murraya,15.22005,74.39724,100.0,2025-11-26,Kumbharwada_Sulaveli_Vagheli,50 by 10m vegetation plots and a 5 by 10m regeneration plot within
K6,ncf:ceros:atr_ktr:trees:K6,ncf:ceros:atr_ktr:trees:K6:16,Diospyros montana Roxb.,Diospyros montana,Ebenaceae,Diospyros,15.01219,74.39533,100.0,2025-11-23,Anshi_Sawanth Matkarni_Sawanth Matkarni,50 by 10m vegetation plots and a 5 by 10m regeneration plot within
K38,ncf:ceros:atr_ktr:trees:K38,ncf:ceros:atr_ktr:trees:K38:2,Poaceae,,Poaceae,,15.16349,74.62148,100.0,2025-12-04,Kulgi_Kulgi_Kulgi-South,50 by 10m vegetation plots and a 5 by 10m regeneration plot within
K49,ncf:ceros:atr_ktr:trees:K49,ncf:ceros:atr_ktr:trees:K49:23,Elaeagnus conferta Roxb.,Elaeagnus conferta,Elaeagnaceae,Elaeagnus,15.0245,74.4809,100.0,2025-12-06,Gund_Marda_Shimpura Gudda,50 by 10m vegetation plots and a 5 by 10m regeneration plot within
K50,ncf:ceros:atr_ktr:trees:K50,ncf:ceros:atr_ktr:trees:K50:33,Mimusops elengi L.,Mimusops elengi,Sapotaceae,Mimusops,15.02905,74.50175,100.0,2025-12-06,Gund_Ulavi_Ulavi,50 by 10m vegetation plots and a 5 by 10m regeneration plot within
K32,ncf:ceros:atr_ktr:trees:K32,ncf:ceros:atr_ktr:trees:K32:39,Mammea suriga (Buch.-Ham. ex Roxb.) Kosterm.,Mammea suriga,Calophyllaceae,Mammea,15.34117,74.37326,100.0,2025-12-02,Castlerock_Castlerock_Populwadi,50 by 10m vegetation plots and a 5 by 10m regeneration plot within
K18,ncf:ceros:atr_ktr:trees:K18,ncf:ceros:atr_ktr:trees:K18:19,Ixora nigricans R.Br. ex Wight & Arn.,Ixora nigricans,Rubiaceae,Ixora,15.09507,74.42705,100.0,2025-11-27,Kumbharwada_Kumbharwada_Kalsai,50 by 10m vegetation plots and a 5 by 10m regeneration plot within
K43,ncf:ceros:atr_ktr:trees:K43,ncf:ceros:atr_ktr:trees:K43:24,Tectona grandis L.f.,Tectona grandis,Lamiaceae,Tectona,15.13126,74.6676,100.0,2025-12-05,Kulgi_Jamga_Jamga-East,50 by 10m vegetation plots and a 5 by 10m regeneration plot within
K48,ncf:ceros:atr_ktr:trees:K48,ncf:ceros:atr_ktr:trees:K48:7,Careya arborea Roxb.,Careya arborea,Lecythidaceae,Careya,15.14195,74.46927,100.0,2025-12-06,Phansoli_Amboli_Kumbeli,50 by 10m vegetation plots and a 5 by 10m regeneration plot within
K33,ncf:ceros:atr_ktr:trees:K33,ncf:ceros:atr_ktr:trees:K33:52,Tabernaemontana alternifolia L.,Tabernaemontana alternifolia,Apocynaceae,Tabernaemontana,15.38466,74.34508,100.0,2025-12-02,Castlerock_Castlerock_Kalambuli,50 by 10m vegetation plots and a 5 by 10m regeneration plot within
K32,ncf:ceros:atr_ktr:trees:K32,ncf:ceros:atr_ktr:trees:K32:42,Memecylon talbotianum Brandis,Memecylon talbotianum,Melastomataceae,Memecylon,15.34117,74.37326,100.0,2025-12-02,Castlerock_Castlerock_Populwadi,50 by 10m vegetation plots and a 5 by 10m regeneration plot within
K19,ncf:ceros:atr_ktr:trees:K19,ncf:ceros:atr_ktr:trees:K19:17,Diploclisia glaucescens (Blume) Diels,Diploclisia glaucescens,Menispermaceae,Diploclisia,15.05663,74.45597,100.0,2025-11-27,Phansoli_Amboli_Amboli,50 by 10m vegetation plots and a 5 by 10m regeneration plot within
K43,ncf:ceros:atr_ktr:trees:K43,ncf:ceros:atr_ktr:trees:K43:3,Casearia tomentosa Roxb.,Casearia tomentosa,Salicaceae,Casearia,15.13126,74.6676,100.0,2025-12-05,Kulgi_Jamga_Jamga-East,50 by 10m vegetation plots and a 5 by 10m regeneration plot within
K5,ncf:ceros:atr_ktr:trees:K5,ncf:ceros:atr_ktr:trees:K5:45,Syzygium cumini (L.) Skeels,Syzygium cumini,Myrtaceae,Syzygium,14.98514,74.37265,100.0,2025-11-23,Anshi_Anshi_Anshi,50 by 10m vegetation plots and a 5 by 10m regeneration plot within
K4,ncf:ceros:atr_ktr:trees:K4,ncf:ceros:atr_ktr:trees:K4:3,Aphanamixis polystachya (Wall.) R.Parker,Aphanamixis polystachya,Meliaceae,Aphanamixis,15.02334,74.4273,100.0,2025-11-23,Anshi_Sawanth Matkarni_Sawanth Matkarni,50 by 10m vegetation plots and a 5 by 10m regeneration plot within
K19,ncf:ceros:atr_ktr:trees:K19,ncf:ceros:atr_ktr:trees:K19:45,Syzygium cumini (L.) Skeels,Syzygium cumini,Myrtaceae,Syzygium,15.05663,74.45597,100.0,2025-11-27,Phansoli_Amboli_Amboli,50 by 10m vegetation plots and a 5 by 10m regeneration plot within
K24,ncf:ceros:atr_ktr:trees:K24,ncf:ceros:atr_ktr:trees:K24:4,Ardisia humilis Vahl,Ardisia humilis,Primulaceae,Ardisia,14.97144,74.31979,100.0,2025-11-29,Kadra_Bargadde_Sanake,50 by 10m vegetation plots and a 5 by 10m regeneration plot within
K35,ncf:ceros:atr_ktr:trees:K35,ncf:ceros:atr_ktr:trees:K35:19,Erycibe paniculata Roxb.,Erycibe paniculata,Convolvulaceae,Erycibe,15.47685,74.30104,100.0,2025-12-03,Castlerock_Karambal_Vatla,50 by 10m vegetation plots and a 5 by 10m regeneration plot within
K52,ncf:ceros:atr_ktr:trees:K52,ncf:ceros:atr_ktr:trees:K52:33,Tabernaemontana alternifolia L.,Tabernaemontana alternifolia,Apocynaceae,Tabernaemontana,15.06448,74.52105,100.0,2025-12-07,Gund_Marda_Marda,50 by 10m vegetation plots and a 5 by 10m regeneration plot within
K35,ncf:ceros:atr_ktr:trees:K35,ncf:ceros:atr_ktr:trees:K35:34,Litsea coriacea (Nees) Hook.fil.,Litsea coriacea,Lauraceae,Litsea,15.47685,74.30104,100.0,2025-12-03,Castlerock_Karambal_Vatla,50 by 10m vegetation plots and a 5 by 10m regeneration plot within
K32,ncf:ceros:atr_ktr:trees:K32,ncf:ceros:atr_ktr:trees:K32:11,Casearia graveolens Dalzell,Casearia graveolens,Salicaceae,Casearia,15.34117,74.37326,100.0,2025-12-02,Castlerock_Castlerock_Populwadi,50 by 10m vegetation plots and a 5 by 10m regeneration plot within
K55,ncf:ceros:atr_ktr:trees:K55,ncf:ceros:atr_ktr:trees:K55:31,Syzygium cumini (L.) Skeels,Syzygium cumini,Myrtaceae,Syzygium,15.07023,74.53669,100.0,2025-12-07,Gund_Gund_Gund,50 by 10m vegetation plots and a 5 by 10m regeneration plot within
K7,ncf:ceros:atr_ktr:trees:K7,ncf:ceros:atr_ktr:trees:K7:40,Memecylon talbotianum Brandis,Memecylon talbotianum,Melastomataceae,Memecylon,15.09989,74.38199,100.0,2025-11-24,Anshi_Nujji_Jhalavali,50 by 10m vegetation plots and a 5 by 10m regeneration plot within
K6,ncf:ceros:atr_ktr:trees:K6,ncf:ceros:atr_ktr:trees:K6:48,Strychnos L.,,Loganiaceae,Strychnos,15.01219,74.39533,100.0,2025-11-23,Anshi_Sawanth Matkarni_Sawanth Matkarni,50 by 10m vegetation plots and a 5 by 10m regeneration plot within
K6,ncf:ceros:atr_ktr:trees:K6,ncf:ceros:atr_ktr:trees:K6:26,Heynea trijuga Roxb.,Heynea trijuga,Meliaceae,Heynea,15.01219,74.39533,100.0,2025-11-23,Anshi_Sawanth Matkarni_Sawanth Matkarni,50 by 10m vegetation plots and a 5 by 10m regeneration plot within
K40,ncf:ceros:atr_ktr:trees:K40,ncf:ceros:atr_ktr:trees:K40:3,Careya arborea Roxb.,Careya arborea,Lecythidaceae,Careya,15.13301,74.62137,100.0,2025-12-04,Kulgi_Kulgi_Amgaon,50 by 10m vegetation plots and a 5 by 10m regeneration plot within
K42,ncf:ceros:atr_ktr:trees:K42,ncf:ceros:atr_ktr:trees:K42:22,Ougeinia oojeinensis (Roxb.) Hochr.,Ougeinia oojeinensis,Fabaceae,Ougeinia,15.1487,74.69531,100.0,2025-12-05,Kulgi_Kegdal_Kalabhavi,50 by 10m vegetation plots and a 5 by 10m regeneration plot within
K13,ncf:ceros:atr_ktr:trees:K13,ncf:ceros:atr_ktr:trees:K13:35,Tetrapilus dioicus (Roxb.) L.A.S.Johnson,Tetrapilus dioicus,Oleaceae,Tetrapilus,15.22005,74.39724,100.0,2025-11-26,Kumbharwada_Sulaveli_Vagheli,50 by 10m vegetation plots and a 5 by 10m regeneration plot within
K6,ncf:ceros:atr_ktr:trees:K6,ncf:ceros:atr_ktr:trees:K6:37,Memecylon talbotianum Brandis,Memecylon talbotianum,Melastomataceae,Memecylon,15.01219,74.39533,100.0,2025-11-23,Anshi_Sawanth Matkarni_Sawanth Matkarni,50 by 10m vegetation plots and a 5 by 10m regeneration plot within
K20,ncf:ceros:atr_ktr:trees:K20,ncf:ceros:atr_ktr:trees:K20:9,Dillenia pentagyna Roxb.,Dillenia pentagyna,Dilleniaceae,Dillenia,14.8929,74.46011,100.0,2025-11-28,Kadra_Kadra_Balemane,50 by 10m vegetation plots and a 5 by 10m regeneration plot within
K50,ncf:ceros:atr_ktr:trees:K50,ncf:ceros:atr_ktr:trees:K50:29,Mallotus philippensis (Lam.) Müll.Arg.,Mallotus philippensis,Euphorbiaceae,Mallotus,15.02905,74.50175,100.0,2025-12-06,Gund_Ulavi_Ulavi,50 by 10m vegetation plots and a 5 by 10m regeneration plot within
K53,ncf:ceros:atr_ktr:trees:K53,ncf:ceros:atr_ktr:trees:K53:16,Diospyros montana Roxb.,Diospyros montana,Ebenaceae,Diospyros,15.05536,74.53871,100.0,2025-12-07,Gund_Tammanagi_Shavale,50 by 10m vegetation plots and a 5 by 10m regeneration plot within
K36,ncf:ceros:atr_ktr:trees:K36,ncf:ceros:atr_ktr:trees:K36:5,Beilschmiedia dalzellii (Meisn.) Kosterm.,Beilschmiedia dalzellii,Lauraceae,Beilschmiedia,15.48777,74.28354,100.0,2025-12-03,Castlerock_Karambal_Vatla,50 by 10m vegetation plots and a 5 by 10m regeneration plot within
K44,ncf:ceros:atr_ktr:trees:K44,ncf:ceros:atr_ktr:trees:K44:12,Flacourtia indica (Burm.fil.) Merr.,Flacourtia indica,Salicaceae,Flacourtia,15.1191,74.68068,100.0,2025-12-05,Kulgi_Kegdal_Amga-East,50 by 10m vegetation plots and a 5 by 10m regeneration plot within
K33,ncf:ceros:atr_ktr:trees:K33,ncf:ceros:atr_ktr:trees:K33:39,Mimusops elengi L.,Mimusops elengi,Sapotaceae,Mimusops,15.38466,74.34508,100.0,2025-12-02,Castlerock_Castlerock_Kalambuli,50 by 10m vegetation plots and a 5 by 10m regeneration plot within
K7,ncf:ceros:atr_ktr:trees:K7,ncf:ceros:atr_ktr:trees:K7:24,Diploclisia glaucescens (Blume) Diels,Diploclisia glaucescens,Menispermaceae,Diploclisia,15.09989,74.38199,100.0,2025-11-24,Anshi_Nujji_Jhalavali,50 by 10m vegetation plots and a 5 by 10m regeneration plot within
K35,ncf:ceros:atr_ktr:trees:K35,ncf:ceros:atr_ktr:trees:K35:30,Ixora nigricans R.Br. ex Wight & Arn.,Ixora nigricans,Rubiaceae,Ixora,15.47685,74.30104,100.0,2025-12-03,Castlerock_Karambal_Vatla,50 by 10m vegetation plots and a 5 by 10m regeneration plot within
K25,ncf:ceros:atr_ktr:trees:K25,ncf:ceros:atr_ktr:trees:K25:23,Macaranga peltata (Roxb.) Müll.Arg.,Macaranga peltata,Euphorbiaceae,Macaranga,14.95361,74.31835,100.0,2025-11-29,Kadra_Bargadde_Bargadde,50 by 10m vegetation plots and a 5 by 10m regeneration plot within
K26,ncf:ceros:atr_ktr:trees:K26,ncf:ceros:atr_ktr:trees:K26:4,Aporosa cardiosperma (Gaertn.) Merr.,Aporosa cardiosperma,Phyllanthaceae,Aporosa,14.94972,74.29521,100.0,2025-11-29,Kadra_Bargadde_Bargadde,50 by 10m vegetation plots and a 5 by 10m regeneration plot within
K28,ncf:ceros:atr_ktr:trees:K28,ncf:ceros:atr_ktr:trees:K28:14,Connarus monocarpus (L.) Wight & Arn.,,Connaraceae,,14.93541,74.35854,100.0,2025-11-30,Kadra_Kadra_Kadra-West,50 by 10m vegetation plots and a 5 by 10m regeneration plot within
K9,ncf:ceros:atr_ktr:trees:K9,ncf:ceros:atr_ktr:trees:K9:30,Memecylon talbotianum Brandis,Memecylon talbotianum,Melastomataceae,Memecylon,15.04249,74.35,100.0,2025-11-24,Anshi_Badpoli_Lande,50 by 10m vegetation plots and a 5 by 10m regeneration plot within
K53,ncf:ceros:atr_ktr:trees:K53,ncf:ceros:atr_ktr:trees:K53:20,Ficus callosa Willd.,Ficus callosa,Moraceae,Ficus,15.05536,74.53871,100.0,2025-12-07,Gund_Tammanagi_Shavale,50 by 10m vegetation plots and a 5 by 10m regeneration plot within
K2,ncf:ceros:atr_ktr:trees:K2,ncf:ceros:atr_ktr:trees:K2:11,Connarus wightii Hook.fil.,Connarus wightii,Connaraceae,Connarus,14.9607,74.37222,100.0,2025-11-22,Anshi_Badpoli_Digali,50 by 10m vegetation plots and a 5 by 10m regeneration plot within
K26,ncf:ceros:atr_ktr:trees:K26,ncf:ceros:atr_ktr:trees:K26:50,Zanthoxylum rhetsa (Roxb.) DC.,Zanthoxylum rhetsa,Rutaceae,Zanthoxylum,14.94972,74.29521,100.0,2025-11-29,Kadra_Bargadde_Bargadde,50 by 10m vegetation plots and a 5 by 10m regeneration plot within
K28,ncf:ceros:atr_ktr:trees:K28,ncf:ceros:atr_ktr:trees:K28:19,Diospyros candolleana Wight,Diospyros candolleana,Ebenaceae,Diospyros,14.93541,74.35854,100.0,2025-11-30,Kadra_Kadra_Kadra-West,50 by 10m vegetation plots and a 5 by 10m regeneration plot within
K42,ncf:ceros:atr_ktr:trees:K42,ncf:ceros:atr_ktr:trees:K42:18,Khaya senegalensis (Desv.) A.Juss.,Khaya senegalensis,Meliaceae,Khaya,15.1487,74.69531,100.0,2025-12-05,Kulgi_Kegdal_Kalabhavi,50 by 10m vegetation plots and a 5 by 10m regeneration plot within
K32,ncf:ceros:atr_ktr:trees:K32,ncf:ceros:atr_ktr:trees:K32:13,Cinnamomum Schaeff.,,Lauraceae,Cinnamomum,15.34117,74.37326,100.0,2025-12-02,Castlerock_Castlerock_Populwadi,50 by 10m vegetation plots and a 5 by 10m regeneration plot within
K49,ncf:ceros:atr_ktr:trees:K49,ncf:ceros:atr_ktr:trees:K49:50,Syzygium cumini (L.) Skeels,Syzygium cumini,Myrtaceae,Syzygium,15.0245,74.4809,100.0,2025-12-06,Gund_Marda_Shimpura Gudda,50 by 10m vegetation plots and a 5 by 10m regeneration plot within
K28,ncf:ceros:atr_ktr:trees:K28,ncf:ceros:atr_ktr:trees:K28:35,Knema attenuata (Hook.fil. & Thomson) Warb.,Knema attenuata,Myristicaceae,Knema,14.93541,74.35854,100.0,2025-11-30,Kadra_Kadra_Kadra-West,50 by 10m vegetation plots and a 5 by 10m regeneration plot within
K15,ncf:ceros:atr_ktr:trees:K15,ncf:ceros:atr_ktr:trees:K15:2,Allophylus cobbe (L.) Forsyth fil.,Allophylus cobbe,Sapindaceae,Allophylus,15.23219,74.34004,100.0,2025-11-26,Kumbharwada_Sulaveli_Sulaveli,50 by 10m vegetation plots and a 5 by 10m regeneration plot within
K31,ncf:ceros:atr_ktr:trees:K31,ncf:ceros:atr_ktr:trees:K31:37,Machilus glaucescens (Nees) Wight,Machilus glaucescens,Lauraceae,Machilus,15.32309,74.38428,100.0,2025-12-02,Castlerock_NA_Viral,50 by 10m vegetation plots and a 5 by 10m regeneration plot within
K36,ncf:ceros:atr_ktr:trees:K36,ncf:ceros:atr_ktr:trees:K36:38,Hydnocarpus pentandrus (Buch.-Ham.) Oken,Hydnocarpus pentandrus,Achariaceae,Hydnocarpus,15.48777,74.28354,100.0,2025-12-03,Castlerock_Karambal_Vatla,50 by 10m vegetation plots and a 5 by 10m regeneration plot within
K27,ncf:ceros:atr_ktr:trees:K27,ncf:ceros:atr_ktr:trees:K27:21,Eugenia macrosepala Duthie,Eugenia macrosepala,Myrtaceae,Eugenia,14.92656,74.35452,100.0,2025-11-29,Kadra_Kadra_Kadra-West,50 by 10m vegetation plots and a 5 by 10m regeneration plot within
K32,ncf:ceros:atr_ktr:trees:K32,ncf:ceros:atr_ktr:trees:K32:31,Holigarna grahamii (Wight) Kurz,Holigarna grahamii,Anacardiaceae,Holigarna,15.34117,74.37326,100.0,2025-12-02,Castlerock_Castlerock_Populwadi,50 by 10m vegetation plots and a 5 by 10m regeneration plot within
K29,ncf:ceros:atr_ktr:trees:K29,ncf:ceros:atr_ktr:trees:K29:45,Piper nigrum L.,Piper nigrum,Piperaceae,Piper,15.4885,74.34842,100.0,2025-12-01,Castlerock_Anmod_Rangarook,50 by 10m vegetation plots and a 5 by 10m regeneration plot within
K1,ncf:ceros:atr_ktr:trees:K1,ncf:ceros:atr_ktr:trees:K1:35,Ixora brachiata Roxb.,Ixora brachiata,Rubiaceae,Ixora,14.95109,74.37002,100.0,2025-11-22,Anshi_Anshi_Badpoli,50 by 10m vegetation plots and a 5 by 10m regeneration plot within
K52,ncf:ceros:atr_ktr:trees:K52,ncf:ceros:atr_ktr:trees:K52:15,Colebrookea oppositifolia Sm.,Colebrookea oppositifolia,Lamiaceae,Colebrookea,15.06448,74.52105,100.0,2025-12-07,Gund_Marda_Marda,50 by 10m vegetation plots and a 5 by 10m regeneration plot within
K45,ncf:ceros:atr_ktr:trees:K45,ncf:ceros:atr_ktr:trees:K45:17,Mallotus philippensis (Lam.) Müll.Arg.,Mallotus philippensis,Euphorbiaceae,Mallotus,15.12909,74.59881,100.0,2025-12-05,Phansoli_Phansoli_Phansoli,50 by 10m vegetation plots and a 5 by 10m regeneration plot within
K2,ncf:ceros:atr_ktr:trees:K2,ncf:ceros:atr_ktr:trees:K2:41,Rourea minor (Gaertn.) Alston,Rourea minor,Connaraceae,Rourea,14.9607,74.37222,100.0,2025-11-22,Anshi_Badpoli_Digali,50 by 10m vegetation plots and a 5 by 10m regeneration plot within
K46,ncf:ceros:atr_ktr:trees:K46,ncf:ceros:atr_ktr:trees:K46:18,Sapindus trifoliatus L.,Sapindus trifoliatus,Sapindaceae,Sapindus,15.14255,74.58648,100.0,2025-12-05,Phansoli_Phansoli_Phansoli,50 by 10m vegetation plots and a 5 by 10m regeneration plot within
K25,ncf:ceros:atr_ktr:trees:K25,ncf:ceros:atr_ktr:trees:K25:37,Strychnos nux-vomica L.,Strychnos nux-vomica,Loganiaceae,Strychnos,14.95361,74.31835,100.0,2025-11-29,Kadra_Bargadde_Bargadde,50 by 10m vegetation plots and a 5 by 10m regeneration plot within
K34,ncf:ceros:atr_ktr:trees:K34,ncf:ceros:atr_ktr:trees:K34:61,Rourea minor (Gaertn.) Alston,Rourea minor,Connaraceae,Rourea,15.42029,74.32832,100.0,2025-12-02,Castlerock_Anmod_Anmod-East,50 by 10m vegetation plots and a 5 by 10m regeneration plot within
K23,ncf:ceros:atr_ktr:trees:K23,ncf:ceros:atr_ktr:trees:K23:11,Heterophragma quadriloculare (Roxb.) K.Schum.,Heterophragma quadriloculare,Bignoniaceae,Heterophragma,14.92281,74.33555,100.0,2025-11-28,Kadra_Kadra_Kadra-West,50 by 10m vegetation plots and a 5 by 10m regeneration plot within
K17,ncf:ceros:atr_ktr:trees:K17,ncf:ceros:atr_ktr:trees:K17:21,Eugenia macrosepala Duthie,Eugenia macrosepala,Myrtaceae,Eugenia,15.11042,74.36691,100.0,2025-11-27,Kumbharwada_Kumbharwada_Kumbharwada,50 by 10m vegetation plots and a 5 by 10m regeneration plot within
K27,ncf:ceros:atr_ktr:trees:K27,ncf:ceros:atr_ktr:trees:K27:19,Dracaena terniflora Roxb.,Dracaena elliptica,Asparagaceae,Dracaena,14.92656,74.35452,100.0,2025-11-29,Kadra_Kadra_Kadra-West,50 by 10m vegetation plots and a 5 by 10m regeneration plot within
K28,ncf:ceros:atr_ktr:trees:K28,ncf:ceros:atr_ktr:trees:K28:12,Chassalia curviflora (Wall.) Thwaites,Chassalia curviflora,Rubiaceae,Chassalia,14.93541,74.35854,100.0,2025-11-30,Kadra_Kadra_Kadra-West,50 by 10m vegetation plots and a 5 by 10m regeneration plot within
K44,ncf:ceros:atr_ktr:trees:K44,ncf:ceros:atr_ktr:trees:K44:5,Careya arborea Roxb.,Careya arborea,Lecythidaceae,Careya,15.1191,74.68068,100.0,2025-12-05,Kulgi_Kegdal_Amga-East,50 by 10m vegetation plots and a 5 by 10m regeneration plot within
K14,ncf:ceros:atr_ktr:trees:K14,ncf:ceros:atr_ktr:trees:K14:23,Ficus hispida L.fil.,Ficus hispida,Moraceae,Ficus,15.21519,74.37618,100.0,2025-11-26,Kumbharwada_Sulaveli_Sulaveli,50 by 10m vegetation plots and a 5 by 10m regeneration plot within
K8,ncf:ceros:atr_ktr:trees:K8,ncf:ceros:atr_ktr:trees:K8:19,Glycosmis pentaphylla (Retz.) Corrêa,Glycosmis pentaphylla,Rutaceae,Glycosmis,15.04524,74.33066,100.0,2025-11-24,Anshi_Nujji_Nujji,50 by 10m vegetation plots and a 5 by 10m regeneration plot within
K20,ncf:ceros:atr_ktr:trees:K20,ncf:ceros:atr_ktr:trees:K20:10,Embelia tsjeriam-cottam (Roem. & Schult.) A.DC.,Embelia tsjeriam-cottam,Primulaceae,Embelia,14.8929,74.46011,100.0,2025-11-28,Kadra_Kadra_Balemane,50 by 10m vegetation plots and a 5 by 10m regeneration plot within
K10,ncf:ceros:atr_ktr:trees:K10,ncf:ceros:atr_ktr:trees:K10:42,Salacia beddomei Gamble,Salacia beddomei,Celastraceae,Salacia,15.01108,74.35722,100.0,2025-11-24,Anshi_Badpoli_Badpoli,50 by 10m vegetation plots and a 5 by 10m regeneration plot within
K29,ncf:ceros:atr_ktr:trees:K29,ncf:ceros:atr_ktr:trees:K29:24,Garcinia indica (Thouars) Choisy,Garcinia indica,Clusiaceae,Garcinia,15.4885,74.34842,100.0,2025-12-01,Castlerock_Anmod_Rangarook,50 by 10m vegetation plots and a 5 by 10m regeneration plot within
K36,ncf:ceros:atr_ktr:trees:K36,ncf:ceros:atr_ktr:trees:K36:34,Gnetum edule (Willd.) Blume,Gnetum edule,Gnetaceae,Gnetum,15.48777,74.28354,100.0,2025-12-03,Castlerock_Karambal_Vatla,50 by 10m vegetation plots and a 5 by 10m regeneration plot within
K54,ncf:ceros:atr_ktr:trees:K54,ncf:ceros:atr_ktr:trees:K54:22,Tabernaemontana alternifolia L.,Tabernaemontana alternifolia,Apocynaceae,Tabernaemontana,15.06675,74.57376,100.0,2025-12-07,Gund_Tammanagi_Shavale,50 by 10m vegetation plots and a 5 by 10m regeneration plot within
K33,ncf:ceros:atr_ktr:trees:K33,ncf:ceros:atr_ktr:trees:K33:15,Diospyros ferrea (Willd.) Bakh.,Diospyros ferrea,Ebenaceae,Diospyros,15.38466,74.34508,100.0,2025-12-02,Castlerock_Castlerock_Kalambuli,50 by 10m vegetation plots and a 5 by 10m regeneration plot within
K29,ncf:ceros:atr_ktr:trees:K29,ncf:ceros:atr_ktr:trees:K29:19,Dracaena terniflora Roxb.,Dracaena elliptica,Asparagaceae,Dracaena,15.4885,74.34842,100.0,2025-12-01,Castlerock_Anmod_Rangarook,50 by 10m vegetation plots and a 5 by 10m regeneration plot within
K11,ncf:ceros:atr_ktr:trees:K11,ncf:ceros:atr_ktr:trees:K11:12,Dichapetalum gelonioides (Roxb.) Engl.,Dichapetalum gelonioides,Dichapetalaceae,Dichapetalum,15.24596,74.28135,100.0,2025-11-25,Kumbharwada_Diggi_Diggi,50 by 10m vegetation plots and a 5 by 10m regeneration plot within
K28,ncf:ceros:atr_ktr:trees:K28,ncf:ceros:atr_ktr:trees:K28:38,Luvunga sarmentosa (Blume) Kurz,Luvunga sarmentosa,Rutaceae,Luvunga,14.93541,74.35854,100.0,2025-11-30,Kadra_Kadra_Kadra-West,50 by 10m vegetation plots and a 5 by 10m regeneration plot within
K50,ncf:ceros:atr_ktr:trees:K50,ncf:ceros:atr_ktr:trees:K50:14,Cinnamomum Schaeff.,,Lauraceae,Cinnamomum,15.02905,74.50175,100.0,2025-12-06,Gund_Ulavi_Ulavi,50 by 10m vegetation plots and a 5 by 10m regeneration plot within
K51,ncf:ceros:atr_ktr:trees:K51,ncf:ceros:atr_ktr:trees:K51:30,Litsea ghatica C.J.Saldanha,Litsea ghatica,Lauraceae,Litsea,15.03951,74.51396,100.0,2025-12-07,Gund_Marda_Marda,50 by 10m vegetation plots and a 5 by 10m regeneration plot within
K33,ncf:ceros:atr_ktr:trees:K33,ncf:ceros:atr_ktr:trees:K33:54,Tolypanthus lagenifer (Wight ex Hook.) Tiegh.,Tolypanthus lagenifer,Loranthaceae,Tolypanthus,15.38466,74.34508,100.0,2025-12-02,Castlerock_Castlerock_Kalambuli,50 by 10m vegetation plots and a 5 by 10m regeneration plot within
K30,ncf:ceros:atr_ktr:trees:K30,ncf:ceros:atr_ktr:trees:K30:19,Holigarna grahamii (Wight) Kurz,Holigarna grahamii,Anacardiaceae,Holigarna,15.47372,74.33301,100.0,2025-12-01,Castlerock_Anmod_Meda,50 by 10m vegetation plots and a 5 by 10m regeneration plot within
K30,ncf:ceros:atr_ktr:trees:K30,ncf:ceros:atr_ktr:trees:K30:38,Syzygium cumini (L.) Skeels,Syzygium cumini,Myrtaceae,Syzygium,15.47372,74.33301,100.0,2025-12-01,Castlerock_Anmod_Meda,50 by 10m vegetation plots and a 5 by 10m regeneration plot within
K26,ncf:ceros:atr_ktr:trees:K26,ncf:ceros:atr_ktr:trees:K26:45,Terminalia bellirica (Gaertn.) Roxb.,Terminalia bellirica,Combretaceae,Terminalia,14.94972,74.29521,100.0,2025-11-29,Kadra_Bargadde_Bargadde,50 by 10m vegetation plots and a 5 by 10m regeneration plot within
K38,ncf:ceros:atr_ktr:trees:K38,ncf:ceros:atr_ktr:trees:K38:34,Strychnos nux-vomica L.,Strychnos nux-vomica,Loganiaceae,Strychnos,15.16349,74.62148,100.0,2025-12-04,Kulgi_Kulgi_Kulgi-South,50 by 10m vegetation plots and a 5 by 10m regeneration plot within
K43,ncf:ceros:atr_ktr:trees:K43,ncf:ceros:atr_ktr:trees:K43:16,Ipomoea campanulata L.,Stictocardia campanulata,Convolvulaceae,Stictocardia,15.13126,74.6676,100.0,2025-12-05,Kulgi_Jamga_Jamga-East,50 by 10m vegetation plots and a 5 by 10m regeneration plot within
K13,ncf:ceros:atr_ktr:trees:K13,ncf:ceros:atr_ktr:trees:K13:26,Mallotus philippensis (Lam.) Müll.Arg.,Mallotus philippensis,Euphorbiaceae,Mallotus,15.22005,74.39724,100.0,2025-11-26,Kumbharwada_Sulaveli_Vagheli,50 by 10m vegetation plots and a 5 by 10m regeneration plot within
K52,ncf:ceros:atr_ktr:trees:K52,ncf:ceros:atr_ktr:trees:K52:26,Mallotus philippensis (Lam.) Müll.Arg.,Mallotus philippensis,Euphorbiaceae,Mallotus,15.06448,74.52105,100.0,2025-12-07,Gund_Marda_Marda,50 by 10m vegetation plots and a 5 by 10m regeneration plot within
K13,ncf:ceros:atr_ktr:trees:K13,ncf:ceros:atr_ktr:trees:K13:8,Connarus wightii Hook.fil.,Connarus wightii,Connaraceae,Connarus,15.22005,74.39724,100.0,2025-11-26,Kumbharwada_Sulaveli_Vagheli,50 by 10m vegetation plots and a 5 by 10m regeneration plot within
K26,ncf:ceros:atr_ktr:trees:K26,ncf:ceros:atr_ktr:trees:K26:17,Diospyros oocarpa Thwaites,Diospyros oocarpa,Ebenaceae,Diospyros,14.94972,74.29521,100.0,2025-11-29,Kadra_Bargadde_Bargadde,50 by 10m vegetation plots and a 5 by 10m regeneration plot within
K23,ncf:ceros:atr_ktr:trees:K23,ncf:ceros:atr_ktr:trees:K23:1,Alseodaphne semecarpifolia Nees,Alseodaphne semecarpifolia,Lauraceae,Alseodaphne,14.92281,74.33555,100.0,2025-11-28,Kadra_Kadra_Kadra-West,50 by 10m vegetation plots and a 5 by 10m regeneration plot within
K26,ncf:ceros:atr_ktr:trees:K26,ncf:ceros:atr_ktr:trees:K26:13,Cosmostigma cordatum (Poir.) M.R.Almeida,Cosmostigma cordatum,Apocynaceae,Cosmostigma,14.94972,74.29521,100.0,2025-11-29,Kadra_Bargadde_Bargadde,50 by 10m vegetation plots and a 5 by 10m regeneration plot within
K39,ncf:ceros:atr_ktr:trees:K39,ncf:ceros:atr_ktr:trees:K39:16,Glochidion heyneanum (Wight & Arn.) Wight,Glochidion heyneanum,Phyllanthaceae,Glochidion,15.15024,74.62002,100.0,2025-12-04,Kulgi_Kulgi_Kulgi-South,50 by 10m vegetation plots and a 5 by 10m regeneration plot within
K33,ncf:ceros:atr_ktr:trees:K33,ncf:ceros:atr_ktr:trees:K33:5,Calamus rheedei Griff.,Calamus rheedei,Arecaceae,Calamus,15.38466,74.34508,100.0,2025-12-02,Castlerock_Castlerock_Kalambuli,50 by 10m vegetation plots and a 5 by 10m regeneration plot within
K53,ncf:ceros:atr_ktr:trees:K53,ncf:ceros:atr_ktr:trees:K53:13,Cinnamomum Schaeff.,,Lauraceae,Cinnamomum,15.05536,74.53871,100.0,2025-12-07,Gund_Tammanagi_Shavale,50 by 10m vegetation plots and a 5 by 10m regeneration plot within
K12,ncf:ceros:atr_ktr:trees:K12,ncf:ceros:atr_ktr:trees:K12:11,Connarus monocarpus (L.) Wight & Arn.,,Connaraceae,,15.21126,74.348,100.0,2025-11-25,Kumbharwada_Terali_Patagudi,50 by 10m vegetation plots and a 5 by 10m regeneration plot within
K22,ncf:ceros:atr_ktr:trees:K22,ncf:ceros:atr_ktr:trees:K22:2,Poaceae,,Poaceae,,14.87999,74.41013,100.0,2025-11-28,Kadra_Kadra_Balemane,50 by 10m vegetation plots and a 5 by 10m regeneration plot within
K18,ncf:ceros:atr_ktr:trees:K18,ncf:ceros:atr_ktr:trees:K18:36,Ziziphus rugosa Lam.,Ziziphus rugosa,Rhamnaceae,Ziziphus,15.09507,74.42705,100.0,2025-11-27,Kumbharwada_Kumbharwada_Kalsai,50 by 10m vegetation plots and a 5 by 10m regeneration plot within
K2,ncf:ceros:atr_ktr:trees:K2,ncf:ceros:atr_ktr:trees:K2:4,Atalantia wightii Yu.Tanaka,Atalantia wightii,Rutaceae,Atalantia,14.9607,74.37222,100.0,2025-11-22,Anshi_Badpoli_Digali,50 by 10m vegetation plots and a 5 by 10m regeneration plot within
K15,ncf:ceros:atr_ktr:trees:K15,ncf:ceros:atr_ktr:trees:K15:41,Oxyceros rugulosus (Thwaites) Tirveng.,Oxyceros rugulosus,Rubiaceae,Oxyceros,15.23219,74.34004,100.0,2025-11-26,Kumbharwada_Sulaveli_Sulaveli,50 by 10m vegetation plots and a 5 by 10m regeneration plot within
K7,ncf:ceros:atr_ktr:trees:K7,ncf:ceros:atr_ktr:trees:K7:48,Psychotria dalzellii Hook.f.,Psychotria dalzellii,Rubiaceae,Psychotria,15.09989,74.38199,100.0,2025-11-24,Anshi_Nujji_Jhalavali,50 by 10m vegetation plots and a 5 by 10m regeneration plot within
K35,ncf:ceros:atr_ktr:trees:K35,ncf:ceros:atr_ktr:trees:K35:8,Connarus wightii Hook.fil.,Connarus wightii,Connaraceae,Connarus,15.47685,74.30104,100.0,2025-12-03,Castlerock_Karambal_Vatla,50 by 10m vegetation plots and a 5 by 10m regeneration plot within
K5,ncf:ceros:atr_ktr:trees:K5,ncf:ceros:atr_ktr:trees:K5:13,Diospyros candolleana Wight,Diospyros candolleana,Ebenaceae,Diospyros,14.98514,74.37265,100.0,2025-11-23,Anshi_Anshi_Anshi,50 by 10m vegetation plots and a 5 by 10m regeneration plot within
K27,ncf:ceros:atr_ktr:trees:K27,ncf:ceros:atr_ktr:trees:K27:24,Getonia floribunda Roxb.,Getonia floribunda,Combretaceae,Getonia,14.92656,74.35452,100.0,2025-11-29,Kadra_Kadra_Kadra-West,50 by 10m vegetation plots and a 5 by 10m regeneration plot within
K29,ncf:ceros:atr_ktr:trees:K29,ncf:ceros:atr_ktr:trees:K29:10,Celtis tetrandra Roxb.,Celtis tetrandra,Cannabaceae,Celtis,15.4885,74.34842,100.0,2025-12-01,Castlerock_Anmod_Rangarook,50 by 10m vegetation plots and a 5 by 10m regeneration plot within
K45,ncf:ceros:atr_ktr:trees:K45,ncf:ceros:atr_ktr:trees:K45:2,Alseodaphne semecarpifolia Nees,Alseodaphne semecarpifolia,Lauraceae,Alseodaphne,15.12909,74.59881,100.0,2025-12-05,Phansoli_Phansoli_Phansoli,50 by 10m vegetation plots and a 5 by 10m regeneration plot within
K32,ncf:ceros:atr_ktr:trees:K32,ncf:ceros:atr_ktr:trees:K32:61,Terminalia paniculata B.Heyne ex Roth,Terminalia paniculata,Combretaceae,Terminalia,15.34117,74.37326,100.0,2025-12-02,Castlerock_Castlerock_Populwadi,50 by 10m vegetation plots and a 5 by 10m regeneration plot within
K12,ncf:ceros:atr_ktr:trees:K12,ncf:ceros:atr_ktr:trees:K12:1,Aglaia elaeagnoidea (A.Juss.) Benth.,Aglaia elaeagnoidea,Meliaceae,Aglaia,15.21126,74.348,100.0,2025-11-25,Kumbharwada_Terali_Patagudi,50 by 10m vegetation plots and a 5 by 10m regeneration plot within
K6,ncf:ceros:atr_ktr:trees:K6,ncf:ceros:atr_ktr:trees:K6:24,Gnetum edule (Willd.) Blume,Gnetum edule,Gnetaceae,Gnetum,15.01219,74.39533,100.0,2025-11-23,Anshi_Sawanth Matkarni_Sawanth Matkarni,50 by 10m vegetation plots and a 5 by 10m regeneration plot within
K35,ncf:ceros:atr_ktr:trees:K35,ncf:ceros:atr_ktr:trees:K35:18,Elaeagnus conferta Roxb.,Elaeagnus conferta,Elaeagnaceae,Elaeagnus,15.47685,74.30104,100.0,2025-12-03,Castlerock_Karambal_Vatla,50 by 10m vegetation plots and a 5 by 10m regeneration plot within
K44,ncf:ceros:atr_ktr:trees:K44,ncf:ceros:atr_ktr:trees:K44:8,Cordia L.,,Cordiaceae,Cordia,15.1191,74.68068,100.0,2025-12-05,Kulgi_Kegdal_Amga-East,50 by 10m vegetation plots and a 5 by 10m regeneration plot within
K53,ncf:ceros:atr_ktr:trees:K53,ncf:ceros:atr_ktr:trees:K53:32,Pothos scandens L.,Pothos scandens,Araceae,Pothos,15.05536,74.53871,100.0,2025-12-07,Gund_Tammanagi_Shavale,50 by 10m vegetation plots and a 5 by 10m regeneration plot within
K52,ncf:ceros:atr_ktr:trees:K52,ncf:ceros:atr_ktr:trees:K52:3,Adenia hondala (Gaertn.) W.J.de Wilde,Adenia hondala,Passifloraceae,Adenia,15.06448,74.52105,100.0,2025-12-07,Gund_Marda_Marda,50 by 10m vegetation plots and a 5 by 10m regeneration plot within
K53,ncf:ceros:atr_ktr:trees:K53,ncf:ceros:atr_ktr:trees:K53:34,Scutia myrtina (Burm.fil.) Kurz,Scutia myrtina,Rhamnaceae,Scutia,15.05536,74.53871,100.0,2025-12-07,Gund_Tammanagi_Shavale,50 by 10m vegetation plots and a 5 by 10m regeneration plot within
K16,ncf:ceros:atr_ktr:trees:K16,ncf:ceros:atr_ktr:trees:K16:33,Mangifera indica L.,Mangifera indica,Anacardiaceae,Mangifera,15.12424,74.32561,100.0,2025-11-27,Kumbharwada_Kundal_Keloli,50 by 10m vegetation plots and a 5 by 10m regeneration plot within
K14,ncf:ceros:atr_ktr:trees:K14,ncf:ceros:atr_ktr:trees:K14:12,Cinnamomum malabatrum (Burm.fil.) J.Presl,Cinnamomum malabatrum,Lauraceae,Cinnamomum,15.21519,74.37618,100.0,2025-11-26,Kumbharwada_Sulaveli_Sulaveli,50 by 10m vegetation plots and a 5 by 10m regeneration plot within
K15,ncf:ceros:atr_ktr:trees:K15,ncf:ceros:atr_ktr:trees:K15:17,Diospyros ferrea (Willd.) Bakh.,Diospyros ferrea,Ebenaceae,Diospyros,15.23219,74.34004,100.0,2025-11-26,Kumbharwada_Sulaveli_Sulaveli,50 by 10m vegetation plots and a 5 by 10m regeneration plot within
K26,ncf:ceros:atr_ktr:trees:K26,ncf:ceros:atr_ktr:trees:K26:15,Dalbergia latifolia Roxb.,Dalbergia latifolia,Fabaceae,Dalbergia,14.94972,74.29521,100.0,2025-11-29,Kadra_Bargadde_Bargadde,50 by 10m vegetation plots and a 5 by 10m regeneration plot within
K1,ncf:ceros:atr_ktr:trees:K1,ncf:ceros:atr_ktr:trees:K1:44,Nothopegia castaneifolia (Roth) Ding Hou,Nothopegia castaneifolia,Anacardiaceae,Nothopegia,14.95109,74.37002,100.0,2025-11-22,Anshi_Anshi_Badpoli,50 by 10m vegetation plots and a 5 by 10m regeneration plot within
K40,ncf:ceros:atr_ktr:trees:K40,ncf:ceros:atr_ktr:trees:K40:14,Grewia tiliifolia Vahl,Grewia tiliifolia,Malvaceae,Grewia,15.13301,74.62137,100.0,2025-12-04,Kulgi_Kulgi_Amgaon,50 by 10m vegetation plots and a 5 by 10m regeneration plot within
K48,ncf:ceros:atr_ktr:trees:K48,ncf:ceros:atr_ktr:trees:K48:34,Xylia xylocarpa (Roxb.) W.Theob.,Xylia xylocarpa,Fabaceae,Xylia,15.14195,74.46927,100.0,2025-12-06,Phansoli_Amboli_Kumbeli,50 by 10m vegetation plots and a 5 by 10m regeneration plot within
K36,ncf:ceros:atr_ktr:trees:K36,ncf:ceros:atr_ktr:trees:K36:60,Uvaria hookeri King,Uvaria hookeri,Annonaceae,Uvaria,15.48777,74.28354,100.0,2025-12-03,Castlerock_Karambal_Vatla,50 by 10m vegetation plots and a 5 by 10m regeneration plot within
K47,ncf:ceros:atr_ktr:trees:K47,ncf:ceros:atr_ktr:trees:K47:15,Diospyros candolleana Wight,Diospyros candolleana,Ebenaceae,Diospyros,15.12541,74.48069,100.0,2025-12-06,Phansoli_Amboli_Kumbeli,50 by 10m vegetation plots and a 5 by 10m regeneration plot within
K16,ncf:ceros:atr_ktr:trees:K16,ncf:ceros:atr_ktr:trees:K16:40,Murraya koenigii (L.) Spreng.,Murraya koenigii,Rutaceae,Murraya,15.12424,74.32561,100.0,2025-11-27,Kumbharwada_Kundal_Keloli,50 by 10m vegetation plots and a 5 by 10m regeneration plot within
K18,ncf:ceros:atr_ktr:trees:K18,ncf:ceros:atr_ktr:trees:K18:4,Aphanamixis polystachya (Wall.) R.Parker,Aphanamixis polystachya,Meliaceae,Aphanamixis,15.09507,74.42705,100.0,2025-11-27,Kumbharwada_Kumbharwada_Kalsai,50 by 10m vegetation plots and a 5 by 10m regeneration plot within
K45,ncf:ceros:atr_ktr:trees:K45,ncf:ceros:atr_ktr:trees:K45:12,Glycosmis pentaphylla (Retz.) Corrêa,Glycosmis pentaphylla,Rutaceae,Glycosmis,15.12909,74.59881,100.0,2025-12-05,Phansoli_Phansoli_Phansoli,50 by 10m vegetation plots and a 5 by 10m regeneration plot within
K32,ncf:ceros:atr_ktr:trees:K32,ncf:ceros:atr_ktr:trees:K32:53,Rourea minor (Gaertn.) Alston,Rourea minor,Connaraceae,Rourea,15.34117,74.37326,100.0,2025-12-02,Castlerock_Castlerock_Populwadi,50 by 10m vegetation plots and a 5 by 10m regeneration plot within
K23,ncf:ceros:atr_ktr:trees:K23,ncf:ceros:atr_ktr:trees:K23:7,Getonia floribunda Roxb.,Getonia floribunda,Combretaceae,Getonia,14.92281,74.33555,100.0,2025-11-28,Kadra_Kadra_Kadra-West,50 by 10m vegetation plots and a 5 by 10m regeneration plot within
K10,ncf:ceros:atr_ktr:trees:K10,ncf:ceros:atr_ktr:trees:K10:3,Ailanthus triphysa (Dennst.) Alston,Ailanthus triphysa,Simaroubaceae,Ailanthus,15.01108,74.35722,100.0,2025-11-24,Anshi_Badpoli_Badpoli,50 by 10m vegetation plots and a 5 by 10m regeneration plot within
K32,ncf:ceros:atr_ktr:trees:K32,ncf:ceros:atr_ktr:trees:K32:7,Calamus thwaitesii Becc.,Calamus thwaitesii,Arecaceae,Calamus,15.34117,74.37326,100.0,2025-12-02,Castlerock_Castlerock_Populwadi,50 by 10m vegetation plots and a 5 by 10m regeneration plot within
K21,ncf:ceros:atr_ktr:trees:K21,ncf:ceros:atr_ktr:trees:K21:18,Syzygium cumini (L.) Skeels,Syzygium cumini,Myrtaceae,Syzygium,14.88869,74.43009,100.0,2025-11-28,Kadra_Kadra_Balemane,50 by 10m vegetation plots and a 5 by 10m regeneration plot within
K8,ncf:ceros:atr_ktr:trees:K8,ncf:ceros:atr_ktr:trees:K8:38,Uvaria hookeri King,Uvaria hookeri,Annonaceae,Uvaria,15.04524,74.33066,100.0,2025-11-24,Anshi_Nujji_Nujji,50 by 10m vegetation plots and a 5 by 10m regeneration plot within
K52,ncf:ceros:atr_ktr:trees:K52,ncf:ceros:atr_ktr:trees:K52:10,Cassia fistula L.,Cassia fistula,Fabaceae,Cassia,15.06448,74.52105,100.0,2025-12-07,Gund_Marda_Marda,50 by 10m vegetation plots and a 5 by 10m regeneration plot within
K46,ncf:ceros:atr_ktr:trees:K46,ncf:ceros:atr_ktr:trees:K46:17,Murraya koenigii (L.) Spreng.,Murraya koenigii,Rutaceae,Murraya,15.14255,74.58648,100.0,2025-12-05,Phansoli_Phansoli_Phansoli,50 by 10m vegetation plots and a 5 by 10m regeneration plot within
K19,ncf:ceros:atr_ktr:trees:K19,ncf:ceros:atr_ktr:trees:K19:6,Aporosa cardiosperma (Gaertn.) Merr.,Aporosa cardiosperma,Phyllanthaceae,Aporosa,15.05663,74.45597,100.0,2025-11-27,Phansoli_Amboli_Amboli,50 by 10m vegetation plots and a 5 by 10m regeneration plot within
K48,ncf:ceros:atr_ktr:trees:K48,ncf:ceros:atr_ktr:trees:K48:32,Terminalia paniculata B.Heyne ex Roth,Terminalia paniculata,Combretaceae,Terminalia,15.14195,74.46927,100.0,2025-12-06,Phansoli_Amboli_Kumbeli,50 by 10m vegetation plots and a 5 by 10m regeneration plot within
K29,ncf:ceros:atr_ktr:trees:K29,ncf:ceros:atr_ktr:trees:K29:15,Diospyros ferrea (Willd.) Bakh.,Diospyros ferrea,Ebenaceae,Diospyros,15.4885,74.34842,100.0,2025-12-01,Castlerock_Anmod_Rangarook,50 by 10m vegetation plots and a 5 by 10m regeneration plot within
K27,ncf:ceros:atr_ktr:trees:K27,ncf:ceros:atr_ktr:trees:K27:35,Mimusops elengi L.,Mimusops elengi,Sapotaceae,Mimusops,14.92656,74.35452,100.0,2025-11-29,Kadra_Kadra_Kadra-West,50 by 10m vegetation plots and a 5 by 10m regeneration plot within
K42,ncf:ceros:atr_ktr:trees:K42,ncf:ceros:atr_ktr:trees:K42:25,Stereospermum colais (Buch.-Ham. ex Dillwyn) Mabb.,Stereospermum colais,Bignoniaceae,Stereospermum,15.1487,74.69531,100.0,2025-12-05,Kulgi_Kegdal_Kalabhavi,50 by 10m vegetation plots and a 5 by 10m regeneration plot within
K11,ncf:ceros:atr_ktr:trees:K11,ncf:ceros:atr_ktr:trees:K11:4,Aporosa cardiosperma (Gaertn.) Merr.,Aporosa cardiosperma,Phyllanthaceae,Aporosa,15.24596,74.28135,100.0,2025-11-25,Kumbharwada_Diggi_Diggi,50 by 10m vegetation plots and a 5 by 10m regeneration plot within
K36,ncf:ceros:atr_ktr:trees:K36,ncf:ceros:atr_ktr:trees:K36:23,Dimocarpus longan Lour.,Dimocarpus longan,Sapindaceae,Dimocarpus,15.48777,74.28354,100.0,2025-12-03,Castlerock_Karambal_Vatla,50 by 10m vegetation plots and a 5 by 10m regeneration plot within
K30,ncf:ceros:atr_ktr:trees:K30,ncf:ceros:atr_ktr:trees:K30:5,Calophyllum apetalum Willd.,Calophyllum apetalum,Calophyllaceae,Calophyllum,15.47372,74.33301,100.0,2025-12-01,Castlerock_Anmod_Meda,50 by 10m vegetation plots and a 5 by 10m regeneration plot within
K1,ncf:ceros:atr_ktr:trees:K1,ncf:ceros:atr_ktr:trees:K1:27,Garcinia morella (Gaertn.) Desr.,Garcinia morella,Clusiaceae,Garcinia,14.95109,74.37002,100.0,2025-11-22,Anshi_Anshi_Badpoli,50 by 10m vegetation plots and a 5 by 10m regeneration plot within
K36,ncf:ceros:atr_ktr:trees:K36,ncf:ceros:atr_ktr:trees:K36:36,Heterophragma quadriloculare (Roxb.) K.Schum.,Heterophragma quadriloculare,Bignoniaceae,Heterophragma,15.48777,74.28354,100.0,2025-12-03,Castlerock_Karambal_Vatla,50 by 10m vegetation plots and a 5 by 10m regeneration plot within
K52,ncf:ceros:atr_ktr:trees:K52,ncf:ceros:atr_ktr:trees:K52:20,Getonia floribunda Roxb.,Getonia floribunda,Combretaceae,Getonia,15.06448,74.52105,100.0,2025-12-07,Gund_Marda_Marda,50 by 10m vegetation plots and a 5 by 10m regeneration plot within
K5,ncf:ceros:atr_ktr:trees:K5,ncf:ceros:atr_ktr:trees:K5:46,Tabernaemontana alternifolia L.,Tabernaemontana alternifolia,Apocynaceae,Tabernaemontana,14.98514,74.37265,100.0,2025-11-23,Anshi_Anshi_Anshi,50 by 10m vegetation plots and a 5 by 10m regeneration plot within
K1,ncf:ceros:atr_ktr:trees:K1,ncf:ceros:atr_ktr:trees:K1:3,Alphonsea Hook.f. & Thomson,,Annonaceae,Alphonsea,14.95109,74.37002,100.0,2025-11-22,Anshi_Anshi_Badpoli,50 by 10m vegetation plots and a 5 by 10m regeneration plot within
K13,ncf:ceros:atr_ktr:trees:K13,ncf:ceros:atr_ktr:trees:K13:9,Diospyros ferrea (Willd.) Bakh.,Diospyros ferrea,Ebenaceae,Diospyros,15.22005,74.39724,100.0,2025-11-26,Kumbharwada_Sulaveli_Vagheli,50 by 10m vegetation plots and a 5 by 10m regeneration plot within
K29,ncf:ceros:atr_ktr:trees:K29,ncf:ceros:atr_ktr:trees:K29:55,Syzygium rubicundum Wight & Arn.,Syzygium rubicundum,Myrtaceae,Syzygium,15.4885,74.34842,100.0,2025-12-01,Castlerock_Anmod_Rangarook,50 by 10m vegetation plots and a 5 by 10m regeneration plot within
K26,ncf:ceros:atr_ktr:trees:K26,ncf:ceros:atr_ktr:trees:K26:22,Gymnosporia rothiana (Walp.) M.A.Lawson,Gymnosporia rothiana,Celastraceae,Gymnosporia,14.94972,74.29521,100.0,2025-11-29,Kadra_Bargadde_Bargadde,50 by 10m vegetation plots and a 5 by 10m regeneration plot within
K48,ncf:ceros:atr_ktr:trees:K48,ncf:ceros:atr_ktr:trees:K48:8,Caryota urens L.,Caryota urens,Arecaceae,Caryota,15.14195,74.46927,100.0,2025-12-06,Phansoli_Amboli_Kumbeli,50 by 10m vegetation plots and a 5 by 10m regeneration plot within
K26,ncf:ceros:atr_ktr:trees:K26,ncf:ceros:atr_ktr:trees:K26:41,Strobilanthes ixiocephala Benth.,Strobilanthes ixiocephala,Acanthaceae,Strobilanthes,14.94972,74.29521,100.0,2025-11-29,Kadra_Bargadde_Bargadde,50 by 10m vegetation plots and a 5 by 10m regeneration plot within
K19,ncf:ceros:atr_ktr:trees:K19,ncf:ceros:atr_ktr:trees:K19:11,Cinnamomum Schaeff.,,Lauraceae,Cinnamomum,15.05663,74.45597,100.0,2025-11-27,Phansoli_Amboli_Amboli,50 by 10m vegetation plots and a 5 by 10m regeneration plot within
K43,ncf:ceros:atr_ktr:trees:K43,ncf:ceros:atr_ktr:trees:K43:9,Dillenia pentagyna Roxb.,Dillenia pentagyna,Dilleniaceae,Dillenia,15.13126,74.6676,100.0,2025-12-05,Kulgi_Jamga_Jamga-East,50 by 10m vegetation plots and a 5 by 10m regeneration plot within
K15,ncf:ceros:atr_ktr:trees:K15,ncf:ceros:atr_ktr:trees:K15:24,Garcinia gummi-gutta (L.) N.Robson,Garcinia gummi-gutta,Clusiaceae,Garcinia,15.23219,74.34004,100.0,2025-11-26,Kumbharwada_Sulaveli_Sulaveli,50 by 10m vegetation plots and a 5 by 10m regeneration plot within
K6,ncf:ceros:atr_ktr:trees:K6,ncf:ceros:atr_ktr:trees:K6:31,Lagerstroemia microcarpa Wight,Lagerstroemia microcarpa,Lythraceae,Lagerstroemia,15.01219,74.39533,100.0,2025-11-23,Anshi_Sawanth Matkarni_Sawanth Matkarni,50 by 10m vegetation plots and a 5 by 10m regeneration plot within
K12,ncf:ceros:atr_ktr:trees:K12,ncf:ceros:atr_ktr:trees:K12:15,Diospyros candolleana Wight,Diospyros candolleana,Ebenaceae,Diospyros,15.21126,74.348,100.0,2025-11-25,Kumbharwada_Terali_Patagudi,50 by 10m vegetation plots and a 5 by 10m regeneration plot within
K5,ncf:ceros:atr_ktr:trees:K5,ncf:ceros:atr_ktr:trees:K5:16,Diploclisia glaucescens (Blume) Diels,Diploclisia glaucescens,Menispermaceae,Diploclisia,14.98514,74.37265,100.0,2025-11-23,Anshi_Anshi_Anshi,50 by 10m vegetation plots and a 5 by 10m regeneration plot within
K29,ncf:ceros:atr_ktr:trees:K29,ncf:ceros:atr_ktr:trees:K29:20,Erycibe paniculata Roxb.,Erycibe paniculata,Convolvulaceae,Erycibe,15.4885,74.34842,100.0,2025-12-01,Castlerock_Anmod_Rangarook,50 by 10m vegetation plots and a 5 by 10m regeneration plot within
K21,ncf:ceros:atr_ktr:trees:K21,ncf:ceros:atr_ktr:trees:K21:13,Microcos paniculata L.,Microcos paniculata,Malvaceae,Microcos,14.88869,74.43009,100.0,2025-11-28,Kadra_Kadra_Balemane,50 by 10m vegetation plots and a 5 by 10m regeneration plot within
K5,ncf:ceros:atr_ktr:trees:K5,ncf:ceros:atr_ktr:trees:K5:24,Holigarna grahamii (Wight) Kurz,Holigarna grahamii,Anacardiaceae,Holigarna,14.98514,74.37265,100.0,2025-11-23,Anshi_Anshi_Anshi,50 by 10m vegetation plots and a 5 by 10m regeneration plot within
K2,ncf:ceros:atr_ktr:trees:K2,ncf:ceros:atr_ktr:trees:K2:2,Aglaia elaeagnoidea (A.Juss.) Benth.,Aglaia elaeagnoidea,Meliaceae,Aglaia,14.9607,74.37222,100.0,2025-11-22,Anshi_Badpoli_Digali,50 by 10m vegetation plots and a 5 by 10m regeneration plot within
K17,ncf:ceros:atr_ktr:trees:K17,ncf:ceros:atr_ktr:trees:K17:6,Bridelia retusa (L.) A.Juss.,Bridelia retusa,Phyllanthaceae,Bridelia,15.11042,74.36691,100.0,2025-11-27,Kumbharwada_Kumbharwada_Kumbharwada,50 by 10m vegetation plots and a 5 by 10m regeneration plot within
K44,ncf:ceros:atr_ktr:trees:K44,ncf:ceros:atr_ktr:trees:K44:17,Mitragyna parvifolia (Roxb.) Korth.,Mitragyna parvifolia,Rubiaceae,Mitragyna,15.1191,74.68068,100.0,2025-12-05,Kulgi_Kegdal_Amga-East,50 by 10m vegetation plots and a 5 by 10m regeneration plot within
K2,ncf:ceros:atr_ktr:trees:K2,ncf:ceros:atr_ktr:trees:K2:42,Salacia beddomei Gamble,Salacia beddomei,Celastraceae,Salacia,14.9607,74.37222,100.0,2025-11-22,Anshi_Badpoli_Digali,50 by 10m vegetation plots and a 5 by 10m regeneration plot within
K48,ncf:ceros:atr_ktr:trees:K48,ncf:ceros:atr_ktr:trees:K48:6,Carallia brachiata (Lour.) Merr.,Carallia brachiata,Rhizophoraceae,Carallia,15.14195,74.46927,100.0,2025-12-06,Phansoli_Amboli_Kumbeli,50 by 10m vegetation plots and a 5 by 10m regeneration plot within
K38,ncf:ceros:atr_ktr:trees:K38,ncf:ceros:atr_ktr:trees:K38:38,Tetrameles nudiflora R.Br.,Tetrameles nudiflora,Tetramelaceae,Tetrameles,15.16349,74.62148,100.0,2025-12-04,Kulgi_Kulgi_Kulgi-South,50 by 10m vegetation plots and a 5 by 10m regeneration plot within
K26,ncf:ceros:atr_ktr:trees:K26,ncf:ceros:atr_ktr:trees:K26:29,Mallotus philippensis (Lam.) Müll.Arg.,Mallotus philippensis,Euphorbiaceae,Mallotus,14.94972,74.29521,100.0,2025-11-29,Kadra_Bargadde_Bargadde,50 by 10m vegetation plots and a 5 by 10m regeneration plot within
K17,ncf:ceros:atr_ktr:trees:K17,ncf:ceros:atr_ktr:trees:K17:26,Glycosmis pentaphylla (Retz.) Corrêa,Glycosmis pentaphylla,Rutaceae,Glycosmis,15.11042,74.36691,100.0,2025-11-27,Kumbharwada_Kumbharwada_Kumbharwada,50 by 10m vegetation plots and a 5 by 10m regeneration plot within
K3,ncf:ceros:atr_ktr:trees:K3,ncf:ceros:atr_ktr:trees:K3:17,Cinnamomum malabatrum (Burm.fil.) J.Presl,Cinnamomum malabatrum,Lauraceae,Cinnamomum,15.02369,74.45427,100.0,2025-11-23,Anshi_Sawanth Matkarni_Sawanth Matkarni,50 by 10m vegetation plots and a 5 by 10m regeneration plot within
K11,ncf:ceros:atr_ktr:trees:K11,ncf:ceros:atr_ktr:trees:K11:19,Erycibe paniculata Roxb.,Erycibe paniculata,Convolvulaceae,Erycibe,15.24596,74.28135,100.0,2025-11-25,Kumbharwada_Diggi_Diggi,50 by 10m vegetation plots and a 5 by 10m regeneration plot within
K36,ncf:ceros:atr_ktr:trees:K36,ncf:ceros:atr_ktr:trees:K36:9,Calamus thwaitesii Becc.,Calamus thwaitesii,Arecaceae,Calamus,15.48777,74.28354,100.0,2025-12-03,Castlerock_Karambal_Vatla,50 by 10m vegetation plots and a 5 by 10m regeneration plot within
K25,ncf:ceros:atr_ktr:trees:K25,ncf:ceros:atr_ktr:trees:K25:10,Curculigo orchioides Gaertn.,Curculigo orchioides,Hypoxidaceae,Curculigo,14.95361,74.31835,100.0,2025-11-29,Kadra_Bargadde_Bargadde,50 by 10m vegetation plots and a 5 by 10m regeneration plot within
K19,ncf:ceros:atr_ktr:trees:K19,ncf:ceros:atr_ktr:trees:K19:10,Casearia graveolens Dalzell,Casearia graveolens,Salicaceae,Casearia,15.05663,74.45597,100.0,2025-11-27,Phansoli_Amboli_Amboli,50 by 10m vegetation plots and a 5 by 10m regeneration plot within
K35,ncf:ceros:atr_ktr:trees:K35,ncf:ceros:atr_ktr:trees:K35:32,Leea indica (Burm.fil.) Merr.,Leea indica,Vitaceae,Leea,15.47685,74.30104,100.0,2025-12-03,Castlerock_Karambal_Vatla,50 by 10m vegetation plots and a 5 by 10m regeneration plot within
K22,ncf:ceros:atr_ktr:trees:K22,ncf:ceros:atr_ktr:trees:K22:10,Diospyros montana Roxb.,Diospyros montana,Ebenaceae,Diospyros,14.87999,74.41013,100.0,2025-11-28,Kadra_Kadra_Balemane,50 by 10m vegetation plots and a 5 by 10m regeneration plot within
K55,ncf:ceros:atr_ktr:trees:K55,ncf:ceros:atr_ktr:trees:K55:14,Diploclisia glaucescens (Blume) Diels,Diploclisia glaucescens,Menispermaceae,Diploclisia,15.07023,74.53669,100.0,2025-12-07,Gund_Gund_Gund,50 by 10m vegetation plots and a 5 by 10m regeneration plot within
K52,ncf:ceros:atr_ktr:trees:K52,ncf:ceros:atr_ktr:trees:K52:34,Terminalia paniculata B.Heyne ex Roth,Terminalia paniculata,Combretaceae,Terminalia,15.06448,74.52105,100.0,2025-12-07,Gund_Marda_Marda,50 by 10m vegetation plots and a 5 by 10m regeneration plot within
K45,ncf:ceros:atr_ktr:trees:K45,ncf:ceros:atr_ktr:trees:K45:10,Flacourtia indica (Burm.fil.) Merr.,Flacourtia indica,Salicaceae,Flacourtia,15.12909,74.59881,100.0,2025-12-05,Phansoli_Phansoli_Phansoli,50 by 10m vegetation plots and a 5 by 10m regeneration plot within
K32,ncf:ceros:atr_ktr:trees:K32,ncf:ceros:atr_ktr:trees:K32:48,Tetrapilus dioicus (Roxb.) L.A.S.Johnson,Tetrapilus dioicus,Oleaceae,Tetrapilus,15.34117,74.37326,100.0,2025-12-02,Castlerock_Castlerock_Populwadi,50 by 10m vegetation plots and a 5 by 10m regeneration plot within
K11,ncf:ceros:atr_ktr:trees:K11,ncf:ceros:atr_ktr:trees:K11:20,"Eugenia kalamii Shareef, E.S.S.Kumar, Shaju & Prakashk.",Eugenia kalamii,Myrtaceae,Eugenia,15.24596,74.28135,100.0,2025-11-25,Kumbharwada_Diggi_Diggi,50 by 10m vegetation plots and a 5 by 10m regeneration plot within
K22,ncf:ceros:atr_ktr:trees:K22,ncf:ceros:atr_ktr:trees:K22:15,Helicteres isora L.,Helicteres isora,Malvaceae,Helicteres,14.87999,74.41013,100.0,2025-11-28,Kadra_Kadra_Balemane,50 by 10m vegetation plots and a 5 by 10m regeneration plot within
K11,ncf:ceros:atr_ktr:trees:K11,ncf:ceros:atr_ktr:trees:K11:33,Ligustrum robustum (Roxb.) Blume,Ligustrum robustum,Oleaceae,Ligustrum,15.24596,74.28135,100.0,2025-11-25,Kumbharwada_Diggi_Diggi,50 by 10m vegetation plots and a 5 by 10m regeneration plot within
K36,ncf:ceros:atr_ktr:trees:K36,ncf:ceros:atr_ktr:trees:K36:18,Cinnamomum Schaeff.,,Lauraceae,Cinnamomum,15.48777,74.28354,100.0,2025-12-03,Castlerock_Karambal_Vatla,50 by 10m vegetation plots and a 5 by 10m regeneration plot within
K28,ncf:ceros:atr_ktr:trees:K28,ncf:ceros:atr_ktr:trees:K28:2,Aglaia elaeagnoidea (A.Juss.) Benth.,Aglaia elaeagnoidea,Meliaceae,Aglaia,14.93541,74.35854,100.0,2025-11-30,Kadra_Kadra_Kadra-West,50 by 10m vegetation plots and a 5 by 10m regeneration plot within
K34,ncf:ceros:atr_ktr:trees:K34,ncf:ceros:atr_ktr:trees:K34:59,Psychotria dalzellii Hook.f.,Psychotria dalzellii,Rubiaceae,Psychotria,15.42029,74.32832,100.0,2025-12-02,Castlerock_Anmod_Anmod-East,50 by 10m vegetation plots and a 5 by 10m regeneration plot within
K12,ncf:ceros:atr_ktr:trees:K12,ncf:ceros:atr_ktr:trees:K12:25,Gomphandra tetrandra (Wall.) Sleumer,Gomphandra tetrandra,Stemonuraceae,Gomphandra,15.21126,74.348,100.0,2025-11-25,Kumbharwada_Terali_Patagudi,50 by 10m vegetation plots and a 5 by 10m regeneration plot within
K23,ncf:ceros:atr_ktr:trees:K23,ncf:ceros:atr_ktr:trees:K23:4,Dalbergia latifolia Roxb.,Dalbergia latifolia,Fabaceae,Dalbergia,14.92281,74.33555,100.0,2025-11-28,Kadra_Kadra_Kadra-West,50 by 10m vegetation plots and a 5 by 10m regeneration plot within
K34,ncf:ceros:atr_ktr:trees:K34,ncf:ceros:atr_ktr:trees:K34:22,Diospyros candolleana Wight,Diospyros candolleana,Ebenaceae,Diospyros,15.42029,74.32832,100.0,2025-12-02,Castlerock_Anmod_Anmod-East,50 by 10m vegetation plots and a 5 by 10m regeneration plot within
K50,ncf:ceros:atr_ktr:trees:K50,ncf:ceros:atr_ktr:trees:K50:20,Grewia umbellata Roxb.,Grewia laevigata,Malvaceae,Grewia,15.02905,74.50175,100.0,2025-12-06,Gund_Ulavi_Ulavi,50 by 10m vegetation plots and a 5 by 10m regeneration plot within
K54,ncf:ceros:atr_ktr:trees:K54,ncf:ceros:atr_ktr:trees:K54:24,Terminalia bellirica (Gaertn.) Roxb.,Terminalia bellirica,Combretaceae,Terminalia,15.06675,74.57376,100.0,2025-12-07,Gund_Tammanagi_Shavale,50 by 10m vegetation plots and a 5 by 10m regeneration plot within
K27,ncf:ceros:atr_ktr:trees:K27,ncf:ceros:atr_ktr:trees:K27:22,Flacourtia montana J.Graham,Flacourtia montana,Salicaceae,Flacourtia,14.92656,74.35452,100.0,2025-11-29,Kadra_Kadra_Kadra-West,50 by 10m vegetation plots and a 5 by 10m regeneration plot within
K29,ncf:ceros:atr_ktr:trees:K29,ncf:ceros:atr_ktr:trees:K29:29,Hopea ponga (Dennst.) Mabb.,Hopea ponga,Dipterocarpaceae,Hopea,15.4885,74.34842,100.0,2025-12-01,Castlerock_Anmod_Rangarook,50 by 10m vegetation plots and a 5 by 10m regeneration plot within
K29,ncf:ceros:atr_ktr:trees:K29,ncf:ceros:atr_ktr:trees:K29:21,Euonymus indicus B.Heyne ex Roxb.,Euonymus indicus,Celastraceae,Euonymus,15.4885,74.34842,100.0,2025-12-01,Castlerock_Anmod_Rangarook,50 by 10m vegetation plots and a 5 by 10m regeneration plot within
K28,ncf:ceros:atr_ktr:trees:K28,ncf:ceros:atr_ktr:trees:K28:3,Ancistrocladus heyneanus Wall.,Ancistrocladus heyneanus,Ancistrocladaceae,Ancistrocladus,14.93541,74.35854,100.0,2025-11-30,Kadra_Kadra_Kadra-West,50 by 10m vegetation plots and a 5 by 10m regeneration plot within
K12,ncf:ceros:atr_ktr:trees:K12,ncf:ceros:atr_ktr:trees:K12:27,Gymnosporia rothiana (Walp.) M.A.Lawson,Gymnosporia rothiana,Celastraceae,Gymnosporia,15.21126,74.348,100.0,2025-11-25,Kumbharwada_Terali_Patagudi,50 by 10m vegetation plots and a 5 by 10m regeneration plot within
K1,ncf:ceros:atr_ktr:trees:K1,ncf:ceros:atr_ktr:trees:K1:20,Diospyros oocarpa Thwaites,Diospyros oocarpa,Ebenaceae,Diospyros,14.95109,74.37002,100.0,2025-11-22,Anshi_Anshi_Badpoli,50 by 10m vegetation plots and a 5 by 10m regeneration plot within
K53,ncf:ceros:atr_ktr:trees:K53,ncf:ceros:atr_ktr:trees:K53:27,Mallotus philippensis (Lam.) Müll.Arg.,Mallotus philippensis,Euphorbiaceae,Mallotus,15.05536,74.53871,100.0,2025-12-07,Gund_Tammanagi_Shavale,50 by 10m vegetation plots and a 5 by 10m regeneration plot within
K44,ncf:ceros:atr_ktr:trees:K44,ncf:ceros:atr_ktr:trees:K44:26,Ziziphus rugosa Lam.,Ziziphus rugosa,Rhamnaceae,Ziziphus,15.1191,74.68068,100.0,2025-12-05,Kulgi_Kegdal_Amga-East,50 by 10m vegetation plots and a 5 by 10m regeneration plot within
K52,ncf:ceros:atr_ktr:trees:K52,ncf:ceros:atr_ktr:trees:K52:8,Caryota urens L.,Caryota urens,Arecaceae,Caryota,15.06448,74.52105,100.0,2025-12-07,Gund_Marda_Marda,50 by 10m vegetation plots and a 5 by 10m regeneration plot within
K11,ncf:ceros:atr_ktr:trees:K11,ncf:ceros:atr_ktr:trees:K11:23,Flacourtia montana J.Graham,Flacourtia montana,Salicaceae,Flacourtia,15.24596,74.28135,100.0,2025-11-25,Kumbharwada_Diggi_Diggi,50 by 10m vegetation plots and a 5 by 10m regeneration plot within
K51,ncf:ceros:atr_ktr:trees:K51,ncf:ceros:atr_ktr:trees:K51:4,Alphonsea Hook.f. & Thomson,,Annonaceae,Alphonsea,15.03951,74.51396,100.0,2025-12-07,Gund_Marda_Marda,50 by 10m vegetation plots and a 5 by 10m regeneration plot within
K46,ncf:ceros:atr_ktr:trees:K46,ncf:ceros:atr_ktr:trees:K46:15,Microcos paniculata L.,Microcos paniculata,Malvaceae,Microcos,15.14255,74.58648,100.0,2025-12-05,Phansoli_Phansoli_Phansoli,50 by 10m vegetation plots and a 5 by 10m regeneration plot within
K17,ncf:ceros:atr_ktr:trees:K17,ncf:ceros:atr_ktr:trees:K17:60,Uvaria hookeri King,Uvaria hookeri,Annonaceae,Uvaria,15.11042,74.36691,100.0,2025-11-27,Kumbharwada_Kumbharwada_Kumbharwada,50 by 10m vegetation plots and a 5 by 10m regeneration plot within
K47,ncf:ceros:atr_ktr:trees:K47,ncf:ceros:atr_ktr:trees:K47:16,Diospyros montana Roxb.,Diospyros montana,Ebenaceae,Diospyros,15.12541,74.48069,100.0,2025-12-06,Phansoli_Amboli_Kumbeli,50 by 10m vegetation plots and a 5 by 10m regeneration plot within
K7,ncf:ceros:atr_ktr:trees:K7,ncf:ceros:atr_ktr:trees:K7:17,Cinnamomum Schaeff.,,Lauraceae,Cinnamomum,15.09989,74.38199,100.0,2025-11-24,Anshi_Nujji_Jhalavali,50 by 10m vegetation plots and a 5 by 10m regeneration plot within
K33,ncf:ceros:atr_ktr:trees:K33,ncf:ceros:atr_ktr:trees:K33:41,Nothopegia castaneifolia (Roth) Ding Hou,Nothopegia castaneifolia,Anacardiaceae,Nothopegia,15.38466,74.34508,100.0,2025-12-02,Castlerock_Castlerock_Kalambuli,50 by 10m vegetation plots and a 5 by 10m regeneration plot within
K34,ncf:ceros:atr_ktr:trees:K34,ncf:ceros:atr_ktr:trees:K34:57,Canthium rheedei DC.,Canthium rheedei,Rubiaceae,Canthium,15.42029,74.32832,100.0,2025-12-02,Castlerock_Anmod_Anmod-East,50 by 10m vegetation plots and a 5 by 10m regeneration plot within
K4,ncf:ceros:atr_ktr:trees:K4,ncf:ceros:atr_ktr:trees:K4:19,Garcinia gummi-gutta (L.) N.Robson,Garcinia gummi-gutta,Clusiaceae,Garcinia,15.02334,74.4273,100.0,2025-11-23,Anshi_Sawanth Matkarni_Sawanth Matkarni,50 by 10m vegetation plots and a 5 by 10m regeneration plot within
K16,ncf:ceros:atr_ktr:trees:K16,ncf:ceros:atr_ktr:trees:K16:29,Leea indica (Burm.fil.) Merr.,Leea indica,Vitaceae,Leea,15.12424,74.32561,100.0,2025-11-27,Kumbharwada_Kundal_Keloli,50 by 10m vegetation plots and a 5 by 10m regeneration plot within
K42,ncf:ceros:atr_ktr:trees:K42,ncf:ceros:atr_ktr:trees:K42:23,Margaritaria indica (Dalzell) Airy Shaw,Margaritaria indica,Phyllanthaceae,Margaritaria,15.1487,74.69531,100.0,2025-12-05,Kulgi_Kegdal_Kalabhavi,50 by 10m vegetation plots and a 5 by 10m regeneration plot within
K18,ncf:ceros:atr_ktr:trees:K18,ncf:ceros:atr_ktr:trees:K18:33,Terminalia paniculata B.Heyne ex Roth,Terminalia paniculata,Combretaceae,Terminalia,15.09507,74.42705,100.0,2025-11-27,Kumbharwada_Kumbharwada_Kalsai,50 by 10m vegetation plots and a 5 by 10m regeneration plot within
K51,ncf:ceros:atr_ktr:trees:K51,ncf:ceros:atr_ktr:trees:K51:34,Microcos paniculata L.,Microcos paniculata,Malvaceae,Microcos,15.03951,74.51396,100.0,2025-12-07,Gund_Marda_Marda,50 by 10m vegetation plots and a 5 by 10m regeneration plot within
K13,ncf:ceros:atr_ktr:trees:K13,ncf:ceros:atr_ktr:trees:K13:17,Glycosmis pentaphylla (Retz.) Corrêa,Glycosmis pentaphylla,Rutaceae,Glycosmis,15.22005,74.39724,100.0,2025-11-26,Kumbharwada_Sulaveli_Vagheli,50 by 10m vegetation plots and a 5 by 10m regeneration plot within
K2,ncf:ceros:atr_ktr:trees:K2,ncf:ceros:atr_ktr:trees:K2:22,Gnetum edule (Willd.) Blume,Gnetum edule,Gnetaceae,Gnetum,14.9607,74.37222,100.0,2025-11-22,Anshi_Badpoli_Digali,50 by 10m vegetation plots and a 5 by 10m regeneration plot within
K4,ncf:ceros:atr_ktr:trees:K4,ncf:ceros:atr_ktr:trees:K4:35,Mangifera indica L.,Mangifera indica,Anacardiaceae,Mangifera,15.02334,74.4273,100.0,2025-11-23,Anshi_Sawanth Matkarni_Sawanth Matkarni,50 by 10m vegetation plots and a 5 by 10m regeneration plot within
K39,ncf:ceros:atr_ktr:trees:K39,ncf:ceros:atr_ktr:trees:K39:36,Ziziphus rugosa Lam.,Ziziphus rugosa,Rhamnaceae,Ziziphus,15.15024,74.62002,100.0,2025-12-04,Kulgi_Kulgi_Kulgi-South,50 by 10m vegetation plots and a 5 by 10m regeneration plot within
K38,ncf:ceros:atr_ktr:trees:K38,ncf:ceros:atr_ktr:trees:K38:17,Grewia serrulata DC.,Grewia serrulata,Malvaceae,Grewia,15.16349,74.62148,100.0,2025-12-04,Kulgi_Kulgi_Kulgi-South,50 by 10m vegetation plots and a 5 by 10m regeneration plot within
K55,ncf:ceros:atr_ktr:trees:K55,ncf:ceros:atr_ktr:trees:K55:8,Catunaregam spinosa (Thunb.) Tirveng.,Catunaregam spinosa,Rubiaceae,Catunaregam,15.07023,74.53669,100.0,2025-12-07,Gund_Gund_Gund,50 by 10m vegetation plots and a 5 by 10m regeneration plot within
K34,ncf:ceros:atr_ktr:trees:K34,ncf:ceros:atr_ktr:trees:K34:11,Capparis rheedei DC.,Capparis rheedei,Capparaceae,Capparis,15.42029,74.32832,100.0,2025-12-02,Castlerock_Anmod_Anmod-East,50 by 10m vegetation plots and a 5 by 10m regeneration plot within
K24,ncf:ceros:atr_ktr:trees:K24,ncf:ceros:atr_ktr:trees:K24:7,Calophyllum apetalum Willd.,Calophyllum apetalum,Calophyllaceae,Calophyllum,14.97144,74.31979,100.0,2025-11-29,Kadra_Bargadde_Sanake,50 by 10m vegetation plots and a 5 by 10m regeneration plot within
K39,ncf:ceros:atr_ktr:trees:K39,ncf:ceros:atr_ktr:trees:K39:4,Bauhinia racemosa Lam.,Bauhinia racemosa,Fabaceae,Bauhinia,15.15024,74.62002,100.0,2025-12-04,Kulgi_Kulgi_Kulgi-South,50 by 10m vegetation plots and a 5 by 10m regeneration plot within
K53,ncf:ceros:atr_ktr:trees:K53,ncf:ceros:atr_ktr:trees:K53:44,Xylia xylocarpa (Roxb.) W.Theob.,Xylia xylocarpa,Fabaceae,Xylia,15.05536,74.53871,100.0,2025-12-07,Gund_Tammanagi_Shavale,50 by 10m vegetation plots and a 5 by 10m regeneration plot within
K17,ncf:ceros:atr_ktr:trees:K17,ncf:ceros:atr_ktr:trees:K17:47,Paramignya monophylla Wight,Paramignya monophylla,Rutaceae,Paramignya,15.11042,74.36691,100.0,2025-11-27,Kumbharwada_Kumbharwada_Kumbharwada,50 by 10m vegetation plots and a 5 by 10m regeneration plot within
K9,ncf:ceros:atr_ktr:trees:K9,ncf:ceros:atr_ktr:trees:K9:33,Canthium rheedei DC.,Canthium rheedei,Rubiaceae,Canthium,15.04249,74.35,100.0,2025-11-24,Anshi_Badpoli_Lande,50 by 10m vegetation plots and a 5 by 10m regeneration plot within
K7,ncf:ceros:atr_ktr:trees:K7,ncf:ceros:atr_ktr:trees:K7:10,Calamus thwaitesii Becc.,Calamus thwaitesii,Arecaceae,Calamus,15.09989,74.38199,100.0,2025-11-24,Anshi_Nujji_Jhalavali,50 by 10m vegetation plots and a 5 by 10m regeneration plot within
K37,ncf:ceros:atr_ktr:trees:K37,ncf:ceros:atr_ktr:trees:K37:7,Clematis zeylanica (L.) Poir.,Clematis zeylanica,Ranunculaceae,Clematis,15.15166,74.64497,100.0,2025-12-04,Kulgi_Kegdal_Gutti,50 by 10m vegetation plots and a 5 by 10m regeneration plot within
K14,ncf:ceros:atr_ktr:trees:K14,ncf:ceros:atr_ktr:trees:K14:48,Sterculia guttata Roxb.,Sterculia guttata,Malvaceae,Sterculia,15.21519,74.37618,100.0,2025-11-26,Kumbharwada_Sulaveli_Sulaveli,50 by 10m vegetation plots and a 5 by 10m regeneration plot within
K34,ncf:ceros:atr_ktr:trees:K34,ncf:ceros:atr_ktr:trees:K34:39,Ixora brachiata Roxb.,Ixora brachiata,Rubiaceae,Ixora,15.42029,74.32832,100.0,2025-12-02,Castlerock_Anmod_Anmod-East,50 by 10m vegetation plots and a 5 by 10m regeneration plot within
K16,ncf:ceros:atr_ktr:trees:K16,ncf:ceros:atr_ktr:trees:K16:52,Terminalia elliptica Willd.,Terminalia elliptica,Combretaceae,Terminalia,15.12424,74.32561,100.0,2025-11-27,Kumbharwada_Kundal_Keloli,50 by 10m vegetation plots and a 5 by 10m regeneration plot within
K35,ncf:ceros:atr_ktr:trees:K35,ncf:ceros:atr_ktr:trees:K35:17,Dracaena terniflora Roxb.,Dracaena elliptica,Asparagaceae,Dracaena,15.47685,74.30104,100.0,2025-12-03,Castlerock_Karambal_Vatla,50 by 10m vegetation plots and a 5 by 10m regeneration plot within
K50,ncf:ceros:atr_ktr:trees:K50,ncf:ceros:atr_ktr:trees:K50:23,Hydnocarpus pentandrus (Buch.-Ham.) Oken,Hydnocarpus pentandrus,Achariaceae,Hydnocarpus,15.02905,74.50175,100.0,2025-12-06,Gund_Ulavi_Ulavi,50 by 10m vegetation plots and a 5 by 10m regeneration plot within
K19,ncf:ceros:atr_ktr:trees:K19,ncf:ceros:atr_ktr:trees:K19:51,Xantolis tomentosa (Roxb.) Raf.,Xantolis tomentosa,Sapotaceae,Xantolis,15.05663,74.45597,100.0,2025-11-27,Phansoli_Amboli_Amboli,50 by 10m vegetation plots and a 5 by 10m regeneration plot within
K48,ncf:ceros:atr_ktr:trees:K48,ncf:ceros:atr_ktr:trees:K48:1,Allophylus cobbe (L.) Forsyth fil.,Allophylus cobbe,Sapindaceae,Allophylus,15.14195,74.46927,100.0,2025-12-06,Phansoli_Amboli_Kumbeli,50 by 10m vegetation plots and a 5 by 10m regeneration plot within
K36,ncf:ceros:atr_ktr:trees:K36,ncf:ceros:atr_ktr:trees:K36:41,Ligustrum robustum (Roxb.) Blume,Ligustrum robustum,Oleaceae,Ligustrum,15.48777,74.28354,100.0,2025-12-03,Castlerock_Karambal_Vatla,50 by 10m vegetation plots and a 5 by 10m regeneration plot within
K55,ncf:ceros:atr_ktr:trees:K55,ncf:ceros:atr_ktr:trees:K55:2,Allophylus cobbe (L.) Forsyth fil.,Allophylus cobbe,Sapindaceae,Allophylus,15.07023,74.53669,100.0,2025-12-07,Gund_Gund_Gund,50 by 10m vegetation plots and a 5 by 10m regeneration plot within
K38,ncf:ceros:atr_ktr:trees:K38,ncf:ceros:atr_ktr:trees:K38:13,Diospyros montana Roxb.,Diospyros montana,Ebenaceae,Diospyros,15.16349,74.62148,100.0,2025-12-04,Kulgi_Kulgi_Kulgi-South,50 by 10m vegetation plots and a 5 by 10m regeneration plot within
K36,ncf:ceros:atr_ktr:trees:K36,ncf:ceros:atr_ktr:trees:K36:55,Sarcostigma kleinii Wight & Arn.,Sarcostigma kleinii,Icacinaceae,Sarcostigma,15.48777,74.28354,100.0,2025-12-03,Castlerock_Karambal_Vatla,50 by 10m vegetation plots and a 5 by 10m regeneration plot within
K29,ncf:ceros:atr_ktr:trees:K29,ncf:ceros:atr_ktr:trees:K29:51,Smilax zeylanica L.,Smilax zeylanica,Smilacaceae,Smilax,15.4885,74.34842,100.0,2025-12-01,Castlerock_Anmod_Rangarook,50 by 10m vegetation plots and a 5 by 10m regeneration plot within
K3,ncf:ceros:atr_ktr:trees:K3,ncf:ceros:atr_ktr:trees:K3:7,Artocarpus hirsutus Lam.,Artocarpus hirsutus,Moraceae,Artocarpus,15.02369,74.45427,100.0,2025-11-23,Anshi_Sawanth Matkarni_Sawanth Matkarni,50 by 10m vegetation plots and a 5 by 10m regeneration plot within
K47,ncf:ceros:atr_ktr:trees:K47,ncf:ceros:atr_ktr:trees:K47:43,Vitex altissima L.f.,Vitex altissima,Lamiaceae,Vitex,15.12541,74.48069,100.0,2025-12-06,Phansoli_Amboli_Kumbeli,50 by 10m vegetation plots and a 5 by 10m regeneration plot within
K17,ncf:ceros:atr_ktr:trees:K17,ncf:ceros:atr_ktr:trees:K17:53,Reissantia indica (Willd.) N.Hallé,Reissantia indica,Celastraceae,Reissantia,15.11042,74.36691,100.0,2025-11-27,Kumbharwada_Kumbharwada_Kumbharwada,50 by 10m vegetation plots and a 5 by 10m regeneration plot within
K47,ncf:ceros:atr_ktr:trees:K47,ncf:ceros:atr_ktr:trees:K47:17,Embelia tsjeriam-cottam (Roem. & Schult.) A.DC.,Embelia tsjeriam-cottam,Primulaceae,Embelia,15.12541,74.48069,100.0,2025-12-06,Phansoli_Amboli_Kumbeli,50 by 10m vegetation plots and a 5 by 10m regeneration plot within
K50,ncf:ceros:atr_ktr:trees:K50,ncf:ceros:atr_ktr:trees:K50:16,Diospyros paniculata Dalzell,Diospyros paniculata,Ebenaceae,Diospyros,15.02905,74.50175,100.0,2025-12-06,Gund_Ulavi_Ulavi,50 by 10m vegetation plots and a 5 by 10m regeneration plot within
K55,ncf:ceros:atr_ktr:trees:K55,ncf:ceros:atr_ktr:trees:K55:4,Artocarpus gomezianus Wall. ex Trécul,Artocarpus gomezianus,Moraceae,Artocarpus,15.07023,74.53669,100.0,2025-12-07,Gund_Gund_Gund,50 by 10m vegetation plots and a 5 by 10m regeneration plot within
K35,ncf:ceros:atr_ktr:trees:K35,ncf:ceros:atr_ktr:trees:K35:56,Xantolis tomentosa (Roxb.) Raf.,Xantolis tomentosa,Sapotaceae,Xantolis,15.47685,74.30104,100.0,2025-12-03,Castlerock_Karambal_Vatla,50 by 10m vegetation plots and a 5 by 10m regeneration plot within
K14,ncf:ceros:atr_ktr:trees:K14,ncf:ceros:atr_ktr:trees:K14:14,Clausena anisata (Willd.) Hook.fil.,Clausena anisata,Rutaceae,Clausena,15.21519,74.37618,100.0,2025-11-26,Kumbharwada_Sulaveli_Sulaveli,50 by 10m vegetation plots and a 5 by 10m regeneration plot within
K19,ncf:ceros:atr_ktr:trees:K19,ncf:ceros:atr_ktr:trees:K19:5,Aphanamixis polystachya (Wall.) R.Parker,Aphanamixis polystachya,Meliaceae,Aphanamixis,15.05663,74.45597,100.0,2025-11-27,Phansoli_Amboli_Amboli,50 by 10m vegetation plots and a 5 by 10m regeneration plot within
K28,ncf:ceros:atr_ktr:trees:K28,ncf:ceros:atr_ktr:trees:K28:34,Ixora nigricans R.Br. ex Wight & Arn.,Ixora nigricans,Rubiaceae,Ixora,14.93541,74.35854,100.0,2025-11-30,Kadra_Kadra_Kadra-West,50 by 10m vegetation plots and a 5 by 10m regeneration plot within
K8,ncf:ceros:atr_ktr:trees:K8,ncf:ceros:atr_ktr:trees:K8:35,Syzygium cumini (L.) Skeels,Syzygium cumini,Myrtaceae,Syzygium,15.04524,74.33066,100.0,2025-11-24,Anshi_Nujji_Nujji,50 by 10m vegetation plots and a 5 by 10m regeneration plot within
K25,ncf:ceros:atr_ktr:trees:K25,ncf:ceros:atr_ktr:trees:K25:44,Terminalia paniculata B.Heyne ex Roth,Terminalia paniculata,Combretaceae,Terminalia,14.95361,74.31835,100.0,2025-11-29,Kadra_Bargadde_Bargadde,50 by 10m vegetation plots and a 5 by 10m regeneration plot within
K29,ncf:ceros:atr_ktr:trees:K29,ncf:ceros:atr_ktr:trees:K29:26,Gnetum edule (Willd.) Blume,Gnetum edule,Gnetaceae,Gnetum,15.4885,74.34842,100.0,2025-12-01,Castlerock_Anmod_Rangarook,50 by 10m vegetation plots and a 5 by 10m regeneration plot within
K17,ncf:ceros:atr_ktr:trees:K17,ncf:ceros:atr_ktr:trees:K17:42,Neolitsea foliosa (Nees) Gamble,Neolitsea foliosa,Lauraceae,Neolitsea,15.11042,74.36691,100.0,2025-11-27,Kumbharwada_Kumbharwada_Kumbharwada,50 by 10m vegetation plots and a 5 by 10m regeneration plot within
K35,ncf:ceros:atr_ktr:trees:K35,ncf:ceros:atr_ktr:trees:K35:20,Euonymus indicus B.Heyne ex Roxb.,Euonymus indicus,Celastraceae,Euonymus,15.47685,74.30104,100.0,2025-12-03,Castlerock_Karambal_Vatla,50 by 10m vegetation plots and a 5 by 10m regeneration plot within
K39,ncf:ceros:atr_ktr:trees:K39,ncf:ceros:atr_ktr:trees:K39:29,Strychnos nux-vomica L.,Strychnos nux-vomica,Loganiaceae,Strychnos,15.15024,74.62002,100.0,2025-12-04,Kulgi_Kulgi_Kulgi-South,50 by 10m vegetation plots and a 5 by 10m regeneration plot within
K12,ncf:ceros:atr_ktr:trees:K12,ncf:ceros:atr_ktr:trees:K12:5,Calamus thwaitesii Becc.,Calamus thwaitesii,Arecaceae,Calamus,15.21126,74.348,100.0,2025-11-25,Kumbharwada_Terali_Patagudi,50 by 10m vegetation plots and a 5 by 10m regeneration plot within
K55,ncf:ceros:atr_ktr:trees:K55,ncf:ceros:atr_ktr:trees:K55:5,Caryota urens L.,Caryota urens,Arecaceae,Caryota,15.07023,74.53669,100.0,2025-12-07,Gund_Gund_Gund,50 by 10m vegetation plots and a 5 by 10m regeneration plot within
K49,ncf:ceros:atr_ktr:trees:K49,ncf:ceros:atr_ktr:trees:K49:36,Microcos paniculata L.,Microcos paniculata,Malvaceae,Microcos,15.0245,74.4809,100.0,2025-12-06,Gund_Marda_Shimpura Gudda,50 by 10m vegetation plots and a 5 by 10m regeneration plot within
K9,ncf:ceros:atr_ktr:trees:K9,ncf:ceros:atr_ktr:trees:K9:41,Xantolis tomentosa (Roxb.) Raf.,Xantolis tomentosa,Sapotaceae,Xantolis,15.04249,74.35,100.0,2025-11-24,Anshi_Badpoli_Lande,50 by 10m vegetation plots and a 5 by 10m regeneration plot within
K55,ncf:ceros:atr_ktr:trees:K55,ncf:ceros:atr_ktr:trees:K55:20,Leea indica (Burm.fil.) Merr.,Leea indica,Vitaceae,Leea,15.07023,74.53669,100.0,2025-12-07,Gund_Gund_Gund,50 by 10m vegetation plots and a 5 by 10m regeneration plot within
K50,ncf:ceros:atr_ktr:trees:K50,ncf:ceros:atr_ktr:trees:K50:9,Beilschmiedia dalzellii (Meisn.) Kosterm.,Beilschmiedia dalzellii,Lauraceae,Beilschmiedia,15.02905,74.50175,100.0,2025-12-06,Gund_Ulavi_Ulavi,50 by 10m vegetation plots and a 5 by 10m regeneration plot within
K9,ncf:ceros:atr_ktr:trees:K9,ncf:ceros:atr_ktr:trees:K9:35,Psydrax dicoccos Gaertn.,Psydrax dicoccos,Rubiaceae,Psydrax,15.04249,74.35,100.0,2025-11-24,Anshi_Badpoli_Lande,50 by 10m vegetation plots and a 5 by 10m regeneration plot within
K21,ncf:ceros:atr_ktr:trees:K21,ncf:ceros:atr_ktr:trees:K21:19,Tabernaemontana alternifolia L.,Tabernaemontana alternifolia,Apocynaceae,Tabernaemontana,14.88869,74.43009,100.0,2025-11-28,Kadra_Kadra_Balemane,50 by 10m vegetation plots and a 5 by 10m regeneration plot within
K43,ncf:ceros:atr_ktr:trees:K43,ncf:ceros:atr_ktr:trees:K43:10,Diospyros montana Roxb.,Diospyros montana,Ebenaceae,Diospyros,15.13126,74.6676,100.0,2025-12-05,Kulgi_Jamga_Jamga-East,50 by 10m vegetation plots and a 5 by 10m regeneration plot within
K55,ncf:ceros:atr_ktr:trees:K55,ncf:ceros:atr_ktr:trees:K55:34,Xylia xylocarpa (Roxb.) W.Theob.,Xylia xylocarpa,Fabaceae,Xylia,15.07023,74.53669,100.0,2025-12-07,Gund_Gund_Gund,50 by 10m vegetation plots and a 5 by 10m regeneration plot within
K4,ncf:ceros:atr_ktr:trees:K4,ncf:ceros:atr_ktr:trees:K4:36,Nothapodytes nimmoniana (J.Graham) Mabb.,Nothapodytes nimmoniana,Icacinaceae,Nothapodytes,15.02334,74.4273,100.0,2025-11-23,Anshi_Sawanth Matkarni_Sawanth Matkarni,50 by 10m vegetation plots and a 5 by 10m regeneration plot within
K55,ncf:ceros:atr_ktr:trees:K55,ncf:ceros:atr_ktr:trees:K55:16,Garcinia indica (Thouars) Choisy,Garcinia indica,Clusiaceae,Garcinia,15.07023,74.53669,100.0,2025-12-07,Gund_Gund_Gund,50 by 10m vegetation plots and a 5 by 10m regeneration plot within
K20,ncf:ceros:atr_ktr:trees:K20,ncf:ceros:atr_ktr:trees:K20:4,Piliostigma foveolatum (Dalzell) Thoth.,Piliostigma foveolatum,Fabaceae,Piliostigma,14.8929,74.46011,100.0,2025-11-28,Kadra_Kadra_Balemane,50 by 10m vegetation plots and a 5 by 10m regeneration plot within
K39,ncf:ceros:atr_ktr:trees:K39,ncf:ceros:atr_ktr:trees:K39:9,Chromolaena odorata (L.) R.M.King & H.Rob.,Chromolaena odorata,Asteraceae,Chromolaena,15.15024,74.62002,100.0,2025-12-04,Kulgi_Kulgi_Kulgi-South,50 by 10m vegetation plots and a 5 by 10m regeneration plot within
K53,ncf:ceros:atr_ktr:trees:K53,ncf:ceros:atr_ktr:trees:K53:42,Turraea pubescens Hell.,Turraea pubescens,Meliaceae,Turraea,15.05536,74.53871,100.0,2025-12-07,Gund_Tammanagi_Shavale,50 by 10m vegetation plots and a 5 by 10m regeneration plot within
K28,ncf:ceros:atr_ktr:trees:K28,ncf:ceros:atr_ktr:trees:K28:42,Myristica malabarica Lam.,Myristica malabarica,Myristicaceae,Myristica,14.93541,74.35854,100.0,2025-11-30,Kadra_Kadra_Kadra-West,50 by 10m vegetation plots and a 5 by 10m regeneration plot within
K51,ncf:ceros:atr_ktr:trees:K51,ncf:ceros:atr_ktr:trees:K51:42,Strychnos nux-vomica L.,Strychnos nux-vomica,Loganiaceae,Strychnos,15.03951,74.51396,100.0,2025-12-07,Gund_Marda_Marda,50 by 10m vegetation plots and a 5 by 10m regeneration plot within
K41,ncf:ceros:atr_ktr:trees:K41,ncf:ceros:atr_ktr:trees:K41:18,Ventilago denticulata Willd.,Ventilago denticulata,Rhamnaceae,Ventilago,15.14435,74.67638,100.0,2025-12-05,Kulgi_Kegdal_Gutti,50 by 10m vegetation plots and a 5 by 10m regeneration plot within
K37,ncf:ceros:atr_ktr:trees:K37,ncf:ceros:atr_ktr:trees:K37:3,Bauhinia racemosa Lam.,Bauhinia racemosa,Fabaceae,Bauhinia,15.15166,74.64497,100.0,2025-12-04,Kulgi_Kegdal_Gutti,50 by 10m vegetation plots and a 5 by 10m regeneration plot within
K48,ncf:ceros:atr_ktr:trees:K48,ncf:ceros:atr_ktr:trees:K48:31,Terminalia elliptica Willd.,Terminalia elliptica,Combretaceae,Terminalia,15.14195,74.46927,100.0,2025-12-06,Phansoli_Amboli_Kumbeli,50 by 10m vegetation plots and a 5 by 10m regeneration plot within
K28,ncf:ceros:atr_ktr:trees:K28,ncf:ceros:atr_ktr:trees:K28:27,Garcinia indica (Thouars) Choisy,Garcinia indica,Clusiaceae,Garcinia,14.93541,74.35854,100.0,2025-11-30,Kadra_Kadra_Kadra-West,50 by 10m vegetation plots and a 5 by 10m regeneration plot within
K6,ncf:ceros:atr_ktr:trees:K6,ncf:ceros:atr_ktr:trees:K6:15,Diospyros candolleana Wight,Diospyros candolleana,Ebenaceae,Diospyros,15.01219,74.39533,100.0,2025-11-23,Anshi_Sawanth Matkarni_Sawanth Matkarni,50 by 10m vegetation plots and a 5 by 10m regeneration plot within
K24,ncf:ceros:atr_ktr:trees:K24,ncf:ceros:atr_ktr:trees:K24:26,Ixora brachiata Roxb.,Ixora brachiata,Rubiaceae,Ixora,14.97144,74.31979,100.0,2025-11-29,Kadra_Bargadde_Sanake,50 by 10m vegetation plots and a 5 by 10m regeneration plot within
K27,ncf:ceros:atr_ktr:trees:K27,ncf:ceros:atr_ktr:trees:K27:8,Boehmeria depauperata Wedd.,Boehmeria depauperata,Urticaceae,Boehmeria,14.92656,74.35452,100.0,2025-11-29,Kadra_Kadra_Kadra-West,50 by 10m vegetation plots and a 5 by 10m regeneration plot within
K33,ncf:ceros:atr_ktr:trees:K33,ncf:ceros:atr_ktr:trees:K33:43,Tetrapilus dioicus (Roxb.) L.A.S.Johnson,Tetrapilus dioicus,Oleaceae,Tetrapilus,15.38466,74.34508,100.0,2025-12-02,Castlerock_Castlerock_Kalambuli,50 by 10m vegetation plots and a 5 by 10m regeneration plot within
K25,ncf:ceros:atr_ktr:trees:K25,ncf:ceros:atr_ktr:trees:K25:31,Tetrapilus dioicus (Roxb.) L.A.S.Johnson,Tetrapilus dioicus,Oleaceae,Tetrapilus,14.95361,74.31835,100.0,2025-11-29,Kadra_Bargadde_Bargadde,50 by 10m vegetation plots and a 5 by 10m regeneration plot within
K29,ncf:ceros:atr_ktr:trees:K29,ncf:ceros:atr_ktr:trees:K29:28,Gymnosporia rothiana (Walp.) M.A.Lawson,Gymnosporia rothiana,Celastraceae,Gymnosporia,15.4885,74.34842,100.0,2025-12-01,Castlerock_Anmod_Rangarook,50 by 10m vegetation plots and a 5 by 10m regeneration plot within
K3,ncf:ceros:atr_ktr:trees:K3,ncf:ceros:atr_ktr:trees:K3:22,Diospyros candolleana Wight,Diospyros candolleana,Ebenaceae,Diospyros,15.02369,74.45427,100.0,2025-11-23,Anshi_Sawanth Matkarni_Sawanth Matkarni,50 by 10m vegetation plots and a 5 by 10m regeneration plot within
K33,ncf:ceros:atr_ktr:trees:K33,ncf:ceros:atr_ktr:trees:K33:26,Ixora brachiata Roxb.,Ixora brachiata,Rubiaceae,Ixora,15.38466,74.34508,100.0,2025-12-02,Castlerock_Castlerock_Kalambuli,50 by 10m vegetation plots and a 5 by 10m regeneration plot within
K39,ncf:ceros:atr_ktr:trees:K39,ncf:ceros:atr_ktr:trees:K39:22,Mezoneuron cucullatum (Roxb.) Wight & Arn.,Mezoneuron cucullatum,Fabaceae,Mezoneuron,15.15024,74.62002,100.0,2025-12-04,Kulgi_Kulgi_Kulgi-South,50 by 10m vegetation plots and a 5 by 10m regeneration plot within
K19,ncf:ceros:atr_ktr:trees:K19,ncf:ceros:atr_ktr:trees:K19:20,Getonia floribunda Roxb.,Getonia floribunda,Combretaceae,Getonia,15.05663,74.45597,100.0,2025-11-27,Phansoli_Amboli_Amboli,50 by 10m vegetation plots and a 5 by 10m regeneration plot within
K11,ncf:ceros:atr_ktr:trees:K11,ncf:ceros:atr_ktr:trees:K11:10,Casearia Jacq.,,Salicaceae,Casearia,15.24596,74.28135,100.0,2025-11-25,Kumbharwada_Diggi_Diggi,50 by 10m vegetation plots and a 5 by 10m regeneration plot within
K1,ncf:ceros:atr_ktr:trees:K1,ncf:ceros:atr_ktr:trees:K1:34,Hydnocarpus pentandrus (Buch.-Ham.) Oken,Hydnocarpus pentandrus,Achariaceae,Hydnocarpus,14.95109,74.37002,100.0,2025-11-22,Anshi_Anshi_Badpoli,50 by 10m vegetation plots and a 5 by 10m regeneration plot within
K4,ncf:ceros:atr_ktr:trees:K4,ncf:ceros:atr_ktr:trees:K4:25,Holigarna arnottiana Wall. ex Hook.fil.,Holigarna arnottiana,Anacardiaceae,Holigarna,15.02334,74.4273,100.0,2025-11-23,Anshi_Sawanth Matkarni_Sawanth Matkarni,50 by 10m vegetation plots and a 5 by 10m regeneration plot within
K2,ncf:ceros:atr_ktr:trees:K2,ncf:ceros:atr_ktr:trees:K2:26,Ixora brachiata Roxb.,Ixora brachiata,Rubiaceae,Ixora,14.9607,74.37222,100.0,2025-11-22,Anshi_Badpoli_Digali,50 by 10m vegetation plots and a 5 by 10m regeneration plot within
K33,ncf:ceros:atr_ktr:trees:K33,ncf:ceros:atr_ktr:trees:K33:30,Ligustrum robustum (Roxb.) Blume,Ligustrum robustum,Oleaceae,Ligustrum,15.38466,74.34508,100.0,2025-12-02,Castlerock_Castlerock_Kalambuli,50 by 10m vegetation plots and a 5 by 10m regeneration plot within
K49,ncf:ceros:atr_ktr:trees:K49,ncf:ceros:atr_ktr:trees:K49:51,Tabernaemontana alternifolia L.,Tabernaemontana alternifolia,Apocynaceae,Tabernaemontana,15.0245,74.4809,100.0,2025-12-06,Gund_Marda_Shimpura Gudda,50 by 10m vegetation plots and a 5 by 10m regeneration plot within
K36,ncf:ceros:atr_ktr:trees:K36,ncf:ceros:atr_ktr:trees:K36:59,"Zanthoxylum asiaticum (L.) Appelhans, Groppo & J.Wen",Zanthoxylum asiaticum,Rutaceae,Zanthoxylum,15.48777,74.28354,100.0,2025-12-03,Castlerock_Karambal_Vatla,50 by 10m vegetation plots and a 5 by 10m regeneration plot within
K14,ncf:ceros:atr_ktr:trees:K14,ncf:ceros:atr_ktr:trees:K14:1,Aglaia elaeagnoidea (A.Juss.) Benth.,Aglaia elaeagnoidea,Meliaceae,Aglaia,15.21519,74.37618,100.0,2025-11-26,Kumbharwada_Sulaveli_Sulaveli,50 by 10m vegetation plots and a 5 by 10m regeneration plot within
K10,ncf:ceros:atr_ktr:trees:K10,ncf:ceros:atr_ktr:trees:K10:37,Mimusops elengi L.,Mimusops elengi,Sapotaceae,Mimusops,15.01108,74.35722,100.0,2025-11-24,Anshi_Badpoli_Badpoli,50 by 10m vegetation plots and a 5 by 10m regeneration plot within
K50,ncf:ceros:atr_ktr:trees:K50,ncf:ceros:atr_ktr:trees:K50:5,Ancistrocladus heyneanus Wall.,Ancistrocladus heyneanus,Ancistrocladaceae,Ancistrocladus,15.02905,74.50175,100.0,2025-12-06,Gund_Ulavi_Ulavi,50 by 10m vegetation plots and a 5 by 10m regeneration plot within
K42,ncf:ceros:atr_ktr:trees:K42,ncf:ceros:atr_ktr:trees:K42:4,Casearia tomentosa Roxb.,Casearia tomentosa,Salicaceae,Casearia,15.1487,74.69531,100.0,2025-12-05,Kulgi_Kegdal_Kalabhavi,50 by 10m vegetation plots and a 5 by 10m regeneration plot within
K18,ncf:ceros:atr_ktr:trees:K18,ncf:ceros:atr_ktr:trees:K18:22,Mallotus philippensis (Lam.) Müll.Arg.,Mallotus philippensis,Euphorbiaceae,Mallotus,15.09507,74.42705,100.0,2025-11-27,Kumbharwada_Kumbharwada_Kalsai,50 by 10m vegetation plots and a 5 by 10m regeneration plot within
K49,ncf:ceros:atr_ktr:trees:K49,ncf:ceros:atr_ktr:trees:K49:56,Vitex altissima L.f.,Vitex altissima,Lamiaceae,Vitex,15.0245,74.4809,100.0,2025-12-06,Gund_Marda_Shimpura Gudda,50 by 10m vegetation plots and a 5 by 10m regeneration plot within
K51,ncf:ceros:atr_ktr:trees:K51,ncf:ceros:atr_ktr:trees:K51:9,Caryota urens L.,Caryota urens,Arecaceae,Caryota,15.03951,74.51396,100.0,2025-12-07,Gund_Marda_Marda,50 by 10m vegetation plots and a 5 by 10m regeneration plot within
K28,ncf:ceros:atr_ktr:trees:K28,ncf:ceros:atr_ktr:trees:K28:32,Hydnocarpus pentandrus (Buch.-Ham.) Oken,Hydnocarpus pentandrus,Achariaceae,Hydnocarpus,14.93541,74.35854,100.0,2025-11-30,Kadra_Kadra_Kadra-West,50 by 10m vegetation plots and a 5 by 10m regeneration plot within
K31,ncf:ceros:atr_ktr:trees:K31,ncf:ceros:atr_ktr:trees:K31:50,Phoebe Nees,,Lauraceae,Phoebe,15.32309,74.38428,100.0,2025-12-02,Castlerock_NA_Viral,50 by 10m vegetation plots and a 5 by 10m regeneration plot within
K37,ncf:ceros:atr_ktr:trees:K37,ncf:ceros:atr_ktr:trees:K37:24,Tectona grandis L.f.,Tectona grandis,Lamiaceae,Tectona,15.15166,74.64497,100.0,2025-12-04,Kulgi_Kegdal_Gutti,50 by 10m vegetation plots and a 5 by 10m regeneration plot within
K26,ncf:ceros:atr_ktr:trees:K26,ncf:ceros:atr_ktr:trees:K26:49,Xylia xylocarpa (Roxb.) W.Theob.,Xylia xylocarpa,Fabaceae,Xylia,14.94972,74.29521,100.0,2025-11-29,Kadra_Bargadde_Bargadde,50 by 10m vegetation plots and a 5 by 10m regeneration plot within
K27,ncf:ceros:atr_ktr:trees:K27,ncf:ceros:atr_ktr:trees:K27:31,Leea indica (Burm.fil.) Merr.,Leea indica,Vitaceae,Leea,14.92656,74.35452,100.0,2025-11-29,Kadra_Kadra_Kadra-West,50 by 10m vegetation plots and a 5 by 10m regeneration plot within
K15,ncf:ceros:atr_ktr:trees:K15,ncf:ceros:atr_ktr:trees:K15:31,Ixora brachiata Roxb.,Ixora brachiata,Rubiaceae,Ixora,15.23219,74.34004,100.0,2025-11-26,Kumbharwada_Sulaveli_Sulaveli,50 by 10m vegetation plots and a 5 by 10m regeneration plot within
K35,ncf:ceros:atr_ktr:trees:K35,ncf:ceros:atr_ktr:trees:K35:29,Ixora brachiata Roxb.,Ixora brachiata,Rubiaceae,Ixora,15.47685,74.30104,100.0,2025-12-03,Castlerock_Karambal_Vatla,50 by 10m vegetation plots and a 5 by 10m regeneration plot within
K56,ncf:ceros:atr_ktr:trees:K56,ncf:ceros:atr_ktr:trees:K56:19,Syzygium cumini (L.) Skeels,Syzygium cumini,Myrtaceae,Syzygium,15.09191,74.51578,100.0,2025-12-07,Phansoli_Avurli_Avurli,50 by 10m vegetation plots and a 5 by 10m regeneration plot within
K43,ncf:ceros:atr_ktr:trees:K43,ncf:ceros:atr_ktr:trees:K43:18,Leea indica (Burm.fil.) Merr.,Leea indica,Vitaceae,Leea,15.13126,74.6676,100.0,2025-12-05,Kulgi_Jamga_Jamga-East,50 by 10m vegetation plots and a 5 by 10m regeneration plot within
K33,ncf:ceros:atr_ktr:trees:K33,ncf:ceros:atr_ktr:trees:K33:29,Leea indica (Burm.fil.) Merr.,Leea indica,Vitaceae,Leea,15.38466,74.34508,100.0,2025-12-02,Castlerock_Castlerock_Kalambuli,50 by 10m vegetation plots and a 5 by 10m regeneration plot within
K34,ncf:ceros:atr_ktr:trees:K34,ncf:ceros:atr_ktr:trees:K34:71,Xantolis tomentosa (Roxb.) Raf.,Xantolis tomentosa,Sapotaceae,Xantolis,15.42029,74.32832,100.0,2025-12-02,Castlerock_Anmod_Anmod-East,50 by 10m vegetation plots and a 5 by 10m regeneration plot within
K14,ncf:ceros:atr_ktr:trees:K14,ncf:ceros:atr_ktr:trees:K14:46,Scolopia crenata (Wight & Arn.) Clos,Scolopia crenata,Salicaceae,Scolopia,15.21519,74.37618,100.0,2025-11-26,Kumbharwada_Sulaveli_Sulaveli,50 by 10m vegetation plots and a 5 by 10m regeneration plot within
K29,ncf:ceros:atr_ktr:trees:K29,ncf:ceros:atr_ktr:trees:K29:7,Carissa inermis Vahl,Carissa inermis,Apocynaceae,Carissa,15.4885,74.34842,100.0,2025-12-01,Castlerock_Anmod_Rangarook,50 by 10m vegetation plots and a 5 by 10m regeneration plot within
K22,ncf:ceros:atr_ktr:trees:K22,ncf:ceros:atr_ktr:trees:K22:27,Ventilago Gaertn.,,Rhamnaceae,Ventilago,14.87999,74.41013,100.0,2025-11-28,Kadra_Kadra_Balemane,50 by 10m vegetation plots and a 5 by 10m regeneration plot within
K18,ncf:ceros:atr_ktr:trees:K18,ncf:ceros:atr_ktr:trees:K18:14,Desmos chinensis Lour.,Desmos chinensis,Annonaceae,Desmos,15.09507,74.42705,100.0,2025-11-27,Kumbharwada_Kumbharwada_Kalsai,50 by 10m vegetation plots and a 5 by 10m regeneration plot within
K16,ncf:ceros:atr_ktr:trees:K16,ncf:ceros:atr_ktr:trees:K16:1,Adenia hondala (Gaertn.) W.J.de Wilde,Adenia hondala,Passifloraceae,Adenia,15.12424,74.32561,100.0,2025-11-27,Kumbharwada_Kundal_Keloli,50 by 10m vegetation plots and a 5 by 10m regeneration plot within
K55,ncf:ceros:atr_ktr:trees:K55,ncf:ceros:atr_ktr:trees:K55:29,Strychnos nux-vomica L.,Strychnos nux-vomica,Loganiaceae,Strychnos,15.07023,74.53669,100.0,2025-12-07,Gund_Gund_Gund,50 by 10m vegetation plots and a 5 by 10m regeneration plot within
K17,ncf:ceros:atr_ktr:trees:K17,ncf:ceros:atr_ktr:trees:K17:29,Holigarna grahamii (Wight) Kurz,Holigarna grahamii,Anacardiaceae,Holigarna,15.11042,74.36691,100.0,2025-11-27,Kumbharwada_Kumbharwada_Kumbharwada,50 by 10m vegetation plots and a 5 by 10m regeneration plot within
K5,ncf:ceros:atr_ktr:trees:K5,ncf:ceros:atr_ktr:trees:K5:17,Elaeagnus conferta Roxb.,Elaeagnus conferta,Elaeagnaceae,Elaeagnus,14.98514,74.37265,100.0,2025-11-23,Anshi_Anshi_Anshi,50 by 10m vegetation plots and a 5 by 10m regeneration plot within
K33,ncf:ceros:atr_ktr:trees:K33,ncf:ceros:atr_ktr:trees:K33:9,Careya arborea Roxb.,Careya arborea,Lecythidaceae,Careya,15.38466,74.34508,100.0,2025-12-02,Castlerock_Castlerock_Kalambuli,50 by 10m vegetation plots and a 5 by 10m regeneration plot within
K16,ncf:ceros:atr_ktr:trees:K16,ncf:ceros:atr_ktr:trees:K16:38,Mimusops elengi L.,Mimusops elengi,Sapotaceae,Mimusops,15.12424,74.32561,100.0,2025-11-27,Kumbharwada_Kundal_Keloli,50 by 10m vegetation plots and a 5 by 10m regeneration plot within
K3,ncf:ceros:atr_ktr:trees:K3,ncf:ceros:atr_ktr:trees:K3:8,Artocarpus integer (Thunb.) Merr.,Artocarpus integer,Moraceae,Artocarpus,15.02369,74.45427,100.0,2025-11-23,Anshi_Sawanth Matkarni_Sawanth Matkarni,50 by 10m vegetation plots and a 5 by 10m regeneration plot within
K7,ncf:ceros:atr_ktr:trees:K7,ncf:ceros:atr_ktr:trees:K7:23,Diospyros nigricans Wall. ex Hiern,Diospyros benghalensis,Ebenaceae,Diospyros,15.09989,74.38199,100.0,2025-11-24,Anshi_Nujji_Jhalavali,50 by 10m vegetation plots and a 5 by 10m regeneration plot within
K13,ncf:ceros:atr_ktr:trees:K13,ncf:ceros:atr_ktr:trees:K13:25,Machilus glaucescens (Nees) Wight,Machilus glaucescens,Lauraceae,Machilus,15.22005,74.39724,100.0,2025-11-26,Kumbharwada_Sulaveli_Vagheli,50 by 10m vegetation plots and a 5 by 10m regeneration plot within
K31,ncf:ceros:atr_ktr:trees:K31,ncf:ceros:atr_ktr:trees:K31:14,Celtis tetrandra Roxb.,Celtis tetrandra,Cannabaceae,Celtis,15.32309,74.38428,100.0,2025-12-02,Castlerock_NA_Viral,50 by 10m vegetation plots and a 5 by 10m regeneration plot within
K14,ncf:ceros:atr_ktr:trees:K14,ncf:ceros:atr_ktr:trees:K14:10,Casearia Jacq.,,Salicaceae,Casearia,15.21519,74.37618,100.0,2025-11-26,Kumbharwada_Sulaveli_Sulaveli,50 by 10m vegetation plots and a 5 by 10m regeneration plot within
K34,ncf:ceros:atr_ktr:trees:K34,ncf:ceros:atr_ktr:trees:K34:5,Aphanamixis polystachya (Wall.) R.Parker,Aphanamixis polystachya,Meliaceae,Aphanamixis,15.42029,74.32832,100.0,2025-12-02,Castlerock_Anmod_Anmod-East,50 by 10m vegetation plots and a 5 by 10m regeneration plot within
K11,ncf:ceros:atr_ktr:trees:K11,ncf:ceros:atr_ktr:trees:K11:53,Xantolis tomentosa (Roxb.) Raf.,Xantolis tomentosa,Sapotaceae,Xantolis,15.24596,74.28135,100.0,2025-11-25,Kumbharwada_Diggi_Diggi,50 by 10m vegetation plots and a 5 by 10m regeneration plot within
K17,ncf:ceros:atr_ktr:trees:K17,ncf:ceros:atr_ktr:trees:K17:7,Calamus rheedei Griff.,Calamus rheedei,Arecaceae,Calamus,15.11042,74.36691,100.0,2025-11-27,Kumbharwada_Kumbharwada_Kumbharwada,50 by 10m vegetation plots and a 5 by 10m regeneration plot within
K14,ncf:ceros:atr_ktr:trees:K14,ncf:ceros:atr_ktr:trees:K14:18,Diospyros candolleana Wight,Diospyros candolleana,Ebenaceae,Diospyros,15.21519,74.37618,100.0,2025-11-26,Kumbharwada_Sulaveli_Sulaveli,50 by 10m vegetation plots and a 5 by 10m regeneration plot within
K56,ncf:ceros:atr_ktr:trees:K56,ncf:ceros:atr_ktr:trees:K56:15,Sapindus trifoliatus L.,Sapindus trifoliatus,Sapindaceae,Sapindus,15.09191,74.51578,100.0,2025-12-07,Phansoli_Avurli_Avurli,50 by 10m vegetation plots and a 5 by 10m regeneration plot within
K36,ncf:ceros:atr_ktr:trees:K36,ncf:ceros:atr_ktr:trees:K36:51,Tetrapilus dioicus (Roxb.) L.A.S.Johnson,Tetrapilus dioicus,Oleaceae,Tetrapilus,15.48777,74.28354,100.0,2025-12-03,Castlerock_Karambal_Vatla,50 by 10m vegetation plots and a 5 by 10m regeneration plot within
K25,ncf:ceros:atr_ktr:trees:K25,ncf:ceros:atr_ktr:trees:K25:7,Careya arborea Roxb.,Careya arborea,Lecythidaceae,Careya,14.95361,74.31835,100.0,2025-11-29,Kadra_Bargadde_Bargadde,50 by 10m vegetation plots and a 5 by 10m regeneration plot within
K25,ncf:ceros:atr_ktr:trees:K25,ncf:ceros:atr_ktr:trees:K25:5,Buchanania cochinchinensis (Lour.) Almeida,Buchanania cochinchinensis,Anacardiaceae,Buchanania,14.95361,74.31835,100.0,2025-11-29,Kadra_Bargadde_Bargadde,50 by 10m vegetation plots and a 5 by 10m regeneration plot within
K14,ncf:ceros:atr_ktr:trees:K14,ncf:ceros:atr_ktr:trees:K14:32,Ixora nigricans R.Br. ex Wight & Arn.,Ixora nigricans,Rubiaceae,Ixora,15.21519,74.37618,100.0,2025-11-26,Kumbharwada_Sulaveli_Sulaveli,50 by 10m vegetation plots and a 5 by 10m regeneration plot within
K34,ncf:ceros:atr_ktr:trees:K34,ncf:ceros:atr_ktr:trees:K34:63,Scutia myrtina (Burm.fil.) Kurz,Scutia myrtina,Rhamnaceae,Scutia,15.42029,74.32832,100.0,2025-12-02,Castlerock_Anmod_Anmod-East,50 by 10m vegetation plots and a 5 by 10m regeneration plot within
K6,ncf:ceros:atr_ktr:trees:K6,ncf:ceros:atr_ktr:trees:K6:33,Litsea coriacea (Nees) Hook.fil.,Litsea coriacea,Lauraceae,Litsea,15.01219,74.39533,100.0,2025-11-23,Anshi_Sawanth Matkarni_Sawanth Matkarni,50 by 10m vegetation plots and a 5 by 10m regeneration plot within
K4,ncf:ceros:atr_ktr:trees:K4,ncf:ceros:atr_ktr:trees:K4:42,Psychotria dalzellii Hook.f.,Psychotria dalzellii,Rubiaceae,Psychotria,15.02334,74.4273,100.0,2025-11-23,Anshi_Sawanth Matkarni_Sawanth Matkarni,50 by 10m vegetation plots and a 5 by 10m regeneration plot within
K30,ncf:ceros:atr_ktr:trees:K30,ncf:ceros:atr_ktr:trees:K30:21,Ixora nigricans R.Br. ex Wight & Arn.,Ixora nigricans,Rubiaceae,Ixora,15.47372,74.33301,100.0,2025-12-01,Castlerock_Anmod_Meda,50 by 10m vegetation plots and a 5 by 10m regeneration plot within
K17,ncf:ceros:atr_ktr:trees:K17,ncf:ceros:atr_ktr:trees:K17:58,Syzygium cumini (L.) Skeels,Syzygium cumini,Myrtaceae,Syzygium,15.11042,74.36691,100.0,2025-11-27,Kumbharwada_Kumbharwada_Kumbharwada,50 by 10m vegetation plots and a 5 by 10m regeneration plot within
K11,ncf:ceros:atr_ktr:trees:K11,ncf:ceros:atr_ktr:trees:K11:39,Mimusops elengi L.,Mimusops elengi,Sapotaceae,Mimusops,15.24596,74.28135,100.0,2025-11-25,Kumbharwada_Diggi_Diggi,50 by 10m vegetation plots and a 5 by 10m regeneration plot within
K2,ncf:ceros:atr_ktr:trees:K2,ncf:ceros:atr_ktr:trees:K2:9,Calophyllum polyanthum Wall. ex Choisy,Calophyllum polyanthum,Calophyllaceae,Calophyllum,14.9607,74.37222,100.0,2025-11-22,Anshi_Badpoli_Digali,50 by 10m vegetation plots and a 5 by 10m regeneration plot within
K8,ncf:ceros:atr_ktr:trees:K8,ncf:ceros:atr_ktr:trees:K8:24,Knema attenuata (Hook.fil. & Thomson) Warb.,Knema attenuata,Myristicaceae,Knema,15.04524,74.33066,100.0,2025-11-24,Anshi_Nujji_Nujji,50 by 10m vegetation plots and a 5 by 10m regeneration plot within
K29,ncf:ceros:atr_ktr:trees:K29,ncf:ceros:atr_ktr:trees:K29:6,Carissa carandas L.,Carissa carandas,Apocynaceae,Carissa,15.4885,74.34842,100.0,2025-12-01,Castlerock_Anmod_Rangarook,50 by 10m vegetation plots and a 5 by 10m regeneration plot within
K8,ncf:ceros:atr_ktr:trees:K8,ncf:ceros:atr_ktr:trees:K8:22,Holigarna grahamii (Wight) Kurz,Holigarna grahamii,Anacardiaceae,Holigarna,15.04524,74.33066,100.0,2025-11-24,Anshi_Nujji_Nujji,50 by 10m vegetation plots and a 5 by 10m regeneration plot within
K13,ncf:ceros:atr_ktr:trees:K13,ncf:ceros:atr_ktr:trees:K13:16,Glycosmis mauritiana (Lam.) Yu.Tanaka,Glycosmis mauritiana,Rutaceae,Glycosmis,15.22005,74.39724,100.0,2025-11-26,Kumbharwada_Sulaveli_Vagheli,50 by 10m vegetation plots and a 5 by 10m regeneration plot within
K2,ncf:ceros:atr_ktr:trees:K2,ncf:ceros:atr_ktr:trees:K2:45,Sterculia guttata Roxb.,Sterculia guttata,Malvaceae,Sterculia,14.9607,74.37222,100.0,2025-11-22,Anshi_Badpoli_Digali,50 by 10m vegetation plots and a 5 by 10m regeneration plot within
K48,ncf:ceros:atr_ktr:trees:K48,ncf:ceros:atr_ktr:trees:K48:12,Celtis tetrandra Roxb.,Celtis tetrandra,Cannabaceae,Celtis,15.14195,74.46927,100.0,2025-12-06,Phansoli_Amboli_Kumbeli,50 by 10m vegetation plots and a 5 by 10m regeneration plot within
K51,ncf:ceros:atr_ktr:trees:K51,ncf:ceros:atr_ktr:trees:K51:40,Rourea minor (Gaertn.) Alston,Rourea minor,Connaraceae,Rourea,15.03951,74.51396,100.0,2025-12-07,Gund_Marda_Marda,50 by 10m vegetation plots and a 5 by 10m regeneration plot within
K31,ncf:ceros:atr_ktr:trees:K31,ncf:ceros:atr_ktr:trees:K31:36,Leea indica (Burm.fil.) Merr.,Leea indica,Vitaceae,Leea,15.32309,74.38428,100.0,2025-12-02,Castlerock_NA_Viral,50 by 10m vegetation plots and a 5 by 10m regeneration plot within
K9,ncf:ceros:atr_ktr:trees:K9,ncf:ceros:atr_ktr:trees:K9:22,Lagerstroemia microcarpa Wight,Lagerstroemia microcarpa,Lythraceae,Lagerstroemia,15.04249,74.35,100.0,2025-11-24,Anshi_Badpoli_Lande,50 by 10m vegetation plots and a 5 by 10m regeneration plot within
K17,ncf:ceros:atr_ktr:trees:K17,ncf:ceros:atr_ktr:trees:K17:39,Microcos paniculata L.,Microcos paniculata,Malvaceae,Microcos,15.11042,74.36691,100.0,2025-11-27,Kumbharwada_Kumbharwada_Kumbharwada,50 by 10m vegetation plots and a 5 by 10m regeneration plot within
K8,ncf:ceros:atr_ktr:trees:K8,ncf:ceros:atr_ktr:trees:K8:26,Nothapodytes nimmoniana (J.Graham) Mabb.,Nothapodytes nimmoniana,Icacinaceae,Nothapodytes,15.04524,74.33066,100.0,2025-11-24,Anshi_Nujji_Nujji,50 by 10m vegetation plots and a 5 by 10m regeneration plot within
K25,ncf:ceros:atr_ktr:trees:K25,ncf:ceros:atr_ktr:trees:K25:3,Aporosa cardiosperma (Gaertn.) Merr.,Aporosa cardiosperma,Phyllanthaceae,Aporosa,14.95361,74.31835,100.0,2025-11-29,Kadra_Bargadde_Bargadde,50 by 10m vegetation plots and a 5 by 10m regeneration plot within
K7,ncf:ceros:atr_ktr:trees:K7,ncf:ceros:atr_ktr:trees:K7:44,Nothopegia castaneifolia (Roth) Ding Hou,Nothopegia castaneifolia,Anacardiaceae,Nothopegia,15.09989,74.38199,100.0,2025-11-24,Anshi_Nujji_Jhalavali,50 by 10m vegetation plots and a 5 by 10m regeneration plot within
K38,ncf:ceros:atr_ktr:trees:K38,ncf:ceros:atr_ktr:trees:K38:8,Clematis zeylanica (L.) Poir.,Clematis zeylanica,Ranunculaceae,Clematis,15.16349,74.62148,100.0,2025-12-04,Kulgi_Kulgi_Kulgi-South,50 by 10m vegetation plots and a 5 by 10m regeneration plot within
K10,ncf:ceros:atr_ktr:trees:K10,ncf:ceros:atr_ktr:trees:K10:49,Xantolis tomentosa (Roxb.) Raf.,Xantolis tomentosa,Sapotaceae,Xantolis,15.01108,74.35722,100.0,2025-11-24,Anshi_Badpoli_Badpoli,50 by 10m vegetation plots and a 5 by 10m regeneration plot within
K22,ncf:ceros:atr_ktr:trees:K22,ncf:ceros:atr_ktr:trees:K22:16,Holarrhena pubescens (Buch.-Ham.) Wall. ex G.Don,Holarrhena pubescens,Apocynaceae,Holarrhena,14.87999,74.41013,100.0,2025-11-28,Kadra_Kadra_Balemane,50 by 10m vegetation plots and a 5 by 10m regeneration plot within
K33,ncf:ceros:atr_ktr:trees:K33,ncf:ceros:atr_ktr:trees:K33:38,Microcos paniculata L.,Microcos paniculata,Malvaceae,Microcos,15.38466,74.34508,100.0,2025-12-02,Castlerock_Castlerock_Kalambuli,50 by 10m vegetation plots and a 5 by 10m regeneration plot within
K49,ncf:ceros:atr_ktr:trees:K49,ncf:ceros:atr_ktr:trees:K49:29,Glochidion johnstonei J.Hk.,Glochidion hohenackeri,Phyllanthaceae,Glochidion,15.0245,74.4809,100.0,2025-12-06,Gund_Marda_Shimpura Gudda,50 by 10m vegetation plots and a 5 by 10m regeneration plot within
K36,ncf:ceros:atr_ktr:trees:K36,ncf:ceros:atr_ktr:trees:K36:50,Nothopegia castaneifolia (Roth) Ding Hou,Nothopegia castaneifolia,Anacardiaceae,Nothopegia,15.48777,74.28354,100.0,2025-12-03,Castlerock_Karambal_Vatla,50 by 10m vegetation plots and a 5 by 10m regeneration plot within
K44,ncf:ceros:atr_ktr:trees:K44,ncf:ceros:atr_ktr:trees:K44:23,Terminalia paniculata B.Heyne ex Roth,Terminalia paniculata,Combretaceae,Terminalia,15.1191,74.68068,100.0,2025-12-05,Kulgi_Kegdal_Amga-East,50 by 10m vegetation plots and a 5 by 10m regeneration plot within
K19,ncf:ceros:atr_ktr:trees:K19,ncf:ceros:atr_ktr:trees:K19:33,Moullava spicata (Dalzell) Nicolson,Moullava spicata,Fabaceae,Moullava,15.05663,74.45597,100.0,2025-11-27,Phansoli_Amboli_Amboli,50 by 10m vegetation plots and a 5 by 10m regeneration plot within
K51,ncf:ceros:atr_ktr:trees:K51,ncf:ceros:atr_ktr:trees:K51:12,Celtis tetrandra Roxb.,Celtis tetrandra,Cannabaceae,Celtis,15.03951,74.51396,100.0,2025-12-07,Gund_Marda_Marda,50 by 10m vegetation plots and a 5 by 10m regeneration plot within
K23,ncf:ceros:atr_ktr:trees:K23,ncf:ceros:atr_ktr:trees:K23:10,Hemidesmus indicus (L.) R.Br.,Hemidesmus indicus,Apocynaceae,Hemidesmus,14.92281,74.33555,100.0,2025-11-28,Kadra_Kadra_Kadra-West,50 by 10m vegetation plots and a 5 by 10m regeneration plot within
K22,ncf:ceros:atr_ktr:trees:K22,ncf:ceros:atr_ktr:trees:K22:19,Microcos paniculata L.,Microcos paniculata,Malvaceae,Microcos,14.87999,74.41013,100.0,2025-11-28,Kadra_Kadra_Balemane,50 by 10m vegetation plots and a 5 by 10m regeneration plot within
K42,ncf:ceros:atr_ktr:trees:K42,ncf:ceros:atr_ktr:trees:K42:13,Diospyros montana Roxb.,Diospyros montana,Ebenaceae,Diospyros,15.1487,74.69531,100.0,2025-12-05,Kulgi_Kegdal_Kalabhavi,50 by 10m vegetation plots and a 5 by 10m regeneration plot within
K50,ncf:ceros:atr_ktr:trees:K50,ncf:ceros:atr_ktr:trees:K50:38,Canthium rheedei DC.,Canthium rheedei,Rubiaceae,Canthium,15.02905,74.50175,100.0,2025-12-06,Gund_Ulavi_Ulavi,50 by 10m vegetation plots and a 5 by 10m regeneration plot within
K34,ncf:ceros:atr_ktr:trees:K34,ncf:ceros:atr_ktr:trees:K34:8,Asparagus Tourn. ex L.,,Asparagaceae,Asparagus,15.42029,74.32832,100.0,2025-12-02,Castlerock_Anmod_Anmod-East,50 by 10m vegetation plots and a 5 by 10m regeneration plot within
K38,ncf:ceros:atr_ktr:trees:K38,ncf:ceros:atr_ktr:trees:K38:3,Bauhinia racemosa Lam.,Bauhinia racemosa,Fabaceae,Bauhinia,15.16349,74.62148,100.0,2025-12-04,Kulgi_Kulgi_Kulgi-South,50 by 10m vegetation plots and a 5 by 10m regeneration plot within
K6,ncf:ceros:atr_ktr:trees:K6,ncf:ceros:atr_ktr:trees:K6:22,Garcinia indica (Thouars) Choisy,Garcinia indica,Clusiaceae,Garcinia,15.01219,74.39533,100.0,2025-11-23,Anshi_Sawanth Matkarni_Sawanth Matkarni,50 by 10m vegetation plots and a 5 by 10m regeneration plot within
K31,ncf:ceros:atr_ktr:trees:K31,ncf:ceros:atr_ktr:trees:K31:60,Uvaria hookeri King,Uvaria hookeri,Annonaceae,Uvaria,15.32309,74.38428,100.0,2025-12-02,Castlerock_NA_Viral,50 by 10m vegetation plots and a 5 by 10m regeneration plot within
K26,ncf:ceros:atr_ktr:trees:K26,ncf:ceros:atr_ktr:trees:K26:43,Syzygium caryophyllatum (L.) Alston,Syzygium caryophyllatum,Myrtaceae,Syzygium,14.94972,74.29521,100.0,2025-11-29,Kadra_Bargadde_Bargadde,50 by 10m vegetation plots and a 5 by 10m regeneration plot within
K1,ncf:ceros:atr_ktr:trees:K1,ncf:ceros:atr_ktr:trees:K1:28,Getonia floribunda Roxb.,Getonia floribunda,Combretaceae,Getonia,14.95109,74.37002,100.0,2025-11-22,Anshi_Anshi_Badpoli,50 by 10m vegetation plots and a 5 by 10m regeneration plot within
K20,ncf:ceros:atr_ktr:trees:K20,ncf:ceros:atr_ktr:trees:K20:27,Xylia xylocarpa (Roxb.) W.Theob.,Xylia xylocarpa,Fabaceae,Xylia,14.8929,74.46011,100.0,2025-11-28,Kadra_Kadra_Balemane,50 by 10m vegetation plots and a 5 by 10m regeneration plot within
K18,ncf:ceros:atr_ktr:trees:K18,ncf:ceros:atr_ktr:trees:K18:11,Catunaregam spinosa (Thunb.) Tirveng.,Catunaregam spinosa,Rubiaceae,Catunaregam,15.09507,74.42705,100.0,2025-11-27,Kumbharwada_Kumbharwada_Kalsai,50 by 10m vegetation plots and a 5 by 10m regeneration plot within
K53,ncf:ceros:atr_ktr:trees:K53,ncf:ceros:atr_ktr:trees:K53:24,Knema attenuata (Hook.fil. & Thomson) Warb.,Knema attenuata,Myristicaceae,Knema,15.05536,74.53871,100.0,2025-12-07,Gund_Tammanagi_Shavale,50 by 10m vegetation plots and a 5 by 10m regeneration plot within
